title,type,part,section,appendix,section_citation,section_heading,agency,chapter_name,subchapter_name,regulated_population,mandate_type,section_primary_mandate_type,queries_matched,excerpt_only,is_ibr_candidate,ecfr_url,retrieved,verified,names_fasb_or_asc
10,Section,1009,1009.2,,10 C.F.R. 1009.2,Definitions.,Department of Energy (General Provisions),Department of Energy (General Provisions),,General Policy for Pricing and Charging for Materials and Services Sold by DOE,binding,binding,generally-accepted-accounting,False,False,https://www.ecfr.gov/current/title-10/section-1009.2,2026-09-11,,false
10,Section,503,503.6,,10 C.F.R. 503.6,Cost calculations for new powerplants and installations.,Department of Energy,Department of Energy,Alternate Fuels,New Facilities,binding,binding,generally-accepted-accounting,False,False,https://www.ecfr.gov/current/title-10/section-503.6,2026-09-11,,false
10,Section,609,609.8,,10 C.F.R. 609.8,Loan guarantee agreement.,Department of Energy,Department of Energy,Assistance Regulations,Loan Guarantees for Clean Energy Projects,binding,binding,generally-accepted-accounting,False,False,https://www.ecfr.gov/current/title-10/section-609.8,2026-09-11,,false
10,Section,609,609.8,,10 C.F.R. 609.8,Loan guarantee agreement.,Department of Energy,Department of Energy,Assistance Regulations,Loan Guarantees for Clean Energy Projects,binding,binding,generally-accepted-accounting,False,False,https://www.ecfr.gov/current/title-10/section-609.8,2026-09-11,,false
10,Section,611,611.102,,10 C.F.R. 611.102,Eligible project costs.,Department of Energy,Department of Energy,Assistance Regulations,Advanced Technology Vehicles Manufacturer Assistance Program,permissive,permissive,generally-accepted-accounting,False,False,https://www.ecfr.gov/current/title-10/section-611.102,2026-09-11,,false
10,Section,765,765.20,,10 C.F.R. 765.20,Procedures for submitting reimbursement claims.,Department of Energy,Department of Energy,,Reimbursement for Costs of Remedial Action at Active Uranium and Thorium Processing Sites,other,other,generally-accepted-accounting,False,False,https://www.ecfr.gov/current/title-10/section-765.20,2026-09-11,,false
10,Section,765,765.3,,10 C.F.R. 765.3,Definitions.,Department of Energy,Department of Energy,,Reimbursement for Costs of Remedial Action at Active Uranium and Thorium Processing Sites,definition,definition,Financial Accounting Standards Board;generally-accepted-accounting,False,False,https://www.ecfr.gov/current/title-10/section-765.3,2026-09-11,,true
10,Section,961,961.11,,10 C.F.R. 961.11,Text of the contract.,Department of Energy,Department of Energy,,Standard Contract for Disposal of Spent Nuclear Fuel and/or High-Level Radioactive Waste,binding,binding,generally-accepted-accounting,False,False,https://www.ecfr.gov/current/title-10/section-961.11,2026-09-11,,false
12,Appendix,1236,,Appendix to Part 1236,"12 C.F.R. pt. 1236, Appendix to Part 1236",,Federal Housing Finance Agency,Federal Housing Finance Agency,Entity Regulations,Prudential Management and Operations Standards,other,other,GAAP;generally-accepted-accounting,True,False,https://www.ecfr.gov/current/title-12/part-1236,2026-09-11,,false
12,Appendix,225,,Appendix A to Part 225,"12 C.F.R. pt. 225, Appendix A to Part 225",,Federal Reserve System,Federal Reserve System,Board of Governors of the Federal Reserve System,Bank Holding Companies and Change in Bank Control (Regulation Y),binding,binding,FASB;GAAP;generally-accepted-accounting,True,False,https://www.ecfr.gov/current/title-12/part-225,2026-09-11,,true
12,Appendix,225,,Appendix A to Part 225,"12 C.F.R. pt. 225, Appendix A to Part 225",,Federal Reserve System,Federal Reserve System,Board of Governors of the Federal Reserve System,Bank Holding Companies and Change in Bank Control (Regulation Y),other,binding,FASB;GAAP;generally-accepted-accounting,True,False,https://www.ecfr.gov/current/title-12/part-225,2026-09-11,,false
12,Appendix,225,,Appendix C to Part 225,"12 C.F.R. pt. 225, Appendix C to Part 225",,Federal Reserve System,Federal Reserve System,Board of Governors of the Federal Reserve System,Bank Holding Companies and Change in Bank Control (Regulation Y),binding,binding,generally-accepted-accounting,True,False,https://www.ecfr.gov/current/title-12/part-225,2026-09-11,,false
12,Appendix,327,,Appendix C to Subpart A of Part 327,"12 C.F.R. pt. 327, Appendix C to Subpart A of Part 327",,Federal Deposit Insurance Corporation,Federal Deposit Insurance Corporation,Regulations and Statements of General Policy,Assessments,other,other,FASB,True,False,https://www.ecfr.gov/current/title-12/part-327,2026-09-11,,true
12,Appendix,363,,Appendix A to Part 363,"12 C.F.R. pt. 363, Appendix A to Part 363",,Federal Deposit Insurance Corporation,Federal Deposit Insurance Corporation,Regulations and Statements of General Policy,Annual Independent Audits and Reporting Requirements,binding,binding,GAAP;generally-accepted-accounting,True,False,https://www.ecfr.gov/current/title-12/part-363,2026-09-11,,false
12,Appendix,363,,Appendix B to Part 363,"12 C.F.R. pt. 363, Appendix B to Part 363",,Federal Deposit Insurance Corporation,Federal Deposit Insurance Corporation,Regulations and Statements of General Policy,Annual Independent Audits and Reporting Requirements,binding,binding,accounting;generally-accepted-accounting,True,False,https://www.ecfr.gov/current/title-12/part-363,2026-09-11,,false
12,Appendix,371,,Appendix B to Part 371,"12 C.F.R. pt. 371, Appendix B to Part 371",,Federal Deposit Insurance Corporation,Federal Deposit Insurance Corporation,Regulations and Statements of General Policy,Recordkeeping Requirements for Qualified Financial Contracts,other,other,GAAP,True,False,https://www.ecfr.gov/current/title-12/part-371,2026-09-11,,false
12,Appendix,652,,Appendix A to Subpart B of Part 652,"12 C.F.R. pt. 652, Appendix A to Subpart B of Part 652",,Farm Credit Administration,Farm Credit Administration,Farm Credit System,Federal Agricultural Mortgage Corporation Funding and Fiscal Affairs,other,other,Accounting Standards Codification;Financial Accounting Standards Board;GAAP,True,False,https://www.ecfr.gov/current/title-12/part-652,2026-09-11,,true
12,Appendix,652,,Appendix A to Subpart B of Part 652,"12 C.F.R. pt. 652, Appendix A to Subpart B of Part 652",,Farm Credit Administration,Farm Credit Administration,Farm Credit System,Federal Agricultural Mortgage Corporation Funding and Fiscal Affairs,other,other,Accounting Standards Codification;Financial Accounting Standards Board;GAAP,True,False,https://www.ecfr.gov/current/title-12/part-652,2026-09-11,,true
12,Appendix,704,,Appendix C to Part 704,"12 C.F.R. pt. 704, Appendix C to Part 704",,National Credit Union Administration,National Credit Union Administration,Regulations Affecting Credit Unions,Corporate Credit Unions,binding,binding,GAAP;generally-accepted-accounting,True,False,https://www.ecfr.gov/current/title-12/part-704,2026-09-11,,false
12,Appendix,741,,Appendix B to Part 741,"12 C.F.R. pt. 741, Appendix B to Part 741",,National Credit Union Administration,National Credit Union Administration,Regulations Affecting Credit Unions,Requirements for Insurance,other,definition,Accounting Standards Codification;FASB;FASB ASC;GAAP;generally-accepted-accounting,True,False,https://www.ecfr.gov/current/title-12/part-741,2026-09-11,,true
12,Appendix,741,,Appendix B to Part 741,"12 C.F.R. pt. 741, Appendix B to Part 741",,National Credit Union Administration,National Credit Union Administration,Regulations Affecting Credit Unions,Requirements for Insurance,definition,definition,Accounting Standards Codification;FASB;FASB ASC;GAAP;generally-accepted-accounting,True,False,https://www.ecfr.gov/current/title-12/part-741,2026-09-11,,true
12,Section,1,1.7,,12 C.F.R. 1.7,Securities held in satisfaction of debts previously contracted; holding period; disposal; accounting treatment; non-speculative purpose.,"Comptroller of the Currency, Department of the Treasury","Comptroller of the Currency, Department of the Treasury",,Investment Securities,binding,binding,generally-accepted-accounting,False,False,https://www.ecfr.gov/current/title-12/section-1.7,2026-09-11,,false
12,Section,1008,1008.303,,12 C.F.R. 1008.303,Financial reporting.,Bureau of Consumer Financial Protection,Bureau of Consumer Financial Protection,,S.A.F.E. Mortgage Licensing Act - State Compliance and Bureau Registration System (Regulation H),binding,binding,GAAP;generally-accepted-accounting,False,False,https://www.ecfr.gov/current/title-12/section-1008.303,2026-09-11,,false
12,Section,1010,1010.212,,12 C.F.R. 1010.212,Financial information.,Bureau of Consumer Financial Protection,Bureau of Consumer Financial Protection,,Land Registration (Regulation J),binding,binding,Financial Accounting Standards Board;generally-accepted-accounting,False,False,https://www.ecfr.gov/current/title-12/section-1010.212,2026-09-11,,true
12,Section,1010,1010.212,,12 C.F.R. 1010.212,Financial information.,Bureau of Consumer Financial Protection,Bureau of Consumer Financial Protection,,Land Registration (Regulation J),binding,binding,Financial Accounting Standards Board;generally-accepted-accounting,False,False,https://www.ecfr.gov/current/title-12/section-1010.212,2026-09-11,,false
12,Section,1201,1201.1,,12 C.F.R. 1201.1,Definitions.,Federal Housing Finance Agency,Federal Housing Finance Agency,Organization and Operations,General Definitions Applying to All Federal Housing Finance Agency Regulations,definition,definition,GAAP;accounting;generally-accepted-accounting,False,False,https://www.ecfr.gov/current/title-12/section-1201.1,2026-09-11,,false
12,Section,1221,1221.2,,12 C.F.R. 1221.2,Definitions.,Federal Housing Finance Agency,Federal Housing Finance Agency,Entity Regulations,Margin and Capital Requirements for Covered Swap Entities,other,other,generally-accepted-accounting,False,False,https://www.ecfr.gov/current/title-12/section-1221.2,2026-09-11,,false
12,Section,1221,1221.2,,12 C.F.R. 1221.2,Definitions.,Federal Housing Finance Agency,Federal Housing Finance Agency,Entity Regulations,Margin and Capital Requirements for Covered Swap Entities,other,other,generally-accepted-accounting,False,False,https://www.ecfr.gov/current/title-12/section-1221.2,2026-09-11,,false
12,Section,1229,1229.1,,12 C.F.R. 1229.1,Definitions.,Federal Housing Finance Agency,Federal Housing Finance Agency,Entity Regulations,Capital Classifications and Prompt Corrective Action,binding,binding,GAAP;generally-accepted-accounting,False,False,https://www.ecfr.gov/current/title-12/section-1229.1,2026-09-11,,false
12,Section,1229,1229.1,,12 C.F.R. 1229.1,Definitions.,Federal Housing Finance Agency,Federal Housing Finance Agency,Entity Regulations,Capital Classifications and Prompt Corrective Action,binding,binding,GAAP;generally-accepted-accounting,False,False,https://www.ecfr.gov/current/title-12/section-1229.1,2026-09-11,,false
12,Section,1231,1231.2,,12 C.F.R. 1231.2,Definitions.,Federal Housing Finance Agency,Federal Housing Finance Agency,Entity Regulations,Golden Parachute and Indemnification Payments,binding,binding,GAAP,False,False,https://www.ecfr.gov/current/title-12/section-1231.2,2026-09-11,,false
12,Section,1234,1234.2,,12 C.F.R. 1234.2,Definitions.,Federal Housing Finance Agency,Federal Housing Finance Agency,Entity Regulations,Credit Risk Retention,definition,definition,GAAP;generally-accepted-accounting,False,False,https://www.ecfr.gov/current/title-12/section-1234.2,2026-09-11,,false
12,Section,1234,1234.2,,12 C.F.R. 1234.2,Definitions.,Federal Housing Finance Agency,Federal Housing Finance Agency,Entity Regulations,Credit Risk Retention,definition,definition,GAAP;generally-accepted-accounting,False,False,https://www.ecfr.gov/current/title-12/section-1234.2,2026-09-11,,false
12,Section,1234,1234.4,,12 C.F.R. 1234.4,Standard risk retention.,Federal Housing Finance Agency,Federal Housing Finance Agency,Entity Regulations,Credit Risk Retention,binding,binding,GAAP,False,False,https://www.ecfr.gov/current/title-12/section-1234.4,2026-09-11,,false
12,Section,1234,1234.5,,12 C.F.R. 1234.5,Revolving pool securitizations.,Federal Housing Finance Agency,Federal Housing Finance Agency,Entity Regulations,Credit Risk Retention,other,other,GAAP,False,False,https://www.ecfr.gov/current/title-12/section-1234.5,2026-09-11,,false
12,Section,1234,1234.5,,12 C.F.R. 1234.5,Revolving pool securitizations.,Federal Housing Finance Agency,Federal Housing Finance Agency,Entity Regulations,Credit Risk Retention,other,other,GAAP,False,False,https://www.ecfr.gov/current/title-12/section-1234.5,2026-09-11,,false
12,Section,1234,1234.6,,12 C.F.R. 1234.6,Eligible ABCP conduits.,Federal Housing Finance Agency,Federal Housing Finance Agency,Entity Regulations,Credit Risk Retention,other,definition,GAAP,False,False,https://www.ecfr.gov/current/title-12/section-1234.6,2026-09-11,,false
12,Section,1234,1234.6,,12 C.F.R. 1234.6,Eligible ABCP conduits.,Federal Housing Finance Agency,Federal Housing Finance Agency,Entity Regulations,Credit Risk Retention,other,definition,GAAP,False,False,https://www.ecfr.gov/current/title-12/section-1234.6,2026-09-11,,false
12,Section,1234,1234.6,,12 C.F.R. 1234.6,Eligible ABCP conduits.,Federal Housing Finance Agency,Federal Housing Finance Agency,Entity Regulations,Credit Risk Retention,definition,definition,GAAP,False,False,https://www.ecfr.gov/current/title-12/section-1234.6,2026-09-11,,false
12,Section,1240,1240.101,,12 C.F.R. 1240.101,Definitions.,Federal Housing Finance Agency,Federal Housing Finance Agency,Enterprises,Capital Adequacy of Enterprises,binding,binding,GAAP,False,False,https://www.ecfr.gov/current/title-12/section-1240.101,2026-09-11,,false
12,Section,1240,1240.11,,12 C.F.R. 1240.11,Capital conservation buffer and leverage buffer.,Federal Housing Finance Agency,Federal Housing Finance Agency,Enterprises,Capital Adequacy of Enterprises,other,other,GAAP,False,False,https://www.ecfr.gov/current/title-12/section-1240.11,2026-09-11,,false
12,Section,1240,1240.20,,12 C.F.R. 1240.20,Capital components and eligibility criteria for regulatory capital instruments.,Federal Housing Finance Agency,Federal Housing Finance Agency,Enterprises,Capital Adequacy of Enterprises,other,other,GAAP,False,False,https://www.ecfr.gov/current/title-12/section-1240.20,2026-09-11,,false
12,Section,1240,1240.20,,12 C.F.R. 1240.20,Capital components and eligibility criteria for regulatory capital instruments.,Federal Housing Finance Agency,Federal Housing Finance Agency,Enterprises,Capital Adequacy of Enterprises,other,other,GAAP,False,False,https://www.ecfr.gov/current/title-12/section-1240.20,2026-09-11,,false
12,Section,1240,1240.20,,12 C.F.R. 1240.20,Capital components and eligibility criteria for regulatory capital instruments.,Federal Housing Finance Agency,Federal Housing Finance Agency,Enterprises,Capital Adequacy of Enterprises,other,other,GAAP,False,False,https://www.ecfr.gov/current/title-12/section-1240.20,2026-09-11,,false
12,Section,1240,1240.22,,12 C.F.R. 1240.22,Regulatory capital adjustments and deductions.,Federal Housing Finance Agency,Federal Housing Finance Agency,Enterprises,Capital Adequacy of Enterprises,other,other,GAAP,False,False,https://www.ecfr.gov/current/title-12/section-1240.22,2026-09-11,,false
12,Section,1240,1240.2,,12 C.F.R. 1240.2,Definitions.,Federal Housing Finance Agency,Federal Housing Finance Agency,Enterprises,Capital Adequacy of Enterprises,binding,binding,GAAP;generally-accepted-accounting,False,False,https://www.ecfr.gov/current/title-12/section-1240.2,2026-09-11,,false
12,Section,1240,1240.2,,12 C.F.R. 1240.2,Definitions.,Federal Housing Finance Agency,Federal Housing Finance Agency,Enterprises,Capital Adequacy of Enterprises,binding,binding,GAAP;generally-accepted-accounting,False,False,https://www.ecfr.gov/current/title-12/section-1240.2,2026-09-11,,false
12,Section,1240,1240.2,,12 C.F.R. 1240.2,Definitions.,Federal Housing Finance Agency,Federal Housing Finance Agency,Enterprises,Capital Adequacy of Enterprises,other,binding,GAAP;generally-accepted-accounting,False,False,https://www.ecfr.gov/current/title-12/section-1240.2,2026-09-11,,false
12,Section,1240,1240.2,,12 C.F.R. 1240.2,Definitions.,Federal Housing Finance Agency,Federal Housing Finance Agency,Enterprises,Capital Adequacy of Enterprises,other,binding,GAAP;generally-accepted-accounting,False,False,https://www.ecfr.gov/current/title-12/section-1240.2,2026-09-11,,false
12,Section,1240,1240.2,,12 C.F.R. 1240.2,Definitions.,Federal Housing Finance Agency,Federal Housing Finance Agency,Enterprises,Capital Adequacy of Enterprises,other,binding,GAAP;generally-accepted-accounting,False,False,https://www.ecfr.gov/current/title-12/section-1240.2,2026-09-11,,false
12,Section,1240,1240.2,,12 C.F.R. 1240.2,Definitions.,Federal Housing Finance Agency,Federal Housing Finance Agency,Enterprises,Capital Adequacy of Enterprises,permissive,binding,GAAP;generally-accepted-accounting,False,False,https://www.ecfr.gov/current/title-12/section-1240.2,2026-09-11,,false
12,Section,1240,1240.2,,12 C.F.R. 1240.2,Definitions.,Federal Housing Finance Agency,Federal Housing Finance Agency,Enterprises,Capital Adequacy of Enterprises,binding,binding,GAAP;generally-accepted-accounting,False,False,https://www.ecfr.gov/current/title-12/section-1240.2,2026-09-11,,false
12,Section,1240,1240.2,,12 C.F.R. 1240.2,Definitions.,Federal Housing Finance Agency,Federal Housing Finance Agency,Enterprises,Capital Adequacy of Enterprises,binding,binding,GAAP;generally-accepted-accounting,False,False,https://www.ecfr.gov/current/title-12/section-1240.2,2026-09-11,,false
12,Section,1240,1240.2,,12 C.F.R. 1240.2,Definitions.,Federal Housing Finance Agency,Federal Housing Finance Agency,Enterprises,Capital Adequacy of Enterprises,binding,binding,GAAP;generally-accepted-accounting,False,False,https://www.ecfr.gov/current/title-12/section-1240.2,2026-09-11,,false
12,Section,1240,1240.2,,12 C.F.R. 1240.2,Definitions.,Federal Housing Finance Agency,Federal Housing Finance Agency,Enterprises,Capital Adequacy of Enterprises,binding,binding,GAAP;generally-accepted-accounting,False,False,https://www.ecfr.gov/current/title-12/section-1240.2,2026-09-11,,false
12,Section,1240,1240.2,,12 C.F.R. 1240.2,Definitions.,Federal Housing Finance Agency,Federal Housing Finance Agency,Enterprises,Capital Adequacy of Enterprises,definition,binding,GAAP;generally-accepted-accounting,False,False,https://www.ecfr.gov/current/title-12/section-1240.2,2026-09-11,,false
12,Section,1240,1240.2,,12 C.F.R. 1240.2,Definitions.,Federal Housing Finance Agency,Federal Housing Finance Agency,Enterprises,Capital Adequacy of Enterprises,definition,binding,GAAP;generally-accepted-accounting,False,False,https://www.ecfr.gov/current/title-12/section-1240.2,2026-09-11,,false
12,Section,1240,1240.2,,12 C.F.R. 1240.2,Definitions.,Federal Housing Finance Agency,Federal Housing Finance Agency,Enterprises,Capital Adequacy of Enterprises,other,binding,GAAP;generally-accepted-accounting,False,False,https://www.ecfr.gov/current/title-12/section-1240.2,2026-09-11,,false
12,Section,1240,1240.41,,12 C.F.R. 1240.41,Operational requirements for CRT and other securitization exposures.,Federal Housing Finance Agency,Federal Housing Finance Agency,Enterprises,Capital Adequacy of Enterprises,other,other,GAAP,False,False,https://www.ecfr.gov/current/title-12/section-1240.41,2026-09-11,,false
12,Section,1240,1240.63,,12 C.F.R. 1240.63,Disclosures.,Federal Housing Finance Agency,Federal Housing Finance Agency,Enterprises,Capital Adequacy of Enterprises,binding,binding,GAAP,False,False,https://www.ecfr.gov/current/title-12/section-1240.63,2026-09-11,,false
12,Section,1240,1240.63,,12 C.F.R. 1240.63,Disclosures.,Federal Housing Finance Agency,Federal Housing Finance Agency,Enterprises,Capital Adequacy of Enterprises,other,binding,GAAP,False,False,https://www.ecfr.gov/current/title-12/section-1240.63,2026-09-11,,false
12,Section,1263,1263.16,,12 C.F.R. 1263.16,Financial condition requirement for insurance company and certain CDFI applicants.,Federal Housing Finance Agency,Federal Housing Finance Agency,Federal Home Loan Banks,Members of the Banks,binding,binding,generally-accepted-accounting,False,False,https://www.ecfr.gov/current/title-12/section-1263.16,2026-09-11,,false
12,Section,1266,1266.1,,12 C.F.R. 1266.1,Definitions.,Federal Housing Finance Agency,Federal Housing Finance Agency,Federal Home Loan Banks,Advances,other,binding,GAAP,False,False,https://www.ecfr.gov/current/title-12/section-1266.1,2026-09-11,,false
12,Section,1266,1266.1,,12 C.F.R. 1266.1,Definitions.,Federal Housing Finance Agency,Federal Housing Finance Agency,Federal Home Loan Banks,Advances,binding,binding,GAAP,False,False,https://www.ecfr.gov/current/title-12/section-1266.1,2026-09-11,,false
12,Section,1266,1266.1,,12 C.F.R. 1266.1,Definitions.,Federal Housing Finance Agency,Federal Housing Finance Agency,Federal Home Loan Banks,Advances,permissive,binding,GAAP,False,False,https://www.ecfr.gov/current/title-12/section-1266.1,2026-09-11,,false
12,Section,1267,1267.4,,12 C.F.R. 1267.4,Limitations and prudential requirements on use of derivative instruments.,Federal Housing Finance Agency,Federal Housing Finance Agency,Federal Home Loan Banks,Federal Home Loan Bank Investments,permissive,permissive,GAAP,False,False,https://www.ecfr.gov/current/title-12/section-1267.4,2026-09-11,,false
12,Section,1273,1273.6,,12 C.F.R. 1273.6,Debt management duties of the OF.,Federal Housing Finance Agency,Federal Housing Finance Agency,Federal Home Loan Banks,Office of Finance,binding,binding,generally-accepted-accounting,False,False,https://www.ecfr.gov/current/title-12/section-1273.6,2026-09-11,,false
12,Section,1277,1277.1,,12 C.F.R. 1277.1,Definitions.,Federal Housing Finance Agency,Federal Housing Finance Agency,Federal Home Loan Banks,"Federal Home Loan Bank Capital Requirements, Capital Stock and Capital Plans",binding,binding,GAAP;generally-accepted-accounting,False,False,https://www.ecfr.gov/current/title-12/section-1277.1,2026-09-11,,false
12,Section,1277,1277.1,,12 C.F.R. 1277.1,Definitions.,Federal Housing Finance Agency,Federal Housing Finance Agency,Federal Home Loan Banks,"Federal Home Loan Bank Capital Requirements, Capital Stock and Capital Plans",binding,binding,GAAP;generally-accepted-accounting,False,False,https://www.ecfr.gov/current/title-12/section-1277.1,2026-09-11,,false
12,Section,1277,1277.1,,12 C.F.R. 1277.1,Definitions.,Federal Housing Finance Agency,Federal Housing Finance Agency,Federal Home Loan Banks,"Federal Home Loan Bank Capital Requirements, Capital Stock and Capital Plans",binding,binding,GAAP;generally-accepted-accounting,False,False,https://www.ecfr.gov/current/title-12/section-1277.1,2026-09-11,,false
12,Section,1278,1278.3,,12 C.F.R. 1278.3,Merger agreement.,Federal Housing Finance Agency,Federal Housing Finance Agency,Federal Home Loan Banks,Voluntary Mergers of Federal Home Loan Banks,other,other,GAAP,False,False,https://www.ecfr.gov/current/title-12/section-1278.3,2026-09-11,,false
12,Section,1278,1278.4,,12 C.F.R. 1278.4,Merger application.,Federal Housing Finance Agency,Federal Housing Finance Agency,Federal Home Loan Banks,Voluntary Mergers of Federal Home Loan Banks,other,other,GAAP,False,False,https://www.ecfr.gov/current/title-12/section-1278.4,2026-09-11,,false
12,Section,1291,1291.1,,12 C.F.R. 1291.1,Definitions.,Federal Housing Finance Agency,Federal Housing Finance Agency,Housing Goals and Mission,Federal Home Loan Banks' Affordable Housing Program,definition,definition,GAAP,False,False,https://www.ecfr.gov/current/title-12/section-1291.1,2026-09-11,,false
12,Section,1412,1412.2,,12 C.F.R. 1412.2,Definitions.,Farm Credit System Insurance Corporation,Farm Credit System Insurance Corporation,,Golden Parachute and Indemnification Payments,permissive,binding,GAAP;generally-accepted-accounting,False,False,https://www.ecfr.gov/current/title-12/section-1412.2,2026-09-11,,false
12,Section,1412,1412.2,,12 C.F.R. 1412.2,Definitions.,Farm Credit System Insurance Corporation,Farm Credit System Insurance Corporation,,Golden Parachute and Indemnification Payments,binding,binding,GAAP;generally-accepted-accounting,False,False,https://www.ecfr.gov/current/title-12/section-1412.2,2026-09-11,,false
12,Section,160,160.160,,12 C.F.R. 160.160,Asset classification.,"Comptroller of the Currency, Department of the Treasury","Comptroller of the Currency, Department of the Treasury",,Lending and Investment,binding,binding,generally-accepted-accounting,False,False,https://www.ecfr.gov/current/title-12/section-160.160,2026-09-11,,false
12,Section,162,162.1,,12 C.F.R. 162.1,Accounting and disclosure standards.,"Comptroller of the Currency, Department of the Treasury","Comptroller of the Currency, Department of the Treasury",,Accounting and Disclosure Standards,binding,binding,GAAP;generally-accepted-accounting,False,False,https://www.ecfr.gov/current/title-12/section-162.1,2026-09-11,,false
12,Section,1808,1808.608,,12 C.F.R. 1808.608,Representations and warranties of Eligible CDFI with respect to each Bond Loan.,"Community Development Financial Institutions Fund, Department of the Treasury","Community Development Financial Institutions Fund, Department of the Treasury",,Community Development Financial Institutions Bond Guarantee Program,other,other,generally-accepted-accounting,False,False,https://www.ecfr.gov/current/title-12/section-1808.608,2026-09-11,,false
12,Section,1808,1808.612,,12 C.F.R. 1808.612,Specific financial covenants of Eligible CDFI.,"Community Development Financial Institutions Fund, Department of the Treasury","Community Development Financial Institutions Fund, Department of the Treasury",,Community Development Financial Institutions Bond Guarantee Program,binding,binding,generally-accepted-accounting,False,False,https://www.ecfr.gov/current/title-12/section-1808.612,2026-09-11,,false
12,Section,192,192.5,,12 C.F.R. 192.5,"Purpose, prescribed forms, waiver.","Comptroller of the Currency, Department of the Treasury","Comptroller of the Currency, Department of the Treasury",,Conversions from Mutual to Stock Form,other,other,generally-accepted-accounting,False,False,https://www.ecfr.gov/current/title-12/section-192.5,2026-09-11,,false
12,Section,192,192.630,,12 C.F.R. 192.630,Eligibility of State-chartered savings bank for voluntary supervisory conversion.,"Comptroller of the Currency, Department of the Treasury","Comptroller of the Currency, Department of the Treasury",,Conversions from Mutual to Stock Form,other,other,generally-accepted-accounting,False,False,https://www.ecfr.gov/current/title-12/section-192.630,2026-09-11,,false
12,Section,208,208.36,,12 C.F.R. 208.36,Reporting requirements for State member banks subject to the Securities Exchange Act of 1934.,Federal Reserve System,Federal Reserve System,Board of Governors of the Federal Reserve System,Membership of State Banking Institutions in the Federal Reserve System (Regulation H),binding,binding,GAAP,False,False,https://www.ecfr.gov/current/title-12/section-208.36,2026-09-11,,false
12,Section,208,208.73,,12 C.F.R. 208.73,What additional provisions are applicable to state member banks with financial subsidiaries?,Federal Reserve System,Federal Reserve System,Board of Governors of the Federal Reserve System,Membership of State Banking Institutions in the Federal Reserve System (Regulation H),binding,binding,generally-accepted-accounting,False,False,https://www.ecfr.gov/current/title-12/section-208.73,2026-09-11,2026-09-11,false
12,Section,211,211.43,,12 C.F.R. 211.43,Allocated transfer risk reserve.,Federal Reserve System,Federal Reserve System,Board of Governors of the Federal Reserve System,International Banking Operations (Regulation K),permissive,permissive,generally-accepted-accounting,False,False,https://www.ecfr.gov/current/title-12/section-211.43,2026-09-11,,false
12,Section,211,211.45,,12 C.F.R. 211.45,Accounting for fees on international loans.,Federal Reserve System,Federal Reserve System,Board of Governors of the Federal Reserve System,International Banking Operations (Regulation K),binding,binding,generally-accepted-accounting,False,False,https://www.ecfr.gov/current/title-12/section-211.45,2026-09-11,,false
12,Section,217,217.101,,12 C.F.R. 217.101,Definitions.,Federal Reserve System,Federal Reserve System,Board of Governors of the Federal Reserve System,"Capital Adequacy of Bank Holding Companies, Savings and Loan Holding Companies, and State Member Banks (Regulation Q)",binding,binding,GAAP,False,False,https://www.ecfr.gov/current/title-12/section-217.101,2026-09-11,,false
12,Section,217,217.10,,12 C.F.R. 217.10,Minimum capital requirements.,Federal Reserve System,Federal Reserve System,Board of Governors of the Federal Reserve System,"Capital Adequacy of Bank Holding Companies, Savings and Loan Holding Companies, and State Member Banks (Regulation Q)",other,binding,GAAP,False,False,https://www.ecfr.gov/current/title-12/section-217.10,2026-09-11,,false
12,Section,217,217.10,,12 C.F.R. 217.10,Minimum capital requirements.,Federal Reserve System,Federal Reserve System,Board of Governors of the Federal Reserve System,"Capital Adequacy of Bank Holding Companies, Savings and Loan Holding Companies, and State Member Banks (Regulation Q)",other,binding,GAAP,False,False,https://www.ecfr.gov/current/title-12/section-217.10,2026-09-11,,false
12,Section,217,217.10,,12 C.F.R. 217.10,Minimum capital requirements.,Federal Reserve System,Federal Reserve System,Board of Governors of the Federal Reserve System,"Capital Adequacy of Bank Holding Companies, Savings and Loan Holding Companies, and State Member Banks (Regulation Q)",binding,binding,GAAP,False,False,https://www.ecfr.gov/current/title-12/section-217.10,2026-09-11,,false
12,Section,217,217.10,,12 C.F.R. 217.10,Minimum capital requirements.,Federal Reserve System,Federal Reserve System,Board of Governors of the Federal Reserve System,"Capital Adequacy of Bank Holding Companies, Savings and Loan Holding Companies, and State Member Banks (Regulation Q)",other,binding,GAAP,False,False,https://www.ecfr.gov/current/title-12/section-217.10,2026-09-11,,false
12,Section,217,217.10,,12 C.F.R. 217.10,Minimum capital requirements.,Federal Reserve System,Federal Reserve System,Board of Governors of the Federal Reserve System,"Capital Adequacy of Bank Holding Companies, Savings and Loan Holding Companies, and State Member Banks (Regulation Q)",permissive,binding,GAAP,False,False,https://www.ecfr.gov/current/title-12/section-217.10,2026-09-11,,false
12,Section,217,217.141,,12 C.F.R. 217.141,Operational criteria for recognizing the transfer of risk.,Federal Reserve System,Federal Reserve System,Board of Governors of the Federal Reserve System,"Capital Adequacy of Bank Holding Companies, Savings and Loan Holding Companies, and State Member Banks (Regulation Q)",other,other,GAAP,False,False,https://www.ecfr.gov/current/title-12/section-217.141,2026-09-11,,false
12,Section,217,217.142,,12 C.F.R. 217.142,Risk-based capital requirement for securitization exposures.,Federal Reserve System,Federal Reserve System,Board of Governors of the Federal Reserve System,"Capital Adequacy of Bank Holding Companies, Savings and Loan Holding Companies, and State Member Banks (Regulation Q)",other,other,GAAP,False,False,https://www.ecfr.gov/current/title-12/section-217.142,2026-09-11,,false
12,Section,217,217.142,,12 C.F.R. 217.142,Risk-based capital requirement for securitization exposures.,Federal Reserve System,Federal Reserve System,Board of Governors of the Federal Reserve System,"Capital Adequacy of Bank Holding Companies, Savings and Loan Holding Companies, and State Member Banks (Regulation Q)",other,other,GAAP,False,False,https://www.ecfr.gov/current/title-12/section-217.142,2026-09-11,,false
12,Section,217,217.173,,12 C.F.R. 217.173,Disclosures by certain advanced approaches Board-regulated institutions and Category III Board-regulated institutions.,Federal Reserve System,Federal Reserve System,Board of Governors of the Federal Reserve System,"Capital Adequacy of Bank Holding Companies, Savings and Loan Holding Companies, and State Member Banks (Regulation Q)",binding,binding,GAAP,False,False,https://www.ecfr.gov/current/title-12/section-217.173,2026-09-11,,false
12,Section,217,217.173,,12 C.F.R. 217.173,Disclosures by certain advanced approaches Board-regulated institutions and Category III Board-regulated institutions.,Federal Reserve System,Federal Reserve System,Board of Governors of the Federal Reserve System,"Capital Adequacy of Bank Holding Companies, Savings and Loan Holding Companies, and State Member Banks (Regulation Q)",other,binding,GAAP,False,False,https://www.ecfr.gov/current/title-12/section-217.173,2026-09-11,,false
12,Section,217,217.173,,12 C.F.R. 217.173,Disclosures by certain advanced approaches Board-regulated institutions and Category III Board-regulated institutions.,Federal Reserve System,Federal Reserve System,Board of Governors of the Federal Reserve System,"Capital Adequacy of Bank Holding Companies, Savings and Loan Holding Companies, and State Member Banks (Regulation Q)",other,binding,GAAP,False,False,https://www.ecfr.gov/current/title-12/section-217.173,2026-09-11,,false
12,Section,217,217.173,,12 C.F.R. 217.173,Disclosures by certain advanced approaches Board-regulated institutions and Category III Board-regulated institutions.,Federal Reserve System,Federal Reserve System,Board of Governors of the Federal Reserve System,"Capital Adequacy of Bank Holding Companies, Savings and Loan Holding Companies, and State Member Banks (Regulation Q)",binding,binding,GAAP,False,False,https://www.ecfr.gov/current/title-12/section-217.173,2026-09-11,,false
12,Section,217,217.173,,12 C.F.R. 217.173,Disclosures by certain advanced approaches Board-regulated institutions and Category III Board-regulated institutions.,Federal Reserve System,Federal Reserve System,Board of Governors of the Federal Reserve System,"Capital Adequacy of Bank Holding Companies, Savings and Loan Holding Companies, and State Member Banks (Regulation Q)",other,binding,GAAP,False,False,https://www.ecfr.gov/current/title-12/section-217.173,2026-09-11,,false
12,Section,217,217.20,,12 C.F.R. 217.20,Capital components and eligibility criteria for regulatory capital instruments.,Federal Reserve System,Federal Reserve System,Board of Governors of the Federal Reserve System,"Capital Adequacy of Bank Holding Companies, Savings and Loan Holding Companies, and State Member Banks (Regulation Q)",other,definition,GAAP,False,False,https://www.ecfr.gov/current/title-12/section-217.20,2026-09-11,,false
12,Section,217,217.20,,12 C.F.R. 217.20,Capital components and eligibility criteria for regulatory capital instruments.,Federal Reserve System,Federal Reserve System,Board of Governors of the Federal Reserve System,"Capital Adequacy of Bank Holding Companies, Savings and Loan Holding Companies, and State Member Banks (Regulation Q)",other,definition,GAAP,False,False,https://www.ecfr.gov/current/title-12/section-217.20,2026-09-11,,false
12,Section,217,217.20,,12 C.F.R. 217.20,Capital components and eligibility criteria for regulatory capital instruments.,Federal Reserve System,Federal Reserve System,Board of Governors of the Federal Reserve System,"Capital Adequacy of Bank Holding Companies, Savings and Loan Holding Companies, and State Member Banks (Regulation Q)",other,definition,GAAP,False,False,https://www.ecfr.gov/current/title-12/section-217.20,2026-09-11,,false
12,Section,217,217.20,,12 C.F.R. 217.20,Capital components and eligibility criteria for regulatory capital instruments.,Federal Reserve System,Federal Reserve System,Board of Governors of the Federal Reserve System,"Capital Adequacy of Bank Holding Companies, Savings and Loan Holding Companies, and State Member Banks (Regulation Q)",definition,definition,GAAP,False,False,https://www.ecfr.gov/current/title-12/section-217.20,2026-09-11,,false
12,Section,217,217.22,,12 C.F.R. 217.22,Regulatory capital adjustments and deductions.,Federal Reserve System,Federal Reserve System,Board of Governors of the Federal Reserve System,"Capital Adequacy of Bank Holding Companies, Savings and Loan Holding Companies, and State Member Banks (Regulation Q)",other,permissive,GAAP,False,False,https://www.ecfr.gov/current/title-12/section-217.22,2026-09-11,,false
12,Section,217,217.22,,12 C.F.R. 217.22,Regulatory capital adjustments and deductions.,Federal Reserve System,Federal Reserve System,Board of Governors of the Federal Reserve System,"Capital Adequacy of Bank Holding Companies, Savings and Loan Holding Companies, and State Member Banks (Regulation Q)",other,permissive,GAAP,False,False,https://www.ecfr.gov/current/title-12/section-217.22,2026-09-11,,false
12,Section,217,217.22,,12 C.F.R. 217.22,Regulatory capital adjustments and deductions.,Federal Reserve System,Federal Reserve System,Board of Governors of the Federal Reserve System,"Capital Adequacy of Bank Holding Companies, Savings and Loan Holding Companies, and State Member Banks (Regulation Q)",other,permissive,GAAP,False,False,https://www.ecfr.gov/current/title-12/section-217.22,2026-09-11,,false
12,Section,217,217.22,,12 C.F.R. 217.22,Regulatory capital adjustments and deductions.,Federal Reserve System,Federal Reserve System,Board of Governors of the Federal Reserve System,"Capital Adequacy of Bank Holding Companies, Savings and Loan Holding Companies, and State Member Banks (Regulation Q)",other,permissive,GAAP,False,False,https://www.ecfr.gov/current/title-12/section-217.22,2026-09-11,,false
12,Section,217,217.22,,12 C.F.R. 217.22,Regulatory capital adjustments and deductions.,Federal Reserve System,Federal Reserve System,Board of Governors of the Federal Reserve System,"Capital Adequacy of Bank Holding Companies, Savings and Loan Holding Companies, and State Member Banks (Regulation Q)",other,permissive,GAAP,False,False,https://www.ecfr.gov/current/title-12/section-217.22,2026-09-11,,false
12,Section,217,217.22,,12 C.F.R. 217.22,Regulatory capital adjustments and deductions.,Federal Reserve System,Federal Reserve System,Board of Governors of the Federal Reserve System,"Capital Adequacy of Bank Holding Companies, Savings and Loan Holding Companies, and State Member Banks (Regulation Q)",other,permissive,GAAP,False,False,https://www.ecfr.gov/current/title-12/section-217.22,2026-09-11,,false
12,Section,217,217.22,,12 C.F.R. 217.22,Regulatory capital adjustments and deductions.,Federal Reserve System,Federal Reserve System,Board of Governors of the Federal Reserve System,"Capital Adequacy of Bank Holding Companies, Savings and Loan Holding Companies, and State Member Banks (Regulation Q)",permissive,permissive,GAAP,False,False,https://www.ecfr.gov/current/title-12/section-217.22,2026-09-11,,false
12,Section,217,217.2,,12 C.F.R. 217.2,Definitions.,Federal Reserve System,Federal Reserve System,Board of Governors of the Federal Reserve System,"Capital Adequacy of Bank Holding Companies, Savings and Loan Holding Companies, and State Member Banks (Regulation Q)",binding,binding,GAAP;generally-accepted-accounting,False,False,https://www.ecfr.gov/current/title-12/section-217.2,2026-09-11,,false
12,Section,217,217.2,,12 C.F.R. 217.2,Definitions.,Federal Reserve System,Federal Reserve System,Board of Governors of the Federal Reserve System,"Capital Adequacy of Bank Holding Companies, Savings and Loan Holding Companies, and State Member Banks (Regulation Q)",binding,binding,GAAP;generally-accepted-accounting,False,False,https://www.ecfr.gov/current/title-12/section-217.2,2026-09-11,,false
12,Section,217,217.2,,12 C.F.R. 217.2,Definitions.,Federal Reserve System,Federal Reserve System,Board of Governors of the Federal Reserve System,"Capital Adequacy of Bank Holding Companies, Savings and Loan Holding Companies, and State Member Banks (Regulation Q)",binding,binding,GAAP;generally-accepted-accounting,False,False,https://www.ecfr.gov/current/title-12/section-217.2,2026-09-11,,false
12,Section,217,217.2,,12 C.F.R. 217.2,Definitions.,Federal Reserve System,Federal Reserve System,Board of Governors of the Federal Reserve System,"Capital Adequacy of Bank Holding Companies, Savings and Loan Holding Companies, and State Member Banks (Regulation Q)",binding,binding,GAAP;generally-accepted-accounting,False,False,https://www.ecfr.gov/current/title-12/section-217.2,2026-09-11,,false
12,Section,217,217.2,,12 C.F.R. 217.2,Definitions.,Federal Reserve System,Federal Reserve System,Board of Governors of the Federal Reserve System,"Capital Adequacy of Bank Holding Companies, Savings and Loan Holding Companies, and State Member Banks (Regulation Q)",binding,binding,GAAP;generally-accepted-accounting,False,False,https://www.ecfr.gov/current/title-12/section-217.2,2026-09-11,,false
12,Section,217,217.2,,12 C.F.R. 217.2,Definitions.,Federal Reserve System,Federal Reserve System,Board of Governors of the Federal Reserve System,"Capital Adequacy of Bank Holding Companies, Savings and Loan Holding Companies, and State Member Banks (Regulation Q)",binding,binding,GAAP;generally-accepted-accounting,False,False,https://www.ecfr.gov/current/title-12/section-217.2,2026-09-11,,false
12,Section,217,217.2,,12 C.F.R. 217.2,Definitions.,Federal Reserve System,Federal Reserve System,Board of Governors of the Federal Reserve System,"Capital Adequacy of Bank Holding Companies, Savings and Loan Holding Companies, and State Member Banks (Regulation Q)",definition,binding,GAAP;generally-accepted-accounting,False,False,https://www.ecfr.gov/current/title-12/section-217.2,2026-09-11,,false
12,Section,217,217.2,,12 C.F.R. 217.2,Definitions.,Federal Reserve System,Federal Reserve System,Board of Governors of the Federal Reserve System,"Capital Adequacy of Bank Holding Companies, Savings and Loan Holding Companies, and State Member Banks (Regulation Q)",definition,binding,GAAP;generally-accepted-accounting,False,False,https://www.ecfr.gov/current/title-12/section-217.2,2026-09-11,,false
12,Section,217,217.2,,12 C.F.R. 217.2,Definitions.,Federal Reserve System,Federal Reserve System,Board of Governors of the Federal Reserve System,"Capital Adequacy of Bank Holding Companies, Savings and Loan Holding Companies, and State Member Banks (Regulation Q)",other,binding,GAAP;generally-accepted-accounting,False,False,https://www.ecfr.gov/current/title-12/section-217.2,2026-09-11,,false
12,Section,217,217.2,,12 C.F.R. 217.2,Definitions.,Federal Reserve System,Federal Reserve System,Board of Governors of the Federal Reserve System,"Capital Adequacy of Bank Holding Companies, Savings and Loan Holding Companies, and State Member Banks (Regulation Q)",definition,binding,GAAP;generally-accepted-accounting,False,False,https://www.ecfr.gov/current/title-12/section-217.2,2026-09-11,,false
12,Section,217,217.2,,12 C.F.R. 217.2,Definitions.,Federal Reserve System,Federal Reserve System,Board of Governors of the Federal Reserve System,"Capital Adequacy of Bank Holding Companies, Savings and Loan Holding Companies, and State Member Banks (Regulation Q)",definition,binding,GAAP;generally-accepted-accounting,False,False,https://www.ecfr.gov/current/title-12/section-217.2,2026-09-11,,false
12,Section,217,217.2,,12 C.F.R. 217.2,Definitions.,Federal Reserve System,Federal Reserve System,Board of Governors of the Federal Reserve System,"Capital Adequacy of Bank Holding Companies, Savings and Loan Holding Companies, and State Member Banks (Regulation Q)",other,binding,GAAP;generally-accepted-accounting,False,False,https://www.ecfr.gov/current/title-12/section-217.2,2026-09-11,,false
12,Section,217,217.2,,12 C.F.R. 217.2,Definitions.,Federal Reserve System,Federal Reserve System,Board of Governors of the Federal Reserve System,"Capital Adequacy of Bank Holding Companies, Savings and Loan Holding Companies, and State Member Banks (Regulation Q)",definition,binding,GAAP;generally-accepted-accounting,False,False,https://www.ecfr.gov/current/title-12/section-217.2,2026-09-11,,false
12,Section,217,217.2,,12 C.F.R. 217.2,Definitions.,Federal Reserve System,Federal Reserve System,Board of Governors of the Federal Reserve System,"Capital Adequacy of Bank Holding Companies, Savings and Loan Holding Companies, and State Member Banks (Regulation Q)",binding,binding,GAAP;generally-accepted-accounting,False,False,https://www.ecfr.gov/current/title-12/section-217.2,2026-09-11,,false
12,Section,217,217.2,,12 C.F.R. 217.2,Definitions.,Federal Reserve System,Federal Reserve System,Board of Governors of the Federal Reserve System,"Capital Adequacy of Bank Holding Companies, Savings and Loan Holding Companies, and State Member Banks (Regulation Q)",binding,binding,GAAP;generally-accepted-accounting,False,False,https://www.ecfr.gov/current/title-12/section-217.2,2026-09-11,,false
12,Section,217,217.2,,12 C.F.R. 217.2,Definitions.,Federal Reserve System,Federal Reserve System,Board of Governors of the Federal Reserve System,"Capital Adequacy of Bank Holding Companies, Savings and Loan Holding Companies, and State Member Banks (Regulation Q)",binding,binding,GAAP;generally-accepted-accounting,False,False,https://www.ecfr.gov/current/title-12/section-217.2,2026-09-11,,false
12,Section,217,217.301,,12 C.F.R. 217.301,Current expected credit losses (CECL) transition.,Federal Reserve System,Federal Reserve System,Board of Governors of the Federal Reserve System,"Capital Adequacy of Bank Holding Companies, Savings and Loan Holding Companies, and State Member Banks (Regulation Q)",definition,binding,GAAP,False,False,https://www.ecfr.gov/current/title-12/section-217.301,2026-09-11,,false
12,Section,217,217.301,,12 C.F.R. 217.301,Current expected credit losses (CECL) transition.,Federal Reserve System,Federal Reserve System,Board of Governors of the Federal Reserve System,"Capital Adequacy of Bank Holding Companies, Savings and Loan Holding Companies, and State Member Banks (Regulation Q)",permissive,binding,GAAP,False,False,https://www.ecfr.gov/current/title-12/section-217.301,2026-09-11,,false
12,Section,217,217.301,,12 C.F.R. 217.301,Current expected credit losses (CECL) transition.,Federal Reserve System,Federal Reserve System,Board of Governors of the Federal Reserve System,"Capital Adequacy of Bank Holding Companies, Savings and Loan Holding Companies, and State Member Banks (Regulation Q)",binding,binding,GAAP,False,False,https://www.ecfr.gov/current/title-12/section-217.301,2026-09-11,,false
12,Section,217,217.301,,12 C.F.R. 217.301,Current expected credit losses (CECL) transition.,Federal Reserve System,Federal Reserve System,Board of Governors of the Federal Reserve System,"Capital Adequacy of Bank Holding Companies, Savings and Loan Holding Companies, and State Member Banks (Regulation Q)",other,binding,GAAP,False,False,https://www.ecfr.gov/current/title-12/section-217.301,2026-09-11,,false
12,Section,217,217.401,,12 C.F.R. 217.401,Definitions.,Federal Reserve System,Federal Reserve System,Board of Governors of the Federal Reserve System,"Capital Adequacy of Bank Holding Companies, Savings and Loan Holding Companies, and State Member Banks (Regulation Q)",definition,definition,GAAP;generally-accepted-accounting,False,False,https://www.ecfr.gov/current/title-12/section-217.401,2026-09-11,,false
12,Section,217,217.406,,12 C.F.R. 217.406,Short-term wholesale funding score.,Federal Reserve System,Federal Reserve System,Board of Governors of the Federal Reserve System,"Capital Adequacy of Bank Holding Companies, Savings and Loan Holding Companies, and State Member Banks (Regulation Q)",binding,binding,GAAP,False,False,https://www.ecfr.gov/current/title-12/section-217.406,2026-09-11,,false
12,Section,217,217.406,,12 C.F.R. 217.406,Short-term wholesale funding score.,Federal Reserve System,Federal Reserve System,Board of Governors of the Federal Reserve System,"Capital Adequacy of Bank Holding Companies, Savings and Loan Holding Companies, and State Member Banks (Regulation Q)",binding,binding,GAAP,False,False,https://www.ecfr.gov/current/title-12/section-217.406,2026-09-11,,false
12,Section,217,217.41,,12 C.F.R. 217.41,Operational requirements for securitization exposures.,Federal Reserve System,Federal Reserve System,Board of Governors of the Federal Reserve System,"Capital Adequacy of Bank Holding Companies, Savings and Loan Holding Companies, and State Member Banks (Regulation Q)",other,other,GAAP,False,False,https://www.ecfr.gov/current/title-12/section-217.41,2026-09-11,,false
12,Section,217,217.42,,12 C.F.R. 217.42,Risk-weighted assets for securitization exposures.,Federal Reserve System,Federal Reserve System,Board of Governors of the Federal Reserve System,"Capital Adequacy of Bank Holding Companies, Savings and Loan Holding Companies, and State Member Banks (Regulation Q)",binding,binding,GAAP,False,False,https://www.ecfr.gov/current/title-12/section-217.42,2026-09-11,,false
12,Section,217,217.42,,12 C.F.R. 217.42,Risk-weighted assets for securitization exposures.,Federal Reserve System,Federal Reserve System,Board of Governors of the Federal Reserve System,"Capital Adequacy of Bank Holding Companies, Savings and Loan Holding Companies, and State Member Banks (Regulation Q)",other,binding,GAAP,False,False,https://www.ecfr.gov/current/title-12/section-217.42,2026-09-11,,false
12,Section,217,217.601,,12 C.F.R. 217.601,"Purpose, applicability, and reservations of authority.",Federal Reserve System,Federal Reserve System,Board of Governors of the Federal Reserve System,"Capital Adequacy of Bank Holding Companies, Savings and Loan Holding Companies, and State Member Banks (Regulation Q)",binding,binding,GAAP,False,False,https://www.ecfr.gov/current/title-12/section-217.601,2026-09-11,,false
12,Section,217,217.602,,12 C.F.R. 217.602,Definitions.,Federal Reserve System,Federal Reserve System,Board of Governors of the Federal Reserve System,"Capital Adequacy of Bank Holding Companies, Savings and Loan Holding Companies, and State Member Banks (Regulation Q)",binding,binding,GAAP,False,False,https://www.ecfr.gov/current/title-12/section-217.602,2026-09-11,,false
12,Section,217,217.608,,12 C.F.R. 217.608,Available capital resources under the Building Block Approach.,Federal Reserve System,Federal Reserve System,Board of Governors of the Federal Reserve System,"Capital Adequacy of Bank Holding Companies, Savings and Loan Holding Companies, and State Member Banks (Regulation Q)",other,other,GAAP,False,False,https://www.ecfr.gov/current/title-12/section-217.608,2026-09-11,,false
12,Section,217,217.608,,12 C.F.R. 217.608,Available capital resources under the Building Block Approach.,Federal Reserve System,Federal Reserve System,Board of Governors of the Federal Reserve System,"Capital Adequacy of Bank Holding Companies, Savings and Loan Holding Companies, and State Member Banks (Regulation Q)",other,other,GAAP,False,False,https://www.ecfr.gov/current/title-12/section-217.608,2026-09-11,,false
12,Section,217,217.63,,12 C.F.R. 217.63,Disclosures by Board-regulated institutions described in § 217.61.,Federal Reserve System,Federal Reserve System,Board of Governors of the Federal Reserve System,"Capital Adequacy of Bank Holding Companies, Savings and Loan Holding Companies, and State Member Banks (Regulation Q)",binding,binding,GAAP,False,False,https://www.ecfr.gov/current/title-12/section-217.63,2026-09-11,,false
12,Section,217,217.63,,12 C.F.R. 217.63,Disclosures by Board-regulated institutions described in § 217.61.,Federal Reserve System,Federal Reserve System,Board of Governors of the Federal Reserve System,"Capital Adequacy of Bank Holding Companies, Savings and Loan Holding Companies, and State Member Banks (Regulation Q)",other,binding,GAAP,False,False,https://www.ecfr.gov/current/title-12/section-217.63,2026-09-11,,false
12,Section,217,217.63,,12 C.F.R. 217.63,Disclosures by Board-regulated institutions described in § 217.61.,Federal Reserve System,Federal Reserve System,Board of Governors of the Federal Reserve System,"Capital Adequacy of Bank Holding Companies, Savings and Loan Holding Companies, and State Member Banks (Regulation Q)",other,binding,GAAP,False,False,https://www.ecfr.gov/current/title-12/section-217.63,2026-09-11,,false
12,Section,217,217.63,,12 C.F.R. 217.63,Disclosures by Board-regulated institutions described in § 217.61.,Federal Reserve System,Federal Reserve System,Board of Governors of the Federal Reserve System,"Capital Adequacy of Bank Holding Companies, Savings and Loan Holding Companies, and State Member Banks (Regulation Q)",binding,binding,GAAP,False,False,https://www.ecfr.gov/current/title-12/section-217.63,2026-09-11,,false
12,Section,217,217.63,,12 C.F.R. 217.63,Disclosures by Board-regulated institutions described in § 217.61.,Federal Reserve System,Federal Reserve System,Board of Governors of the Federal Reserve System,"Capital Adequacy of Bank Holding Companies, Savings and Loan Holding Companies, and State Member Banks (Regulation Q)",other,binding,GAAP,False,False,https://www.ecfr.gov/current/title-12/section-217.63,2026-09-11,,false
12,Section,223,223.22,,12 C.F.R. 223.22,What valuation and timing principles apply to asset purchases?,Federal Reserve System,Federal Reserve System,Board of Governors of the Federal Reserve System,Transactions Between Member Banks and Their Affiliates (Regulation W),permissive,permissive,GAAP,False,False,https://www.ecfr.gov/current/title-12/section-223.22,2026-09-11,,false
12,Section,223,223.23,,12 C.F.R. 223.23,What valuation and timing principles apply to purchases of and investments in securities issued by an affiliate?,Federal Reserve System,Federal Reserve System,Board of Governors of the Federal Reserve System,Transactions Between Member Banks and Their Affiliates (Regulation W),binding,binding,GAAP,False,False,https://www.ecfr.gov/current/title-12/section-223.23,2026-09-11,,false
12,Section,223,223.31,,12 C.F.R. 223.31,How does section 23A apply to a member bank's acquisition of an affiliate that becomes an operating subsidiary of the member bank after the acquisition?,Federal Reserve System,Federal Reserve System,Board of Governors of the Federal Reserve System,Transactions Between Member Banks and Their Affiliates (Regulation W),binding,binding,GAAP,False,False,https://www.ecfr.gov/current/title-12/section-223.31,2026-09-11,,false
12,Section,223,223.32,,12 C.F.R. 223.32,What rules apply to financial subsidiaries of a member bank?,Federal Reserve System,Federal Reserve System,Board of Governors of the Federal Reserve System,Transactions Between Member Banks and Their Affiliates (Regulation W),binding,binding,GAAP,False,False,https://www.ecfr.gov/current/title-12/section-223.32,2026-09-11,,false
12,Section,223,223.32,,12 C.F.R. 223.32,What rules apply to financial subsidiaries of a member bank?,Federal Reserve System,Federal Reserve System,Board of Governors of the Federal Reserve System,Transactions Between Member Banks and Their Affiliates (Regulation W),binding,binding,GAAP,False,False,https://www.ecfr.gov/current/title-12/section-223.32,2026-09-11,,false
12,Section,223,223.32,,12 C.F.R. 223.32,What rules apply to financial subsidiaries of a member bank?,Federal Reserve System,Federal Reserve System,Board of Governors of the Federal Reserve System,Transactions Between Member Banks and Their Affiliates (Regulation W),other,binding,GAAP,False,False,https://www.ecfr.gov/current/title-12/section-223.32,2026-09-11,,false
12,Section,223,223.32,,12 C.F.R. 223.32,What rules apply to financial subsidiaries of a member bank?,Federal Reserve System,Federal Reserve System,Board of Governors of the Federal Reserve System,Transactions Between Member Banks and Their Affiliates (Regulation W),binding,binding,GAAP,False,False,https://www.ecfr.gov/current/title-12/section-223.32,2026-09-11,,false
12,Section,223,223.32,,12 C.F.R. 223.32,What rules apply to financial subsidiaries of a member bank?,Federal Reserve System,Federal Reserve System,Board of Governors of the Federal Reserve System,Transactions Between Member Banks and Their Affiliates (Regulation W),other,binding,GAAP,False,False,https://www.ecfr.gov/current/title-12/section-223.32,2026-09-11,,false
12,Section,223,223.3,,12 C.F.R. 223.3,What are the meanings of the other terms used in sections 23A and 23B and this part?,Federal Reserve System,Federal Reserve System,Board of Governors of the Federal Reserve System,Transactions Between Member Banks and Their Affiliates (Regulation W),binding,binding,GAAP;generally-accepted-accounting,False,False,https://www.ecfr.gov/current/title-12/section-223.3,2026-09-11,,false
12,Section,223,223.3,,12 C.F.R. 223.3,What are the meanings of the other terms used in sections 23A and 23B and this part?,Federal Reserve System,Federal Reserve System,Board of Governors of the Federal Reserve System,Transactions Between Member Banks and Their Affiliates (Regulation W),definition,binding,GAAP;generally-accepted-accounting,False,False,https://www.ecfr.gov/current/title-12/section-223.3,2026-09-11,,false
12,Section,225,225.124,,12 C.F.R. 225.124,Foreign bank holding companies.,Federal Reserve System,Federal Reserve System,Board of Governors of the Federal Reserve System,Bank Holding Companies and Change in Bank Control (Regulation Y),other,other,generally-accepted-accounting,False,False,https://www.ecfr.gov/current/title-12/section-225.124,2026-09-11,,false
12,Section,225,225.142,,12 C.F.R. 225.142,"Statement of policy concerning bank holding companies engaging in futures, forward and options contracts on U.S. Government and agency securities and money market instruments.",Federal Reserve System,Federal Reserve System,Board of Governors of the Federal Reserve System,Bank Holding Companies and Change in Bank Control (Regulation Y),other,other,Financial Accounting Standards Board,False,False,https://www.ecfr.gov/current/title-12/section-225.142,2026-09-11,,true
12,Section,225,225.32,,12 C.F.R. 225.32,Rebuttable presumptions of control of a company.,Federal Reserve System,Federal Reserve System,Board of Governors of the Federal Reserve System,Bank Holding Companies and Change in Bank Control (Regulation Y),other,other,generally-accepted-accounting,False,False,https://www.ecfr.gov/current/title-12/section-225.32,2026-09-11,,false
12,Section,225,225.34,,12 C.F.R. 225.34,Total equity.,Federal Reserve System,Federal Reserve System,Board of Governors of the Federal Reserve System,Bank Holding Companies and Change in Bank Control (Regulation Y),other,binding,generally-accepted-accounting,False,False,https://www.ecfr.gov/current/title-12/section-225.34,2026-09-11,,false
12,Section,225,225.34,,12 C.F.R. 225.34,Total equity.,Federal Reserve System,Federal Reserve System,Board of Governors of the Federal Reserve System,Bank Holding Companies and Change in Bank Control (Regulation Y),binding,binding,generally-accepted-accounting,False,False,https://www.ecfr.gov/current/title-12/section-225.34,2026-09-11,,false
12,Section,225,225.34,,12 C.F.R. 225.34,Total equity.,Federal Reserve System,Federal Reserve System,Board of Governors of the Federal Reserve System,Bank Holding Companies and Change in Bank Control (Regulation Y),binding,binding,generally-accepted-accounting,False,False,https://www.ecfr.gov/current/title-12/section-225.34,2026-09-11,,false
12,Section,225,225.34,,12 C.F.R. 225.34,Total equity.,Federal Reserve System,Federal Reserve System,Board of Governors of the Federal Reserve System,Bank Holding Companies and Change in Bank Control (Regulation Y),other,binding,generally-accepted-accounting,False,False,https://www.ecfr.gov/current/title-12/section-225.34,2026-09-11,,false
12,Section,225,225.34,,12 C.F.R. 225.34,Total equity.,Federal Reserve System,Federal Reserve System,Board of Governors of the Federal Reserve System,Bank Holding Companies and Change in Bank Control (Regulation Y),other,binding,generally-accepted-accounting,False,False,https://www.ecfr.gov/current/title-12/section-225.34,2026-09-11,,false
12,Section,237,237.2,,12 C.F.R. 237.2,Definitions.,Federal Reserve System,Federal Reserve System,Board of Governors of the Federal Reserve System,Swaps Margin and Swaps Push-out,other,other,generally-accepted-accounting,False,False,https://www.ecfr.gov/current/title-12/section-237.2,2026-09-11,,false
12,Section,237,237.2,,12 C.F.R. 237.2,Definitions.,Federal Reserve System,Federal Reserve System,Board of Governors of the Federal Reserve System,Swaps Margin and Swaps Push-out,other,other,generally-accepted-accounting,False,False,https://www.ecfr.gov/current/title-12/section-237.2,2026-09-11,,false
12,Section,238,238.130,,12 C.F.R. 238.130,Definitions.,Federal Reserve System,Federal Reserve System,Board of Governors of the Federal Reserve System,Savings and Loan Holding Companies (Regulation LL),other,other,GAAP,False,False,https://www.ecfr.gov/current/title-12/section-238.130,2026-09-11,,false
12,Section,238,238.141,,12 C.F.R. 238.141,Definitions.,Federal Reserve System,Federal Reserve System,Board of Governors of the Federal Reserve System,Savings and Loan Holding Companies (Regulation LL),other,other,GAAP,False,False,https://www.ecfr.gov/current/title-12/section-238.141,2026-09-11,,false
12,Section,238,238.22,,12 C.F.R. 238.22,Rebuttable presumptions of control of a company.,Federal Reserve System,Federal Reserve System,Board of Governors of the Federal Reserve System,Savings and Loan Holding Companies (Regulation LL),other,other,generally-accepted-accounting,False,False,https://www.ecfr.gov/current/title-12/section-238.22,2026-09-11,,false
12,Section,238,238.2,,12 C.F.R. 238.2,Definitions.,Federal Reserve System,Federal Reserve System,Board of Governors of the Federal Reserve System,Savings and Loan Holding Companies (Regulation LL),definition,binding,GAAP;generally-accepted-accounting,False,False,https://www.ecfr.gov/current/title-12/section-238.2,2026-09-11,,false
12,Section,238,238.2,,12 C.F.R. 238.2,Definitions.,Federal Reserve System,Federal Reserve System,Board of Governors of the Federal Reserve System,Savings and Loan Holding Companies (Regulation LL),definition,binding,GAAP;generally-accepted-accounting,False,False,https://www.ecfr.gov/current/title-12/section-238.2,2026-09-11,,false
12,Section,238,238.2,,12 C.F.R. 238.2,Definitions.,Federal Reserve System,Federal Reserve System,Board of Governors of the Federal Reserve System,Savings and Loan Holding Companies (Regulation LL),binding,binding,GAAP;generally-accepted-accounting,False,False,https://www.ecfr.gov/current/title-12/section-238.2,2026-09-11,,false
12,Section,238,238.2,,12 C.F.R. 238.2,Definitions.,Federal Reserve System,Federal Reserve System,Board of Governors of the Federal Reserve System,Savings and Loan Holding Companies (Regulation LL),definition,binding,GAAP;generally-accepted-accounting,False,False,https://www.ecfr.gov/current/title-12/section-238.2,2026-09-11,,false
12,Section,238,238.4,,12 C.F.R. 238.4,"Records, reports, and inspections.",Federal Reserve System,Federal Reserve System,Board of Governors of the Federal Reserve System,Savings and Loan Holding Companies (Regulation LL),binding,binding,GAAP,False,False,https://www.ecfr.gov/current/title-12/section-238.4,2026-09-11,,false
12,Section,239,239.4,,12 C.F.R. 239.4,Grounds for disapproval of reorganizations.,Federal Reserve System,Federal Reserve System,Board of Governors of the Federal Reserve System,Mutual Holding Companies (Regulation MM),binding,binding,generally-accepted-accounting,False,False,https://www.ecfr.gov/current/title-12/section-239.4,2026-09-11,,false
12,Section,24,24.4,,12 C.F.R. 24.4,Investment limits.,"Comptroller of the Currency, Department of the Treasury","Comptroller of the Currency, Department of the Treasury",,"Community and Economic Development Entities, Community Development Projects, and Other Public Welfare Investments",other,other,generally-accepted-accounting,False,False,https://www.ecfr.gov/current/title-12/section-24.4,2026-09-11,,false
12,Section,242,242.2,,12 C.F.R. 242.2,Definitions.,Federal Reserve System,Federal Reserve System,Board of Governors of the Federal Reserve System,Definitions Relating to Title I of the Dodd-Frank Act (Regulation PP),other,other,GAAP;generally-accepted-accounting,False,False,https://www.ecfr.gov/current/title-12/section-242.2,2026-09-11,,false
12,Section,244,244.14,,12 C.F.R. 244.14,"Definitions applicable to qualifying commercial loans, qualifying commercial real estate loans, and qualifying automobile loans.",Federal Reserve System,Federal Reserve System,Board of Governors of the Federal Reserve System,Credit Risk Retention (Regulation RR),binding,binding,GAAP,False,False,https://www.ecfr.gov/current/title-12/section-244.14,2026-09-11,,false
12,Section,244,244.14,,12 C.F.R. 244.14,"Definitions applicable to qualifying commercial loans, qualifying commercial real estate loans, and qualifying automobile loans.",Federal Reserve System,Federal Reserve System,Board of Governors of the Federal Reserve System,Credit Risk Retention (Regulation RR),binding,binding,GAAP,False,False,https://www.ecfr.gov/current/title-12/section-244.14,2026-09-11,,false
12,Section,244,244.2,,12 C.F.R. 244.2,Definitions.,Federal Reserve System,Federal Reserve System,Board of Governors of the Federal Reserve System,Credit Risk Retention (Regulation RR),definition,definition,GAAP;generally-accepted-accounting,False,False,https://www.ecfr.gov/current/title-12/section-244.2,2026-09-11,,false
12,Section,244,244.2,,12 C.F.R. 244.2,Definitions.,Federal Reserve System,Federal Reserve System,Board of Governors of the Federal Reserve System,Credit Risk Retention (Regulation RR),definition,definition,GAAP;generally-accepted-accounting,False,False,https://www.ecfr.gov/current/title-12/section-244.2,2026-09-11,,false
12,Section,244,244.4,,12 C.F.R. 244.4,Standard risk retention.,Federal Reserve System,Federal Reserve System,Board of Governors of the Federal Reserve System,Credit Risk Retention (Regulation RR),binding,binding,GAAP,False,False,https://www.ecfr.gov/current/title-12/section-244.4,2026-09-11,,false
12,Section,244,244.5,,12 C.F.R. 244.5,Revolving pool securitizations.,Federal Reserve System,Federal Reserve System,Board of Governors of the Federal Reserve System,Credit Risk Retention (Regulation RR),other,other,GAAP,False,False,https://www.ecfr.gov/current/title-12/section-244.5,2026-09-11,,false
12,Section,244,244.5,,12 C.F.R. 244.5,Revolving pool securitizations.,Federal Reserve System,Federal Reserve System,Board of Governors of the Federal Reserve System,Credit Risk Retention (Regulation RR),other,other,GAAP,False,False,https://www.ecfr.gov/current/title-12/section-244.5,2026-09-11,,false
12,Section,244,244.6,,12 C.F.R. 244.6,Eligible ABCP conduits.,Federal Reserve System,Federal Reserve System,Board of Governors of the Federal Reserve System,Credit Risk Retention (Regulation RR),other,definition,GAAP,False,False,https://www.ecfr.gov/current/title-12/section-244.6,2026-09-11,,false
12,Section,244,244.6,,12 C.F.R. 244.6,Eligible ABCP conduits.,Federal Reserve System,Federal Reserve System,Board of Governors of the Federal Reserve System,Credit Risk Retention (Regulation RR),other,definition,GAAP,False,False,https://www.ecfr.gov/current/title-12/section-244.6,2026-09-11,,false
12,Section,244,244.6,,12 C.F.R. 244.6,Eligible ABCP conduits.,Federal Reserve System,Federal Reserve System,Board of Governors of the Federal Reserve System,Credit Risk Retention (Regulation RR),definition,definition,GAAP,False,False,https://www.ecfr.gov/current/title-12/section-244.6,2026-09-11,,false
12,Section,246,246.2,,12 C.F.R. 246.2,Definitions.,Federal Reserve System,Federal Reserve System,Board of Governors of the Federal Reserve System,Supervision and Regulation Assessments of Fees (Regulation TT),definition,definition,GAAP;generally-accepted-accounting,False,False,https://www.ecfr.gov/current/title-12/section-246.2,2026-09-11,,false
12,Section,246,246.3,,12 C.F.R. 246.3,Assessed companies.,Federal Reserve System,Federal Reserve System,Board of Governors of the Federal Reserve System,Supervision and Regulation Assessments of Fees (Regulation TT),permissive,permissive,GAAP,False,False,https://www.ecfr.gov/current/title-12/section-246.3,2026-09-11,,false
12,Section,246,246.4,,12 C.F.R. 246.4,Assessments.,Federal Reserve System,Federal Reserve System,Board of Governors of the Federal Reserve System,Supervision and Regulation Assessments of Fees (Regulation TT),permissive,permissive,GAAP,False,False,https://www.ecfr.gov/current/title-12/section-246.4,2026-09-11,,false
12,Section,248,248.10,,12 C.F.R. 248.10,Prohibition on acquiring or retaining an ownership interest in and having certain relationships with a covered fund.,Federal Reserve System,Federal Reserve System,Board of Governors of the Federal Reserve System,Proprietary Trading and Certain Interests in and Relationships with Covered Funds (Regulation VV),definition,definition,generally-accepted-accounting,False,False,https://www.ecfr.gov/current/title-12/section-248.10,2026-09-11,2026-09-11,false
12,Section,249,249.107,,12 C.F.R. 249.107,Calculation of NSFR derivatives amounts.,Federal Reserve System,Federal Reserve System,Board of Governors of the Federal Reserve System,"Liquidity Risk Measurement, Standards, and Monitoring (Regulation WW)",binding,binding,GAAP,False,False,https://www.ecfr.gov/current/title-12/section-249.107,2026-09-11,,false
12,Section,249,249.32,,12 C.F.R. 249.32,Outflow amounts.,Federal Reserve System,Federal Reserve System,Board of Governors of the Federal Reserve System,"Liquidity Risk Measurement, Standards, and Monitoring (Regulation WW)",other,other,GAAP,False,False,https://www.ecfr.gov/current/title-12/section-249.32,2026-09-11,,false
12,Section,249,249.3,,12 C.F.R. 249.3,Definitions.,Federal Reserve System,Federal Reserve System,Board of Governors of the Federal Reserve System,"Liquidity Risk Measurement, Standards, and Monitoring (Regulation WW)",binding,binding,GAAP;generally-accepted-accounting,False,False,https://www.ecfr.gov/current/title-12/section-249.3,2026-09-11,,false
12,Section,249,249.3,,12 C.F.R. 249.3,Definitions.,Federal Reserve System,Federal Reserve System,Board of Governors of the Federal Reserve System,"Liquidity Risk Measurement, Standards, and Monitoring (Regulation WW)",definition,binding,GAAP;generally-accepted-accounting,False,False,https://www.ecfr.gov/current/title-12/section-249.3,2026-09-11,,false
12,Section,249,249.3,,12 C.F.R. 249.3,Definitions.,Federal Reserve System,Federal Reserve System,Board of Governors of the Federal Reserve System,"Liquidity Risk Measurement, Standards, and Monitoring (Regulation WW)",definition,binding,GAAP;generally-accepted-accounting,False,False,https://www.ecfr.gov/current/title-12/section-249.3,2026-09-11,,false
12,Section,249,249.3,,12 C.F.R. 249.3,Definitions.,Federal Reserve System,Federal Reserve System,Board of Governors of the Federal Reserve System,"Liquidity Risk Measurement, Standards, and Monitoring (Regulation WW)",binding,binding,GAAP;generally-accepted-accounting,False,False,https://www.ecfr.gov/current/title-12/section-249.3,2026-09-11,,false
12,Section,249,249.3,,12 C.F.R. 249.3,Definitions.,Federal Reserve System,Federal Reserve System,Board of Governors of the Federal Reserve System,"Liquidity Risk Measurement, Standards, and Monitoring (Regulation WW)",definition,binding,GAAP;generally-accepted-accounting,False,False,https://www.ecfr.gov/current/title-12/section-249.3,2026-09-11,,false
12,Section,249,249.3,,12 C.F.R. 249.3,Definitions.,Federal Reserve System,Federal Reserve System,Board of Governors of the Federal Reserve System,"Liquidity Risk Measurement, Standards, and Monitoring (Regulation WW)",definition,binding,GAAP;generally-accepted-accounting,False,False,https://www.ecfr.gov/current/title-12/section-249.3,2026-09-11,,false
12,Section,251,251.2,,12 C.F.R. 251.2,Definitions.,Federal Reserve System,Federal Reserve System,Board of Governors of the Federal Reserve System,Concentration Limit (Regulation XX),definition,definition,GAAP;generally-accepted-accounting,False,False,https://www.ecfr.gov/current/title-12/section-251.2,2026-09-11,,false
12,Section,251,251.3,,12 C.F.R. 251.3,Concentration limit.,Federal Reserve System,Federal Reserve System,Board of Governors of the Federal Reserve System,Concentration Limit (Regulation XX),permissive,permissive,GAAP,False,False,https://www.ecfr.gov/current/title-12/section-251.3,2026-09-11,,false
12,Section,252,252.12,,12 C.F.R. 252.12,Definitions.,Federal Reserve System,Federal Reserve System,Board of Governors of the Federal Reserve System,Enhanced Prudential Standards (Regulation YY),other,other,GAAP,False,False,https://www.ecfr.gov/current/title-12/section-252.12,2026-09-11,,false
12,Section,252,252.161,,12 C.F.R. 252.161,Definitions.,Federal Reserve System,Federal Reserve System,Board of Governors of the Federal Reserve System,Enhanced Prudential Standards (Regulation YY),definition,definition,GAAP;generally-accepted-accounting,False,False,https://www.ecfr.gov/current/title-12/section-252.161,2026-09-11,,false
12,Section,252,252.161,,12 C.F.R. 252.161,Definitions.,Federal Reserve System,Federal Reserve System,Board of Governors of the Federal Reserve System,Enhanced Prudential Standards (Regulation YY),other,definition,GAAP;generally-accepted-accounting,False,False,https://www.ecfr.gov/current/title-12/section-252.161,2026-09-11,,false
12,Section,252,252.2,,12 C.F.R. 252.2,Definitions.,Federal Reserve System,Federal Reserve System,Board of Governors of the Federal Reserve System,Enhanced Prudential Standards (Regulation YY),definition,definition,GAAP;generally-accepted-accounting,False,False,https://www.ecfr.gov/current/title-12/section-252.2,2026-09-11,,false
12,Section,252,252.2,,12 C.F.R. 252.2,Definitions.,Federal Reserve System,Federal Reserve System,Board of Governors of the Federal Reserve System,Enhanced Prudential Standards (Regulation YY),definition,definition,GAAP;generally-accepted-accounting,False,False,https://www.ecfr.gov/current/title-12/section-252.2,2026-09-11,,false
12,Section,252,252.42,,12 C.F.R. 252.42,Definitions.,Federal Reserve System,Federal Reserve System,Board of Governors of the Federal Reserve System,Enhanced Prudential Standards (Regulation YY),other,other,GAAP,False,False,https://www.ecfr.gov/current/title-12/section-252.42,2026-09-11,,false
12,Section,252,252.52,,12 C.F.R. 252.52,Definitions.,Federal Reserve System,Federal Reserve System,Board of Governors of the Federal Reserve System,Enhanced Prudential Standards (Regulation YY),other,other,GAAP,False,False,https://www.ecfr.gov/current/title-12/section-252.52,2026-09-11,,false
12,Section,252,252.61,,12 C.F.R. 252.61,Definitions.,Federal Reserve System,Federal Reserve System,Board of Governors of the Federal Reserve System,Enhanced Prudential Standards (Regulation YY),definition,definition,GAAP;generally-accepted-accounting,False,False,https://www.ecfr.gov/current/title-12/section-252.61,2026-09-11,,false
12,Section,252,252.61,,12 C.F.R. 252.61,Definitions.,Federal Reserve System,Federal Reserve System,Board of Governors of the Federal Reserve System,Enhanced Prudential Standards (Regulation YY),other,definition,GAAP;generally-accepted-accounting,False,False,https://www.ecfr.gov/current/title-12/section-252.61,2026-09-11,,false
12,Section,252,252.81,,12 C.F.R. 252.81,Definitions.,Federal Reserve System,Federal Reserve System,Board of Governors of the Federal Reserve System,Enhanced Prudential Standards (Regulation YY),other,other,generally-accepted-accounting,False,False,https://www.ecfr.gov/current/title-12/section-252.81,2026-09-11,,false
12,Section,265,265.7,,12 C.F.R. 265.7,Functions delegated to the Director of the Division of Supervision and Regulation.,Federal Reserve System,Federal Reserve System,Board of Governors of the Federal Reserve System,Rules Regarding Delegation of Authority,other,other,GAAP,False,False,https://www.ecfr.gov/current/title-12/section-265.7,2026-09-11,,false
12,Section,28,28.53,,12 C.F.R. 28.53,Accounting for fees on international loans.,"Comptroller of the Currency, Department of the Treasury","Comptroller of the Currency, Department of the Treasury",,International Banking Activities,binding,binding,generally-accepted-accounting,False,False,https://www.ecfr.gov/current/title-12/section-28.53,2026-09-11,,false
12,Section,3,3.101,,12 C.F.R. 3.101,Definitions.,"Comptroller of the Currency, Department of the Treasury","Comptroller of the Currency, Department of the Treasury",,Capital Adequacy Standards,binding,binding,GAAP,False,False,https://www.ecfr.gov/current/title-12/section-3.101,2026-09-11,,false
12,Section,3,3.10,,12 C.F.R. 3.10,Minimum capital requirements.,"Comptroller of the Currency, Department of the Treasury","Comptroller of the Currency, Department of the Treasury",,Capital Adequacy Standards,other,binding,GAAP,False,False,https://www.ecfr.gov/current/title-12/section-3.10,2026-09-11,,false
12,Section,3,3.10,,12 C.F.R. 3.10,Minimum capital requirements.,"Comptroller of the Currency, Department of the Treasury","Comptroller of the Currency, Department of the Treasury",,Capital Adequacy Standards,other,binding,GAAP,False,False,https://www.ecfr.gov/current/title-12/section-3.10,2026-09-11,,false
12,Section,3,3.10,,12 C.F.R. 3.10,Minimum capital requirements.,"Comptroller of the Currency, Department of the Treasury","Comptroller of the Currency, Department of the Treasury",,Capital Adequacy Standards,binding,binding,GAAP,False,False,https://www.ecfr.gov/current/title-12/section-3.10,2026-09-11,,false
12,Section,3,3.10,,12 C.F.R. 3.10,Minimum capital requirements.,"Comptroller of the Currency, Department of the Treasury","Comptroller of the Currency, Department of the Treasury",,Capital Adequacy Standards,other,binding,GAAP,False,False,https://www.ecfr.gov/current/title-12/section-3.10,2026-09-11,,false
12,Section,3,3.10,,12 C.F.R. 3.10,Minimum capital requirements.,"Comptroller of the Currency, Department of the Treasury","Comptroller of the Currency, Department of the Treasury",,Capital Adequacy Standards,permissive,binding,GAAP,False,False,https://www.ecfr.gov/current/title-12/section-3.10,2026-09-11,,false
12,Section,3,3.141,,12 C.F.R. 3.141,Operational criteria for recognizing the transfer of risk.,"Comptroller of the Currency, Department of the Treasury","Comptroller of the Currency, Department of the Treasury",,Capital Adequacy Standards,other,other,GAAP,False,False,https://www.ecfr.gov/current/title-12/section-3.141,2026-09-11,,false
12,Section,3,3.142,,12 C.F.R. 3.142,Risk-weighted assets for securitization exposures.,"Comptroller of the Currency, Department of the Treasury","Comptroller of the Currency, Department of the Treasury",,Capital Adequacy Standards,other,other,GAAP,False,False,https://www.ecfr.gov/current/title-12/section-3.142,2026-09-11,,false
12,Section,3,3.142,,12 C.F.R. 3.142,Risk-weighted assets for securitization exposures.,"Comptroller of the Currency, Department of the Treasury","Comptroller of the Currency, Department of the Treasury",,Capital Adequacy Standards,other,other,GAAP,False,False,https://www.ecfr.gov/current/title-12/section-3.142,2026-09-11,,false
12,Section,3,3.173,,12 C.F.R. 3.173,Disclosures by certain advanced approaches national banks or Federal savings associations and Category III national banks or Federal savings associations.,"Comptroller of the Currency, Department of the Treasury","Comptroller of the Currency, Department of the Treasury",,Capital Adequacy Standards,binding,binding,GAAP,False,False,https://www.ecfr.gov/current/title-12/section-3.173,2026-09-11,,false
12,Section,3,3.173,,12 C.F.R. 3.173,Disclosures by certain advanced approaches national banks or Federal savings associations and Category III national banks or Federal savings associations.,"Comptroller of the Currency, Department of the Treasury","Comptroller of the Currency, Department of the Treasury",,Capital Adequacy Standards,other,binding,GAAP,False,False,https://www.ecfr.gov/current/title-12/section-3.173,2026-09-11,,false
12,Section,3,3.173,,12 C.F.R. 3.173,Disclosures by certain advanced approaches national banks or Federal savings associations and Category III national banks or Federal savings associations.,"Comptroller of the Currency, Department of the Treasury","Comptroller of the Currency, Department of the Treasury",,Capital Adequacy Standards,other,binding,GAAP,False,False,https://www.ecfr.gov/current/title-12/section-3.173,2026-09-11,,false
12,Section,3,3.173,,12 C.F.R. 3.173,Disclosures by certain advanced approaches national banks or Federal savings associations and Category III national banks or Federal savings associations.,"Comptroller of the Currency, Department of the Treasury","Comptroller of the Currency, Department of the Treasury",,Capital Adequacy Standards,binding,binding,GAAP,False,False,https://www.ecfr.gov/current/title-12/section-3.173,2026-09-11,,false
12,Section,3,3.173,,12 C.F.R. 3.173,Disclosures by certain advanced approaches national banks or Federal savings associations and Category III national banks or Federal savings associations.,"Comptroller of the Currency, Department of the Treasury","Comptroller of the Currency, Department of the Treasury",,Capital Adequacy Standards,other,binding,GAAP,False,False,https://www.ecfr.gov/current/title-12/section-3.173,2026-09-11,,false
12,Section,3,3.20,,12 C.F.R. 3.20,Capital components and eligibility criteria for regulatory capital instruments.,"Comptroller of the Currency, Department of the Treasury","Comptroller of the Currency, Department of the Treasury",,Capital Adequacy Standards,other,definition,GAAP,False,False,https://www.ecfr.gov/current/title-12/section-3.20,2026-09-11,,false
12,Section,3,3.20,,12 C.F.R. 3.20,Capital components and eligibility criteria for regulatory capital instruments.,"Comptroller of the Currency, Department of the Treasury","Comptroller of the Currency, Department of the Treasury",,Capital Adequacy Standards,other,definition,GAAP,False,False,https://www.ecfr.gov/current/title-12/section-3.20,2026-09-11,,false
12,Section,3,3.20,,12 C.F.R. 3.20,Capital components and eligibility criteria for regulatory capital instruments.,"Comptroller of the Currency, Department of the Treasury","Comptroller of the Currency, Department of the Treasury",,Capital Adequacy Standards,other,definition,GAAP,False,False,https://www.ecfr.gov/current/title-12/section-3.20,2026-09-11,,false
12,Section,3,3.20,,12 C.F.R. 3.20,Capital components and eligibility criteria for regulatory capital instruments.,"Comptroller of the Currency, Department of the Treasury","Comptroller of the Currency, Department of the Treasury",,Capital Adequacy Standards,definition,definition,GAAP,False,False,https://www.ecfr.gov/current/title-12/section-3.20,2026-09-11,,false
12,Section,3,3.22,,12 C.F.R. 3.22,Regulatory capital adjustments and deductions.,"Comptroller of the Currency, Department of the Treasury","Comptroller of the Currency, Department of the Treasury",,Capital Adequacy Standards,other,permissive,GAAP,False,False,https://www.ecfr.gov/current/title-12/section-3.22,2026-09-11,,false
12,Section,3,3.22,,12 C.F.R. 3.22,Regulatory capital adjustments and deductions.,"Comptroller of the Currency, Department of the Treasury","Comptroller of the Currency, Department of the Treasury",,Capital Adequacy Standards,other,permissive,GAAP,False,False,https://www.ecfr.gov/current/title-12/section-3.22,2026-09-11,,false
12,Section,3,3.22,,12 C.F.R. 3.22,Regulatory capital adjustments and deductions.,"Comptroller of the Currency, Department of the Treasury","Comptroller of the Currency, Department of the Treasury",,Capital Adequacy Standards,other,permissive,GAAP,False,False,https://www.ecfr.gov/current/title-12/section-3.22,2026-09-11,,false
12,Section,3,3.22,,12 C.F.R. 3.22,Regulatory capital adjustments and deductions.,"Comptroller of the Currency, Department of the Treasury","Comptroller of the Currency, Department of the Treasury",,Capital Adequacy Standards,other,permissive,GAAP,False,False,https://www.ecfr.gov/current/title-12/section-3.22,2026-09-11,,false
12,Section,3,3.22,,12 C.F.R. 3.22,Regulatory capital adjustments and deductions.,"Comptroller of the Currency, Department of the Treasury","Comptroller of the Currency, Department of the Treasury",,Capital Adequacy Standards,other,permissive,GAAP,False,False,https://www.ecfr.gov/current/title-12/section-3.22,2026-09-11,,false
12,Section,3,3.22,,12 C.F.R. 3.22,Regulatory capital adjustments and deductions.,"Comptroller of the Currency, Department of the Treasury","Comptroller of the Currency, Department of the Treasury",,Capital Adequacy Standards,other,permissive,GAAP,False,False,https://www.ecfr.gov/current/title-12/section-3.22,2026-09-11,,false
12,Section,3,3.22,,12 C.F.R. 3.22,Regulatory capital adjustments and deductions.,"Comptroller of the Currency, Department of the Treasury","Comptroller of the Currency, Department of the Treasury",,Capital Adequacy Standards,permissive,permissive,GAAP,False,False,https://www.ecfr.gov/current/title-12/section-3.22,2026-09-11,,false
12,Section,3,3.2,,12 C.F.R. 3.2,Definitions.,"Comptroller of the Currency, Department of the Treasury","Comptroller of the Currency, Department of the Treasury",,Capital Adequacy Standards,binding,binding,GAAP;generally-accepted-accounting,False,False,https://www.ecfr.gov/current/title-12/section-3.2,2026-09-11,,false
12,Section,3,3.2,,12 C.F.R. 3.2,Definitions.,"Comptroller of the Currency, Department of the Treasury","Comptroller of the Currency, Department of the Treasury",,Capital Adequacy Standards,binding,binding,GAAP;generally-accepted-accounting,False,False,https://www.ecfr.gov/current/title-12/section-3.2,2026-09-11,,false
12,Section,3,3.2,,12 C.F.R. 3.2,Definitions.,"Comptroller of the Currency, Department of the Treasury","Comptroller of the Currency, Department of the Treasury",,Capital Adequacy Standards,binding,binding,GAAP;generally-accepted-accounting,False,False,https://www.ecfr.gov/current/title-12/section-3.2,2026-09-11,,false
12,Section,3,3.2,,12 C.F.R. 3.2,Definitions.,"Comptroller of the Currency, Department of the Treasury","Comptroller of the Currency, Department of the Treasury",,Capital Adequacy Standards,binding,binding,GAAP;generally-accepted-accounting,False,False,https://www.ecfr.gov/current/title-12/section-3.2,2026-09-11,,false
12,Section,3,3.2,,12 C.F.R. 3.2,Definitions.,"Comptroller of the Currency, Department of the Treasury","Comptroller of the Currency, Department of the Treasury",,Capital Adequacy Standards,binding,binding,GAAP;generally-accepted-accounting,False,False,https://www.ecfr.gov/current/title-12/section-3.2,2026-09-11,,false
12,Section,3,3.2,,12 C.F.R. 3.2,Definitions.,"Comptroller of the Currency, Department of the Treasury","Comptroller of the Currency, Department of the Treasury",,Capital Adequacy Standards,binding,binding,GAAP;generally-accepted-accounting,False,False,https://www.ecfr.gov/current/title-12/section-3.2,2026-09-11,,false
12,Section,3,3.2,,12 C.F.R. 3.2,Definitions.,"Comptroller of the Currency, Department of the Treasury","Comptroller of the Currency, Department of the Treasury",,Capital Adequacy Standards,definition,binding,GAAP;generally-accepted-accounting,False,False,https://www.ecfr.gov/current/title-12/section-3.2,2026-09-11,,false
12,Section,3,3.2,,12 C.F.R. 3.2,Definitions.,"Comptroller of the Currency, Department of the Treasury","Comptroller of the Currency, Department of the Treasury",,Capital Adequacy Standards,binding,binding,GAAP;generally-accepted-accounting,False,False,https://www.ecfr.gov/current/title-12/section-3.2,2026-09-11,,false
12,Section,3,3.2,,12 C.F.R. 3.2,Definitions.,"Comptroller of the Currency, Department of the Treasury","Comptroller of the Currency, Department of the Treasury",,Capital Adequacy Standards,definition,binding,GAAP;generally-accepted-accounting,False,False,https://www.ecfr.gov/current/title-12/section-3.2,2026-09-11,,false
12,Section,3,3.2,,12 C.F.R. 3.2,Definitions.,"Comptroller of the Currency, Department of the Treasury","Comptroller of the Currency, Department of the Treasury",,Capital Adequacy Standards,other,binding,GAAP;generally-accepted-accounting,False,False,https://www.ecfr.gov/current/title-12/section-3.2,2026-09-11,,false
12,Section,3,3.2,,12 C.F.R. 3.2,Definitions.,"Comptroller of the Currency, Department of the Treasury","Comptroller of the Currency, Department of the Treasury",,Capital Adequacy Standards,definition,binding,GAAP;generally-accepted-accounting,False,False,https://www.ecfr.gov/current/title-12/section-3.2,2026-09-11,,false
12,Section,3,3.2,,12 C.F.R. 3.2,Definitions.,"Comptroller of the Currency, Department of the Treasury","Comptroller of the Currency, Department of the Treasury",,Capital Adequacy Standards,definition,binding,GAAP;generally-accepted-accounting,False,False,https://www.ecfr.gov/current/title-12/section-3.2,2026-09-11,,false
12,Section,3,3.2,,12 C.F.R. 3.2,Definitions.,"Comptroller of the Currency, Department of the Treasury","Comptroller of the Currency, Department of the Treasury",,Capital Adequacy Standards,other,binding,GAAP;generally-accepted-accounting,False,False,https://www.ecfr.gov/current/title-12/section-3.2,2026-09-11,,false
12,Section,3,3.2,,12 C.F.R. 3.2,Definitions.,"Comptroller of the Currency, Department of the Treasury","Comptroller of the Currency, Department of the Treasury",,Capital Adequacy Standards,definition,binding,GAAP;generally-accepted-accounting,False,False,https://www.ecfr.gov/current/title-12/section-3.2,2026-09-11,,false
12,Section,3,3.2,,12 C.F.R. 3.2,Definitions.,"Comptroller of the Currency, Department of the Treasury","Comptroller of the Currency, Department of the Treasury",,Capital Adequacy Standards,binding,binding,GAAP;generally-accepted-accounting,False,False,https://www.ecfr.gov/current/title-12/section-3.2,2026-09-11,,false
12,Section,3,3.301,,12 C.F.R. 3.301,Current Expected Credit Losses (CECL) transition.,"Comptroller of the Currency, Department of the Treasury","Comptroller of the Currency, Department of the Treasury",,Capital Adequacy Standards,definition,binding,GAAP,False,False,https://www.ecfr.gov/current/title-12/section-3.301,2026-09-11,,false
12,Section,3,3.301,,12 C.F.R. 3.301,Current Expected Credit Losses (CECL) transition.,"Comptroller of the Currency, Department of the Treasury","Comptroller of the Currency, Department of the Treasury",,Capital Adequacy Standards,permissive,binding,GAAP,False,False,https://www.ecfr.gov/current/title-12/section-3.301,2026-09-11,,false
12,Section,3,3.301,,12 C.F.R. 3.301,Current Expected Credit Losses (CECL) transition.,"Comptroller of the Currency, Department of the Treasury","Comptroller of the Currency, Department of the Treasury",,Capital Adequacy Standards,binding,binding,GAAP,False,False,https://www.ecfr.gov/current/title-12/section-3.301,2026-09-11,,false
12,Section,3,3.301,,12 C.F.R. 3.301,Current Expected Credit Losses (CECL) transition.,"Comptroller of the Currency, Department of the Treasury","Comptroller of the Currency, Department of the Treasury",,Capital Adequacy Standards,other,binding,GAAP,False,False,https://www.ecfr.gov/current/title-12/section-3.301,2026-09-11,,false
12,Section,3,3.41,,12 C.F.R. 3.41,Operational requirements for securitization exposures.,"Comptroller of the Currency, Department of the Treasury","Comptroller of the Currency, Department of the Treasury",,Capital Adequacy Standards,other,other,GAAP,False,False,https://www.ecfr.gov/current/title-12/section-3.41,2026-09-11,,false
12,Section,3,3.42,,12 C.F.R. 3.42,Risk-weighted assets for securitization exposures.,"Comptroller of the Currency, Department of the Treasury","Comptroller of the Currency, Department of the Treasury",,Capital Adequacy Standards,binding,binding,GAAP,False,False,https://www.ecfr.gov/current/title-12/section-3.42,2026-09-11,,false
12,Section,3,3.42,,12 C.F.R. 3.42,Risk-weighted assets for securitization exposures.,"Comptroller of the Currency, Department of the Treasury","Comptroller of the Currency, Department of the Treasury",,Capital Adequacy Standards,other,binding,GAAP,False,False,https://www.ecfr.gov/current/title-12/section-3.42,2026-09-11,,false
12,Section,3,3.63,,12 C.F.R. 3.63,Disclosures by national banks or Federal savings associations described in § 3.61.,"Comptroller of the Currency, Department of the Treasury","Comptroller of the Currency, Department of the Treasury",,Capital Adequacy Standards,binding,binding,GAAP,False,False,https://www.ecfr.gov/current/title-12/section-3.63,2026-09-11,,false
12,Section,3,3.63,,12 C.F.R. 3.63,Disclosures by national banks or Federal savings associations described in § 3.61.,"Comptroller of the Currency, Department of the Treasury","Comptroller of the Currency, Department of the Treasury",,Capital Adequacy Standards,other,binding,GAAP,False,False,https://www.ecfr.gov/current/title-12/section-3.63,2026-09-11,,false
12,Section,3,3.63,,12 C.F.R. 3.63,Disclosures by national banks or Federal savings associations described in § 3.61.,"Comptroller of the Currency, Department of the Treasury","Comptroller of the Currency, Department of the Treasury",,Capital Adequacy Standards,other,binding,GAAP,False,False,https://www.ecfr.gov/current/title-12/section-3.63,2026-09-11,,false
12,Section,3,3.63,,12 C.F.R. 3.63,Disclosures by national banks or Federal savings associations described in § 3.61.,"Comptroller of the Currency, Department of the Treasury","Comptroller of the Currency, Department of the Treasury",,Capital Adequacy Standards,binding,binding,GAAP,False,False,https://www.ecfr.gov/current/title-12/section-3.63,2026-09-11,,false
12,Section,3,3.63,,12 C.F.R. 3.63,Disclosures by national banks or Federal savings associations described in § 3.61.,"Comptroller of the Currency, Department of the Treasury","Comptroller of the Currency, Department of the Treasury",,Capital Adequacy Standards,other,binding,GAAP,False,False,https://www.ecfr.gov/current/title-12/section-3.63,2026-09-11,,false
12,Section,32,32.1,,12 C.F.R. 32.1,"Authority, purpose and scope.","Comptroller of the Currency, Department of the Treasury","Comptroller of the Currency, Department of the Treasury",,Lending Limits,other,other,GAAP;generally-accepted-accounting,False,False,https://www.ecfr.gov/current/title-12/section-32.1,2026-09-11,,false
12,Section,32,32.1,,12 C.F.R. 32.1,"Authority, purpose and scope.","Comptroller of the Currency, Department of the Treasury","Comptroller of the Currency, Department of the Treasury",,Lending Limits,other,other,GAAP;generally-accepted-accounting,False,False,https://www.ecfr.gov/current/title-12/section-32.1,2026-09-11,,false
12,Section,324,324.101,,12 C.F.R. 324.101,Definitions.,Federal Deposit Insurance Corporation,Federal Deposit Insurance Corporation,Regulations and Statements of General Policy,Capital Adequacy of FDIC-Supervised Institutions,binding,binding,GAAP,False,False,https://www.ecfr.gov/current/title-12/section-324.101,2026-09-11,,false
12,Section,324,324.10,,12 C.F.R. 324.10,Minimum capital requirements.,Federal Deposit Insurance Corporation,Federal Deposit Insurance Corporation,Regulations and Statements of General Policy,Capital Adequacy of FDIC-Supervised Institutions,other,binding,GAAP,False,False,https://www.ecfr.gov/current/title-12/section-324.10,2026-09-11,,false
12,Section,324,324.10,,12 C.F.R. 324.10,Minimum capital requirements.,Federal Deposit Insurance Corporation,Federal Deposit Insurance Corporation,Regulations and Statements of General Policy,Capital Adequacy of FDIC-Supervised Institutions,other,binding,GAAP,False,False,https://www.ecfr.gov/current/title-12/section-324.10,2026-09-11,,false
12,Section,324,324.10,,12 C.F.R. 324.10,Minimum capital requirements.,Federal Deposit Insurance Corporation,Federal Deposit Insurance Corporation,Regulations and Statements of General Policy,Capital Adequacy of FDIC-Supervised Institutions,binding,binding,GAAP,False,False,https://www.ecfr.gov/current/title-12/section-324.10,2026-09-11,,false
12,Section,324,324.10,,12 C.F.R. 324.10,Minimum capital requirements.,Federal Deposit Insurance Corporation,Federal Deposit Insurance Corporation,Regulations and Statements of General Policy,Capital Adequacy of FDIC-Supervised Institutions,other,binding,GAAP,False,False,https://www.ecfr.gov/current/title-12/section-324.10,2026-09-11,,false
12,Section,324,324.10,,12 C.F.R. 324.10,Minimum capital requirements.,Federal Deposit Insurance Corporation,Federal Deposit Insurance Corporation,Regulations and Statements of General Policy,Capital Adequacy of FDIC-Supervised Institutions,permissive,binding,GAAP,False,False,https://www.ecfr.gov/current/title-12/section-324.10,2026-09-11,,false
12,Section,324,324.141,,12 C.F.R. 324.141,Operational criteria for recognizing the transfer of risk.,Federal Deposit Insurance Corporation,Federal Deposit Insurance Corporation,Regulations and Statements of General Policy,Capital Adequacy of FDIC-Supervised Institutions,other,other,GAAP,False,False,https://www.ecfr.gov/current/title-12/section-324.141,2026-09-11,,false
12,Section,324,324.142,,12 C.F.R. 324.142,Risk-weighted assets for securitization exposures.,Federal Deposit Insurance Corporation,Federal Deposit Insurance Corporation,Regulations and Statements of General Policy,Capital Adequacy of FDIC-Supervised Institutions,other,other,GAAP,False,False,https://www.ecfr.gov/current/title-12/section-324.142,2026-09-11,,false
12,Section,324,324.142,,12 C.F.R. 324.142,Risk-weighted assets for securitization exposures.,Federal Deposit Insurance Corporation,Federal Deposit Insurance Corporation,Regulations and Statements of General Policy,Capital Adequacy of FDIC-Supervised Institutions,other,other,GAAP,False,False,https://www.ecfr.gov/current/title-12/section-324.142,2026-09-11,,false
12,Section,324,324.173,,12 C.F.R. 324.173,Disclosures by certain advanced approaches FDIC-supervised institutions and Category III FDIC-supervised institutions.,Federal Deposit Insurance Corporation,Federal Deposit Insurance Corporation,Regulations and Statements of General Policy,Capital Adequacy of FDIC-Supervised Institutions,binding,binding,GAAP,False,False,https://www.ecfr.gov/current/title-12/section-324.173,2026-09-11,,false
12,Section,324,324.173,,12 C.F.R. 324.173,Disclosures by certain advanced approaches FDIC-supervised institutions and Category III FDIC-supervised institutions.,Federal Deposit Insurance Corporation,Federal Deposit Insurance Corporation,Regulations and Statements of General Policy,Capital Adequacy of FDIC-Supervised Institutions,other,binding,GAAP,False,False,https://www.ecfr.gov/current/title-12/section-324.173,2026-09-11,,false
12,Section,324,324.173,,12 C.F.R. 324.173,Disclosures by certain advanced approaches FDIC-supervised institutions and Category III FDIC-supervised institutions.,Federal Deposit Insurance Corporation,Federal Deposit Insurance Corporation,Regulations and Statements of General Policy,Capital Adequacy of FDIC-Supervised Institutions,other,binding,GAAP,False,False,https://www.ecfr.gov/current/title-12/section-324.173,2026-09-11,,false
12,Section,324,324.173,,12 C.F.R. 324.173,Disclosures by certain advanced approaches FDIC-supervised institutions and Category III FDIC-supervised institutions.,Federal Deposit Insurance Corporation,Federal Deposit Insurance Corporation,Regulations and Statements of General Policy,Capital Adequacy of FDIC-Supervised Institutions,binding,binding,GAAP,False,False,https://www.ecfr.gov/current/title-12/section-324.173,2026-09-11,,false
12,Section,324,324.173,,12 C.F.R. 324.173,Disclosures by certain advanced approaches FDIC-supervised institutions and Category III FDIC-supervised institutions.,Federal Deposit Insurance Corporation,Federal Deposit Insurance Corporation,Regulations and Statements of General Policy,Capital Adequacy of FDIC-Supervised Institutions,other,binding,GAAP,False,False,https://www.ecfr.gov/current/title-12/section-324.173,2026-09-11,,false
12,Section,324,324.20,,12 C.F.R. 324.20,Capital components and eligibility criteria for regulatory capital instruments.,Federal Deposit Insurance Corporation,Federal Deposit Insurance Corporation,Regulations and Statements of General Policy,Capital Adequacy of FDIC-Supervised Institutions,other,definition,GAAP,False,False,https://www.ecfr.gov/current/title-12/section-324.20,2026-09-11,,false
12,Section,324,324.20,,12 C.F.R. 324.20,Capital components and eligibility criteria for regulatory capital instruments.,Federal Deposit Insurance Corporation,Federal Deposit Insurance Corporation,Regulations and Statements of General Policy,Capital Adequacy of FDIC-Supervised Institutions,other,definition,GAAP,False,False,https://www.ecfr.gov/current/title-12/section-324.20,2026-09-11,,false
12,Section,324,324.20,,12 C.F.R. 324.20,Capital components and eligibility criteria for regulatory capital instruments.,Federal Deposit Insurance Corporation,Federal Deposit Insurance Corporation,Regulations and Statements of General Policy,Capital Adequacy of FDIC-Supervised Institutions,other,definition,GAAP,False,False,https://www.ecfr.gov/current/title-12/section-324.20,2026-09-11,,false
12,Section,324,324.20,,12 C.F.R. 324.20,Capital components and eligibility criteria for regulatory capital instruments.,Federal Deposit Insurance Corporation,Federal Deposit Insurance Corporation,Regulations and Statements of General Policy,Capital Adequacy of FDIC-Supervised Institutions,definition,definition,GAAP,False,False,https://www.ecfr.gov/current/title-12/section-324.20,2026-09-11,,false
12,Section,324,324.22,,12 C.F.R. 324.22,Regulatory capital adjustments and deductions.,Federal Deposit Insurance Corporation,Federal Deposit Insurance Corporation,Regulations and Statements of General Policy,Capital Adequacy of FDIC-Supervised Institutions,other,permissive,GAAP,False,False,https://www.ecfr.gov/current/title-12/section-324.22,2026-09-11,,false
12,Section,324,324.22,,12 C.F.R. 324.22,Regulatory capital adjustments and deductions.,Federal Deposit Insurance Corporation,Federal Deposit Insurance Corporation,Regulations and Statements of General Policy,Capital Adequacy of FDIC-Supervised Institutions,other,permissive,GAAP,False,False,https://www.ecfr.gov/current/title-12/section-324.22,2026-09-11,,false
12,Section,324,324.22,,12 C.F.R. 324.22,Regulatory capital adjustments and deductions.,Federal Deposit Insurance Corporation,Federal Deposit Insurance Corporation,Regulations and Statements of General Policy,Capital Adequacy of FDIC-Supervised Institutions,other,permissive,GAAP,False,False,https://www.ecfr.gov/current/title-12/section-324.22,2026-09-11,,false
12,Section,324,324.22,,12 C.F.R. 324.22,Regulatory capital adjustments and deductions.,Federal Deposit Insurance Corporation,Federal Deposit Insurance Corporation,Regulations and Statements of General Policy,Capital Adequacy of FDIC-Supervised Institutions,other,permissive,GAAP,False,False,https://www.ecfr.gov/current/title-12/section-324.22,2026-09-11,,false
12,Section,324,324.22,,12 C.F.R. 324.22,Regulatory capital adjustments and deductions.,Federal Deposit Insurance Corporation,Federal Deposit Insurance Corporation,Regulations and Statements of General Policy,Capital Adequacy of FDIC-Supervised Institutions,other,permissive,GAAP,False,False,https://www.ecfr.gov/current/title-12/section-324.22,2026-09-11,,false
12,Section,324,324.22,,12 C.F.R. 324.22,Regulatory capital adjustments and deductions.,Federal Deposit Insurance Corporation,Federal Deposit Insurance Corporation,Regulations and Statements of General Policy,Capital Adequacy of FDIC-Supervised Institutions,other,permissive,GAAP,False,False,https://www.ecfr.gov/current/title-12/section-324.22,2026-09-11,,false
12,Section,324,324.22,,12 C.F.R. 324.22,Regulatory capital adjustments and deductions.,Federal Deposit Insurance Corporation,Federal Deposit Insurance Corporation,Regulations and Statements of General Policy,Capital Adequacy of FDIC-Supervised Institutions,permissive,permissive,GAAP,False,False,https://www.ecfr.gov/current/title-12/section-324.22,2026-09-11,,false
12,Section,324,324.2,,12 C.F.R. 324.2,Definitions.,Federal Deposit Insurance Corporation,Federal Deposit Insurance Corporation,Regulations and Statements of General Policy,Capital Adequacy of FDIC-Supervised Institutions,binding,binding,GAAP;generally-accepted-accounting,False,False,https://www.ecfr.gov/current/title-12/section-324.2,2026-09-11,,false
12,Section,324,324.2,,12 C.F.R. 324.2,Definitions.,Federal Deposit Insurance Corporation,Federal Deposit Insurance Corporation,Regulations and Statements of General Policy,Capital Adequacy of FDIC-Supervised Institutions,binding,binding,GAAP;generally-accepted-accounting,False,False,https://www.ecfr.gov/current/title-12/section-324.2,2026-09-11,,false
12,Section,324,324.2,,12 C.F.R. 324.2,Definitions.,Federal Deposit Insurance Corporation,Federal Deposit Insurance Corporation,Regulations and Statements of General Policy,Capital Adequacy of FDIC-Supervised Institutions,binding,binding,GAAP;generally-accepted-accounting,False,False,https://www.ecfr.gov/current/title-12/section-324.2,2026-09-11,,false
12,Section,324,324.2,,12 C.F.R. 324.2,Definitions.,Federal Deposit Insurance Corporation,Federal Deposit Insurance Corporation,Regulations and Statements of General Policy,Capital Adequacy of FDIC-Supervised Institutions,binding,binding,GAAP;generally-accepted-accounting,False,False,https://www.ecfr.gov/current/title-12/section-324.2,2026-09-11,,false
12,Section,324,324.2,,12 C.F.R. 324.2,Definitions.,Federal Deposit Insurance Corporation,Federal Deposit Insurance Corporation,Regulations and Statements of General Policy,Capital Adequacy of FDIC-Supervised Institutions,binding,binding,GAAP;generally-accepted-accounting,False,False,https://www.ecfr.gov/current/title-12/section-324.2,2026-09-11,,false
12,Section,324,324.2,,12 C.F.R. 324.2,Definitions.,Federal Deposit Insurance Corporation,Federal Deposit Insurance Corporation,Regulations and Statements of General Policy,Capital Adequacy of FDIC-Supervised Institutions,binding,binding,GAAP;generally-accepted-accounting,False,False,https://www.ecfr.gov/current/title-12/section-324.2,2026-09-11,,false
12,Section,324,324.2,,12 C.F.R. 324.2,Definitions.,Federal Deposit Insurance Corporation,Federal Deposit Insurance Corporation,Regulations and Statements of General Policy,Capital Adequacy of FDIC-Supervised Institutions,definition,binding,GAAP;generally-accepted-accounting,False,False,https://www.ecfr.gov/current/title-12/section-324.2,2026-09-11,,false
12,Section,324,324.2,,12 C.F.R. 324.2,Definitions.,Federal Deposit Insurance Corporation,Federal Deposit Insurance Corporation,Regulations and Statements of General Policy,Capital Adequacy of FDIC-Supervised Institutions,binding,binding,GAAP;generally-accepted-accounting,False,False,https://www.ecfr.gov/current/title-12/section-324.2,2026-09-11,,false
12,Section,324,324.2,,12 C.F.R. 324.2,Definitions.,Federal Deposit Insurance Corporation,Federal Deposit Insurance Corporation,Regulations and Statements of General Policy,Capital Adequacy of FDIC-Supervised Institutions,definition,binding,GAAP;generally-accepted-accounting,False,False,https://www.ecfr.gov/current/title-12/section-324.2,2026-09-11,,false
12,Section,324,324.2,,12 C.F.R. 324.2,Definitions.,Federal Deposit Insurance Corporation,Federal Deposit Insurance Corporation,Regulations and Statements of General Policy,Capital Adequacy of FDIC-Supervised Institutions,other,binding,GAAP;generally-accepted-accounting,False,False,https://www.ecfr.gov/current/title-12/section-324.2,2026-09-11,,false
12,Section,324,324.2,,12 C.F.R. 324.2,Definitions.,Federal Deposit Insurance Corporation,Federal Deposit Insurance Corporation,Regulations and Statements of General Policy,Capital Adequacy of FDIC-Supervised Institutions,definition,binding,GAAP;generally-accepted-accounting,False,False,https://www.ecfr.gov/current/title-12/section-324.2,2026-09-11,,false
12,Section,324,324.2,,12 C.F.R. 324.2,Definitions.,Federal Deposit Insurance Corporation,Federal Deposit Insurance Corporation,Regulations and Statements of General Policy,Capital Adequacy of FDIC-Supervised Institutions,definition,binding,GAAP;generally-accepted-accounting,False,False,https://www.ecfr.gov/current/title-12/section-324.2,2026-09-11,,false
12,Section,324,324.2,,12 C.F.R. 324.2,Definitions.,Federal Deposit Insurance Corporation,Federal Deposit Insurance Corporation,Regulations and Statements of General Policy,Capital Adequacy of FDIC-Supervised Institutions,other,binding,GAAP;generally-accepted-accounting,False,False,https://www.ecfr.gov/current/title-12/section-324.2,2026-09-11,,false
12,Section,324,324.2,,12 C.F.R. 324.2,Definitions.,Federal Deposit Insurance Corporation,Federal Deposit Insurance Corporation,Regulations and Statements of General Policy,Capital Adequacy of FDIC-Supervised Institutions,definition,binding,GAAP;generally-accepted-accounting,False,False,https://www.ecfr.gov/current/title-12/section-324.2,2026-09-11,,false
12,Section,324,324.2,,12 C.F.R. 324.2,Definitions.,Federal Deposit Insurance Corporation,Federal Deposit Insurance Corporation,Regulations and Statements of General Policy,Capital Adequacy of FDIC-Supervised Institutions,binding,binding,GAAP;generally-accepted-accounting,False,False,https://www.ecfr.gov/current/title-12/section-324.2,2026-09-11,,false
12,Section,324,324.301,,12 C.F.R. 324.301,Current expected credit losses (CECL) transition.,Federal Deposit Insurance Corporation,Federal Deposit Insurance Corporation,Regulations and Statements of General Policy,Capital Adequacy of FDIC-Supervised Institutions,definition,binding,GAAP,False,False,https://www.ecfr.gov/current/title-12/section-324.301,2026-09-11,,false
12,Section,324,324.301,,12 C.F.R. 324.301,Current expected credit losses (CECL) transition.,Federal Deposit Insurance Corporation,Federal Deposit Insurance Corporation,Regulations and Statements of General Policy,Capital Adequacy of FDIC-Supervised Institutions,permissive,binding,GAAP,False,False,https://www.ecfr.gov/current/title-12/section-324.301,2026-09-11,,false
12,Section,324,324.301,,12 C.F.R. 324.301,Current expected credit losses (CECL) transition.,Federal Deposit Insurance Corporation,Federal Deposit Insurance Corporation,Regulations and Statements of General Policy,Capital Adequacy of FDIC-Supervised Institutions,binding,binding,GAAP,False,False,https://www.ecfr.gov/current/title-12/section-324.301,2026-09-11,,false
12,Section,324,324.301,,12 C.F.R. 324.301,Current expected credit losses (CECL) transition.,Federal Deposit Insurance Corporation,Federal Deposit Insurance Corporation,Regulations and Statements of General Policy,Capital Adequacy of FDIC-Supervised Institutions,other,binding,GAAP,False,False,https://www.ecfr.gov/current/title-12/section-324.301,2026-09-11,,false
12,Section,324,324.41,,12 C.F.R. 324.41,Operational requirements for securitization exposures.,Federal Deposit Insurance Corporation,Federal Deposit Insurance Corporation,Regulations and Statements of General Policy,Capital Adequacy of FDIC-Supervised Institutions,other,other,GAAP,False,False,https://www.ecfr.gov/current/title-12/section-324.41,2026-09-11,,false
12,Section,324,324.42,,12 C.F.R. 324.42,Risk-weighted assets for securitization exposures.,Federal Deposit Insurance Corporation,Federal Deposit Insurance Corporation,Regulations and Statements of General Policy,Capital Adequacy of FDIC-Supervised Institutions,binding,binding,GAAP,False,False,https://www.ecfr.gov/current/title-12/section-324.42,2026-09-11,,false
12,Section,324,324.42,,12 C.F.R. 324.42,Risk-weighted assets for securitization exposures.,Federal Deposit Insurance Corporation,Federal Deposit Insurance Corporation,Regulations and Statements of General Policy,Capital Adequacy of FDIC-Supervised Institutions,other,binding,GAAP,False,False,https://www.ecfr.gov/current/title-12/section-324.42,2026-09-11,,false
12,Section,324,324.63,,12 C.F.R. 324.63,Disclosures by FDIC-supervised institutions described in § 324.61.,Federal Deposit Insurance Corporation,Federal Deposit Insurance Corporation,Regulations and Statements of General Policy,Capital Adequacy of FDIC-Supervised Institutions,binding,binding,GAAP,False,False,https://www.ecfr.gov/current/title-12/section-324.63,2026-09-11,,false
12,Section,324,324.63,,12 C.F.R. 324.63,Disclosures by FDIC-supervised institutions described in § 324.61.,Federal Deposit Insurance Corporation,Federal Deposit Insurance Corporation,Regulations and Statements of General Policy,Capital Adequacy of FDIC-Supervised Institutions,other,binding,GAAP,False,False,https://www.ecfr.gov/current/title-12/section-324.63,2026-09-11,,false
12,Section,324,324.63,,12 C.F.R. 324.63,Disclosures by FDIC-supervised institutions described in § 324.61.,Federal Deposit Insurance Corporation,Federal Deposit Insurance Corporation,Regulations and Statements of General Policy,Capital Adequacy of FDIC-Supervised Institutions,other,binding,GAAP,False,False,https://www.ecfr.gov/current/title-12/section-324.63,2026-09-11,,false
12,Section,324,324.63,,12 C.F.R. 324.63,Disclosures by FDIC-supervised institutions described in § 324.61.,Federal Deposit Insurance Corporation,Federal Deposit Insurance Corporation,Regulations and Statements of General Policy,Capital Adequacy of FDIC-Supervised Institutions,binding,binding,GAAP,False,False,https://www.ecfr.gov/current/title-12/section-324.63,2026-09-11,,false
12,Section,324,324.63,,12 C.F.R. 324.63,Disclosures by FDIC-supervised institutions described in § 324.61.,Federal Deposit Insurance Corporation,Federal Deposit Insurance Corporation,Regulations and Statements of General Policy,Capital Adequacy of FDIC-Supervised Institutions,other,binding,GAAP,False,False,https://www.ecfr.gov/current/title-12/section-324.63,2026-09-11,,false
12,Section,325,325.2,,12 C.F.R. 325.2,Definitions.,Federal Deposit Insurance Corporation,Federal Deposit Insurance Corporation,Regulations and Statements of General Policy,Stress Testing,other,other,GAAP;generally-accepted-accounting,False,False,https://www.ecfr.gov/current/title-12/section-325.2,2026-09-11,,false
12,Section,325,325.2,,12 C.F.R. 325.2,Definitions.,Federal Deposit Insurance Corporation,Federal Deposit Insurance Corporation,Regulations and Statements of General Policy,Stress Testing,other,other,GAAP;generally-accepted-accounting,False,False,https://www.ecfr.gov/current/title-12/section-325.2,2026-09-11,,false
12,Section,329,329.107,,12 C.F.R. 329.107,Calculation of NSFR derivatives amounts.,Federal Deposit Insurance Corporation,Federal Deposit Insurance Corporation,Regulations and Statements of General Policy,Liquidity Risk Measurement Standards,binding,binding,GAAP,False,False,https://www.ecfr.gov/current/title-12/section-329.107,2026-09-11,,false
12,Section,329,329.32,,12 C.F.R. 329.32,Outflow amounts.,Federal Deposit Insurance Corporation,Federal Deposit Insurance Corporation,Regulations and Statements of General Policy,Liquidity Risk Measurement Standards,other,other,GAAP,False,False,https://www.ecfr.gov/current/title-12/section-329.32,2026-09-11,,false
12,Section,329,329.3,,12 C.F.R. 329.3,Definitions.,Federal Deposit Insurance Corporation,Federal Deposit Insurance Corporation,Regulations and Statements of General Policy,Liquidity Risk Measurement Standards,binding,binding,GAAP;generally-accepted-accounting,False,False,https://www.ecfr.gov/current/title-12/section-329.3,2026-09-11,,false
12,Section,329,329.3,,12 C.F.R. 329.3,Definitions.,Federal Deposit Insurance Corporation,Federal Deposit Insurance Corporation,Regulations and Statements of General Policy,Liquidity Risk Measurement Standards,definition,binding,GAAP;generally-accepted-accounting,False,False,https://www.ecfr.gov/current/title-12/section-329.3,2026-09-11,,false
12,Section,329,329.3,,12 C.F.R. 329.3,Definitions.,Federal Deposit Insurance Corporation,Federal Deposit Insurance Corporation,Regulations and Statements of General Policy,Liquidity Risk Measurement Standards,definition,binding,GAAP;generally-accepted-accounting,False,False,https://www.ecfr.gov/current/title-12/section-329.3,2026-09-11,,false
12,Section,329,329.3,,12 C.F.R. 329.3,Definitions.,Federal Deposit Insurance Corporation,Federal Deposit Insurance Corporation,Regulations and Statements of General Policy,Liquidity Risk Measurement Standards,binding,binding,GAAP;generally-accepted-accounting,False,False,https://www.ecfr.gov/current/title-12/section-329.3,2026-09-11,,false
12,Section,329,329.3,,12 C.F.R. 329.3,Definitions.,Federal Deposit Insurance Corporation,Federal Deposit Insurance Corporation,Regulations and Statements of General Policy,Liquidity Risk Measurement Standards,definition,binding,GAAP;generally-accepted-accounting,False,False,https://www.ecfr.gov/current/title-12/section-329.3,2026-09-11,,false
12,Section,329,329.3,,12 C.F.R. 329.3,Definitions.,Federal Deposit Insurance Corporation,Federal Deposit Insurance Corporation,Regulations and Statements of General Policy,Liquidity Risk Measurement Standards,definition,binding,GAAP;generally-accepted-accounting,False,False,https://www.ecfr.gov/current/title-12/section-329.3,2026-09-11,,false
12,Section,34,34.81,,12 C.F.R. 34.81,Definitions.,"Comptroller of the Currency, Department of the Treasury","Comptroller of the Currency, Department of the Treasury",,Real Estate Lending and Appraisals,other,other,generally-accepted-accounting,False,False,https://www.ecfr.gov/current/title-12/section-34.81,2026-09-11,,false
12,Section,34,34.83,,12 C.F.R. 34.83,Disposition of OREO.,"Comptroller of the Currency, Department of the Treasury","Comptroller of the Currency, Department of the Treasury",,Real Estate Lending and Appraisals,other,permissive,generally-accepted-accounting,False,False,https://www.ecfr.gov/current/title-12/section-34.83,2026-09-11,,false
12,Section,34,34.83,,12 C.F.R. 34.83,Disposition of OREO.,"Comptroller of the Currency, Department of the Treasury","Comptroller of the Currency, Department of the Treasury",,Real Estate Lending and Appraisals,permissive,permissive,generally-accepted-accounting,False,False,https://www.ecfr.gov/current/title-12/section-34.83,2026-09-11,,false
12,Section,347,347.303,,12 C.F.R. 347.303,Allocated transfer risk reserve.,Federal Deposit Insurance Corporation,Federal Deposit Insurance Corporation,Regulations and Statements of General Policy,International Banking,permissive,permissive,generally-accepted-accounting,False,False,https://www.ecfr.gov/current/title-12/section-347.303,2026-09-11,,false
12,Section,347,347.304,,12 C.F.R. 347.304,Accounting for fees on international loans.,Federal Deposit Insurance Corporation,Federal Deposit Insurance Corporation,Regulations and Statements of General Policy,International Banking,binding,binding,generally-accepted-accounting,False,False,https://www.ecfr.gov/current/title-12/section-347.304,2026-09-11,,false
12,Section,349,349.2,,12 C.F.R. 349.2,Definitions.,Federal Deposit Insurance Corporation,Federal Deposit Insurance Corporation,Regulations and Statements of General Policy,Derivatives,other,other,generally-accepted-accounting,False,False,https://www.ecfr.gov/current/title-12/section-349.2,2026-09-11,,false
12,Section,349,349.2,,12 C.F.R. 349.2,Definitions.,Federal Deposit Insurance Corporation,Federal Deposit Insurance Corporation,Regulations and Statements of General Policy,Derivatives,other,other,generally-accepted-accounting,False,False,https://www.ecfr.gov/current/title-12/section-349.2,2026-09-11,,false
12,Section,351,351.10,,12 C.F.R. 351.10,Prohibition on acquiring or retaining an ownership interest in and having certain relationships with a covered fund.,Federal Deposit Insurance Corporation,Federal Deposit Insurance Corporation,Regulations and Statements of General Policy,Proprietary Trading and Certain Interests in and Relationships with Covered Funds,definition,definition,generally-accepted-accounting,False,False,https://www.ecfr.gov/current/title-12/section-351.10,2026-09-11,,false
12,Section,359,359.1,,12 C.F.R. 359.1,Definitions.,Federal Deposit Insurance Corporation,Federal Deposit Insurance Corporation,Regulations and Statements of General Policy,Golden Parachute and Indemnification Payments,permissive,binding,GAAP;generally-accepted-accounting,False,False,https://www.ecfr.gov/current/title-12/section-359.1,2026-09-11,,false
12,Section,359,359.1,,12 C.F.R. 359.1,Definitions.,Federal Deposit Insurance Corporation,Federal Deposit Insurance Corporation,Regulations and Statements of General Policy,Golden Parachute and Indemnification Payments,binding,binding,GAAP;generally-accepted-accounting,False,False,https://www.ecfr.gov/current/title-12/section-359.1,2026-09-11,,false
12,Section,360,360.6,,12 C.F.R. 360.6,Treatment of financial assets transferred in connection with a securitization or participation.,Federal Deposit Insurance Corporation,Federal Deposit Insurance Corporation,Regulations and Statements of General Policy,Resolution and Receivership Rules,binding,binding,generally-accepted-accounting,False,False,https://www.ecfr.gov/current/title-12/section-360.6,2026-09-11,,false
12,Section,360,360.6,,12 C.F.R. 360.6,Treatment of financial assets transferred in connection with a securitization or participation.,Federal Deposit Insurance Corporation,Federal Deposit Insurance Corporation,Regulations and Statements of General Policy,Resolution and Receivership Rules,binding,binding,generally-accepted-accounting,False,False,https://www.ecfr.gov/current/title-12/section-360.6,2026-09-11,,false
12,Section,360,360.6,,12 C.F.R. 360.6,Treatment of financial assets transferred in connection with a securitization or participation.,Federal Deposit Insurance Corporation,Federal Deposit Insurance Corporation,Regulations and Statements of General Policy,Resolution and Receivership Rules,binding,binding,generally-accepted-accounting,False,False,https://www.ecfr.gov/current/title-12/section-360.6,2026-09-11,,false
12,Section,360,360.6,,12 C.F.R. 360.6,Treatment of financial assets transferred in connection with a securitization or participation.,Federal Deposit Insurance Corporation,Federal Deposit Insurance Corporation,Regulations and Statements of General Policy,Resolution and Receivership Rules,binding,binding,generally-accepted-accounting,False,False,https://www.ecfr.gov/current/title-12/section-360.6,2026-09-11,,false
12,Section,360,360.6,,12 C.F.R. 360.6,Treatment of financial assets transferred in connection with a securitization or participation.,Federal Deposit Insurance Corporation,Federal Deposit Insurance Corporation,Regulations and Statements of General Policy,Resolution and Receivership Rules,definition,binding,generally-accepted-accounting,False,False,https://www.ecfr.gov/current/title-12/section-360.6,2026-09-11,,false
12,Section,362,362.4,,12 C.F.R. 362.4,Subsidiaries of insured State banks.,Federal Deposit Insurance Corporation,Federal Deposit Insurance Corporation,Regulations and Statements of General Policy,Activities of Insured State Banks and Insured Savings Associations,binding,binding,generally-accepted-accounting,False,False,https://www.ecfr.gov/current/title-12/section-362.4,2026-09-11,,false
12,Section,363,363.1,,12 C.F.R. 363.1,Scope and definitions.,Federal Deposit Insurance Corporation,Federal Deposit Insurance Corporation,Regulations and Statements of General Policy,Annual Independent Audits and Reporting Requirements,binding,binding,GAAP;generally-accepted-accounting,False,False,https://www.ecfr.gov/current/title-12/section-363.1,2026-09-11,,false
12,Section,363,363.1,,12 C.F.R. 363.1,Scope and definitions.,Federal Deposit Insurance Corporation,Federal Deposit Insurance Corporation,Regulations and Statements of General Policy,Annual Independent Audits and Reporting Requirements,binding,binding,GAAP;generally-accepted-accounting,False,False,https://www.ecfr.gov/current/title-12/section-363.1,2026-09-11,,false
12,Section,363,363.1,,12 C.F.R. 363.1,Scope and definitions.,Federal Deposit Insurance Corporation,Federal Deposit Insurance Corporation,Regulations and Statements of General Policy,Annual Independent Audits and Reporting Requirements,definition,binding,GAAP;generally-accepted-accounting,False,False,https://www.ecfr.gov/current/title-12/section-363.1,2026-09-11,,false
12,Section,363,363.2,,12 C.F.R. 363.2,Annual reporting requirements.,Federal Deposit Insurance Corporation,Federal Deposit Insurance Corporation,Regulations and Statements of General Policy,Annual Independent Audits and Reporting Requirements,binding,binding,GAAP,False,False,https://www.ecfr.gov/current/title-12/section-363.2,2026-09-11,,false
12,Section,363,363.2,,12 C.F.R. 363.2,Annual reporting requirements.,Federal Deposit Insurance Corporation,Federal Deposit Insurance Corporation,Regulations and Statements of General Policy,Annual Independent Audits and Reporting Requirements,binding,binding,GAAP,False,False,https://www.ecfr.gov/current/title-12/section-363.2,2026-09-11,,false
12,Section,363,363.3,,12 C.F.R. 363.3,Independent public accountant.,Federal Deposit Insurance Corporation,Federal Deposit Insurance Corporation,Regulations and Statements of General Policy,Annual Independent Audits and Reporting Requirements,binding,binding,GAAP,False,False,https://www.ecfr.gov/current/title-12/section-363.3,2026-09-11,,false
12,Section,363,363.3,,12 C.F.R. 363.3,Independent public accountant.,Federal Deposit Insurance Corporation,Federal Deposit Insurance Corporation,Regulations and Statements of General Policy,Annual Independent Audits and Reporting Requirements,other,binding,GAAP,False,False,https://www.ecfr.gov/current/title-12/section-363.3,2026-09-11,,false
12,Section,371,371.2,,12 C.F.R. 371.2,Definitions.,Federal Deposit Insurance Corporation,Federal Deposit Insurance Corporation,Regulations and Statements of General Policy,Recordkeeping Requirements for Qualified Financial Contracts,binding,binding,generally-accepted-accounting,False,False,https://www.ecfr.gov/current/title-12/section-371.2,2026-09-11,,false
12,Section,371,371.2,,12 C.F.R. 371.2,Definitions.,Federal Deposit Insurance Corporation,Federal Deposit Insurance Corporation,Regulations and Statements of General Policy,Recordkeeping Requirements for Qualified Financial Contracts,binding,binding,generally-accepted-accounting,False,False,https://www.ecfr.gov/current/title-12/section-371.2,2026-09-11,,false
12,Section,373,373.14,,12 C.F.R. 373.14,"Definitions applicable to qualifying commercial loans, qualifying commercial real estate loans, and qualifying automobile loans.",Federal Deposit Insurance Corporation,Federal Deposit Insurance Corporation,Regulations and Statements of General Policy,Credit Risk Retention,binding,binding,GAAP,False,False,https://www.ecfr.gov/current/title-12/section-373.14,2026-09-11,,false
12,Section,373,373.14,,12 C.F.R. 373.14,"Definitions applicable to qualifying commercial loans, qualifying commercial real estate loans, and qualifying automobile loans.",Federal Deposit Insurance Corporation,Federal Deposit Insurance Corporation,Regulations and Statements of General Policy,Credit Risk Retention,binding,binding,GAAP,False,False,https://www.ecfr.gov/current/title-12/section-373.14,2026-09-11,,false
12,Section,373,373.2,,12 C.F.R. 373.2,Definitions.,Federal Deposit Insurance Corporation,Federal Deposit Insurance Corporation,Regulations and Statements of General Policy,Credit Risk Retention,definition,definition,GAAP;generally-accepted-accounting,False,False,https://www.ecfr.gov/current/title-12/section-373.2,2026-09-11,,false
12,Section,373,373.2,,12 C.F.R. 373.2,Definitions.,Federal Deposit Insurance Corporation,Federal Deposit Insurance Corporation,Regulations and Statements of General Policy,Credit Risk Retention,definition,definition,GAAP;generally-accepted-accounting,False,False,https://www.ecfr.gov/current/title-12/section-373.2,2026-09-11,,false
12,Section,373,373.4,,12 C.F.R. 373.4,Standard risk retention.,Federal Deposit Insurance Corporation,Federal Deposit Insurance Corporation,Regulations and Statements of General Policy,Credit Risk Retention,binding,binding,GAAP,False,False,https://www.ecfr.gov/current/title-12/section-373.4,2026-09-11,,false
12,Section,373,373.5,,12 C.F.R. 373.5,Revolving pool securitizations.,Federal Deposit Insurance Corporation,Federal Deposit Insurance Corporation,Regulations and Statements of General Policy,Credit Risk Retention,other,other,GAAP,False,False,https://www.ecfr.gov/current/title-12/section-373.5,2026-09-11,,false
12,Section,373,373.5,,12 C.F.R. 373.5,Revolving pool securitizations.,Federal Deposit Insurance Corporation,Federal Deposit Insurance Corporation,Regulations and Statements of General Policy,Credit Risk Retention,other,other,GAAP,False,False,https://www.ecfr.gov/current/title-12/section-373.5,2026-09-11,,false
12,Section,373,373.6,,12 C.F.R. 373.6,Eligible ABCP conduits.,Federal Deposit Insurance Corporation,Federal Deposit Insurance Corporation,Regulations and Statements of General Policy,Credit Risk Retention,other,definition,GAAP,False,False,https://www.ecfr.gov/current/title-12/section-373.6,2026-09-11,,false
12,Section,373,373.6,,12 C.F.R. 373.6,Eligible ABCP conduits.,Federal Deposit Insurance Corporation,Federal Deposit Insurance Corporation,Regulations and Statements of General Policy,Credit Risk Retention,other,definition,GAAP,False,False,https://www.ecfr.gov/current/title-12/section-373.6,2026-09-11,,false
12,Section,373,373.6,,12 C.F.R. 373.6,Eligible ABCP conduits.,Federal Deposit Insurance Corporation,Federal Deposit Insurance Corporation,Regulations and Statements of General Policy,Credit Risk Retention,definition,definition,GAAP,False,False,https://www.ecfr.gov/current/title-12/section-373.6,2026-09-11,,false
12,Section,380,380.8,,12 C.F.R. 380.8,Predominantly engaged in activities that are financial or incidental thereto.,Federal Deposit Insurance Corporation,Federal Deposit Insurance Corporation,Regulations and Statements of General Policy,Orderly Liquidation Authority,other,other,generally-accepted-accounting,False,False,https://www.ecfr.gov/current/title-12/section-380.8,2026-09-11,,false
12,Section,382,382.1,,12 C.F.R. 382.1,Definitions.,Federal Deposit Insurance Corporation,Federal Deposit Insurance Corporation,Regulations and Statements of General Policy,Restrictions on Qualified Financial Contracts,other,other,generally-accepted-accounting,False,False,https://www.ecfr.gov/current/title-12/section-382.1,2026-09-11,,false
12,Section,43,43.14,,12 C.F.R. 43.14,"Definitions applicable to qualifying commercial loans, qualifying commercial real estate loans, and qualifying automobile loans.","Comptroller of the Currency, Department of the Treasury","Comptroller of the Currency, Department of the Treasury",,Credit Risk Retention,binding,binding,GAAP,False,False,https://www.ecfr.gov/current/title-12/section-43.14,2026-09-11,,false
12,Section,43,43.14,,12 C.F.R. 43.14,"Definitions applicable to qualifying commercial loans, qualifying commercial real estate loans, and qualifying automobile loans.","Comptroller of the Currency, Department of the Treasury","Comptroller of the Currency, Department of the Treasury",,Credit Risk Retention,binding,binding,GAAP,False,False,https://www.ecfr.gov/current/title-12/section-43.14,2026-09-11,,false
12,Section,43,43.2,,12 C.F.R. 43.2,Definitions.,"Comptroller of the Currency, Department of the Treasury","Comptroller of the Currency, Department of the Treasury",,Credit Risk Retention,definition,definition,GAAP;generally-accepted-accounting,False,False,https://www.ecfr.gov/current/title-12/section-43.2,2026-09-11,,false
12,Section,43,43.2,,12 C.F.R. 43.2,Definitions.,"Comptroller of the Currency, Department of the Treasury","Comptroller of the Currency, Department of the Treasury",,Credit Risk Retention,definition,definition,GAAP;generally-accepted-accounting,False,False,https://www.ecfr.gov/current/title-12/section-43.2,2026-09-11,,false
12,Section,43,43.4,,12 C.F.R. 43.4,Standard risk retention.,"Comptroller of the Currency, Department of the Treasury","Comptroller of the Currency, Department of the Treasury",,Credit Risk Retention,binding,binding,GAAP,False,False,https://www.ecfr.gov/current/title-12/section-43.4,2026-09-11,,false
12,Section,43,43.5,,12 C.F.R. 43.5,Revolving pool securitizations.,"Comptroller of the Currency, Department of the Treasury","Comptroller of the Currency, Department of the Treasury",,Credit Risk Retention,other,other,GAAP,False,False,https://www.ecfr.gov/current/title-12/section-43.5,2026-09-11,,false
12,Section,43,43.5,,12 C.F.R. 43.5,Revolving pool securitizations.,"Comptroller of the Currency, Department of the Treasury","Comptroller of the Currency, Department of the Treasury",,Credit Risk Retention,other,other,GAAP,False,False,https://www.ecfr.gov/current/title-12/section-43.5,2026-09-11,,false
12,Section,43,43.6,,12 C.F.R. 43.6,Eligible ABCP conduits.,"Comptroller of the Currency, Department of the Treasury","Comptroller of the Currency, Department of the Treasury",,Credit Risk Retention,other,definition,GAAP,False,False,https://www.ecfr.gov/current/title-12/section-43.6,2026-09-11,,false
12,Section,43,43.6,,12 C.F.R. 43.6,Eligible ABCP conduits.,"Comptroller of the Currency, Department of the Treasury","Comptroller of the Currency, Department of the Treasury",,Credit Risk Retention,other,definition,GAAP,False,False,https://www.ecfr.gov/current/title-12/section-43.6,2026-09-11,,false
12,Section,43,43.6,,12 C.F.R. 43.6,Eligible ABCP conduits.,"Comptroller of the Currency, Department of the Treasury","Comptroller of the Currency, Department of the Treasury",,Credit Risk Retention,definition,definition,GAAP,False,False,https://www.ecfr.gov/current/title-12/section-43.6,2026-09-11,,false
12,Section,44,44.10,,12 C.F.R. 44.10,Prohibition on acquiring or retaining an ownership interest in and having certain relationships with a covered fund.,"Comptroller of the Currency, Department of the Treasury","Comptroller of the Currency, Department of the Treasury",,Proprietary Trading and Certain Interests in and Relationships with Covered Funds,definition,definition,generally-accepted-accounting,False,False,https://www.ecfr.gov/current/title-12/section-44.10,2026-09-11,,false
12,Section,45,45.2,,12 C.F.R. 45.2,Definitions.,"Comptroller of the Currency, Department of the Treasury","Comptroller of the Currency, Department of the Treasury",,Margin and Capital Requirements for Covered Swap Entities,other,other,generally-accepted-accounting,False,False,https://www.ecfr.gov/current/title-12/section-45.2,2026-09-11,,false
12,Section,45,45.2,,12 C.F.R. 45.2,Definitions.,"Comptroller of the Currency, Department of the Treasury","Comptroller of the Currency, Department of the Treasury",,Margin and Capital Requirements for Covered Swap Entities,other,other,generally-accepted-accounting,False,False,https://www.ecfr.gov/current/title-12/section-45.2,2026-09-11,,false
12,Section,47,47.2,,12 C.F.R. 47.2,Definitions.,"Comptroller of the Currency, Department of the Treasury","Comptroller of the Currency, Department of the Treasury",,Mandatory Contractual Stay Requirements for Qualified Financial Contracts,other,other,generally-accepted-accounting,False,False,https://www.ecfr.gov/current/title-12/section-47.2,2026-09-11,,false
12,Section,5,5.34,,12 C.F.R. 5.34,Operating subsidiaries of a national bank.,"Comptroller of the Currency, Department of the Treasury","Comptroller of the Currency, Department of the Treasury",,"Rules, Policies, and Procedures for Corporate Activities",other,binding,GAAP,False,False,https://www.ecfr.gov/current/title-12/section-5.34,2026-09-11,,false
12,Section,5,5.34,,12 C.F.R. 5.34,Operating subsidiaries of a national bank.,"Comptroller of the Currency, Department of the Treasury","Comptroller of the Currency, Department of the Treasury",,"Rules, Policies, and Procedures for Corporate Activities",binding,binding,GAAP,False,False,https://www.ecfr.gov/current/title-12/section-5.34,2026-09-11,,false
12,Section,5,5.38,,12 C.F.R. 5.38,Operating subsidiaries of a Federal savings association.,"Comptroller of the Currency, Department of the Treasury","Comptroller of the Currency, Department of the Treasury",,"Rules, Policies, and Procedures for Corporate Activities",other,binding,GAAP,False,False,https://www.ecfr.gov/current/title-12/section-5.38,2026-09-11,,false
12,Section,5,5.38,,12 C.F.R. 5.38,Operating subsidiaries of a Federal savings association.,"Comptroller of the Currency, Department of the Treasury","Comptroller of the Currency, Department of the Treasury",,"Rules, Policies, and Procedures for Corporate Activities",binding,binding,GAAP,False,False,https://www.ecfr.gov/current/title-12/section-5.38,2026-09-11,,false
12,Section,5,5.39,,12 C.F.R. 5.39,Financial subsidiaries of a national bank.,"Comptroller of the Currency, Department of the Treasury","Comptroller of the Currency, Department of the Treasury",,"Rules, Policies, and Procedures for Corporate Activities",binding,binding,GAAP,False,False,https://www.ecfr.gov/current/title-12/section-5.39,2026-09-11,,false
12,Section,5,5.3,,12 C.F.R. 5.3,Definitions.,"Comptroller of the Currency, Department of the Treasury","Comptroller of the Currency, Department of the Treasury",,"Rules, Policies, and Procedures for Corporate Activities",definition,definition,GAAP;generally-accepted-accounting,False,False,https://www.ecfr.gov/current/title-12/section-5.3,2026-09-11,,false
12,Section,5,5.46,,12 C.F.R. 5.46,Changes in permanent capital of a national bank.,"Comptroller of the Currency, Department of the Treasury","Comptroller of the Currency, Department of the Treasury",,"Rules, Policies, and Procedures for Corporate Activities",other,binding,GAAP,False,False,https://www.ecfr.gov/current/title-12/section-5.46,2026-09-11,,false
12,Section,5,5.46,,12 C.F.R. 5.46,Changes in permanent capital of a national bank.,"Comptroller of the Currency, Department of the Treasury","Comptroller of the Currency, Department of the Treasury",,"Rules, Policies, and Procedures for Corporate Activities",binding,binding,GAAP,False,False,https://www.ecfr.gov/current/title-12/section-5.46,2026-09-11,,false
12,Section,5,5.55,,12 C.F.R. 5.55,Capital distributions by Federal savings associations.,"Comptroller of the Currency, Department of the Treasury","Comptroller of the Currency, Department of the Treasury",,"Rules, Policies, and Procedures for Corporate Activities",binding,binding,GAAP,False,False,https://www.ecfr.gov/current/title-12/section-5.55,2026-09-11,,false
12,Section,5,5.59,,12 C.F.R. 5.59,Service corporations of Federal savings associations.,"Comptroller of the Currency, Department of the Treasury","Comptroller of the Currency, Department of the Treasury",,"Rules, Policies, and Procedures for Corporate Activities",definition,definition,GAAP,False,False,https://www.ecfr.gov/current/title-12/section-5.59,2026-09-11,,false
12,Section,5,5.59,,12 C.F.R. 5.59,Service corporations of Federal savings associations.,"Comptroller of the Currency, Department of the Treasury","Comptroller of the Currency, Department of the Treasury",,"Rules, Policies, and Procedures for Corporate Activities",other,definition,GAAP,False,False,https://www.ecfr.gov/current/title-12/section-5.59,2026-09-11,,false
12,Section,5,5.59,,12 C.F.R. 5.59,Service corporations of Federal savings associations.,"Comptroller of the Currency, Department of the Treasury","Comptroller of the Currency, Department of the Treasury",,"Rules, Policies, and Procedures for Corporate Activities",other,definition,GAAP,False,False,https://www.ecfr.gov/current/title-12/section-5.59,2026-09-11,,false
12,Section,5,5.59,,12 C.F.R. 5.59,Service corporations of Federal savings associations.,"Comptroller of the Currency, Department of the Treasury","Comptroller of the Currency, Department of the Treasury",,"Rules, Policies, and Procedures for Corporate Activities",other,definition,GAAP,False,False,https://www.ecfr.gov/current/title-12/section-5.59,2026-09-11,,false
12,Section,5,5.59,,12 C.F.R. 5.59,Service corporations of Federal savings associations.,"Comptroller of the Currency, Department of the Treasury","Comptroller of the Currency, Department of the Treasury",,"Rules, Policies, and Procedures for Corporate Activities",other,definition,GAAP,False,False,https://www.ecfr.gov/current/title-12/section-5.59,2026-09-11,,false
12,Section,5,5.66,,12 C.F.R. 5.66,Dividends payable in property other than cash.,"Comptroller of the Currency, Department of the Treasury","Comptroller of the Currency, Department of the Treasury",,"Rules, Policies, and Procedures for Corporate Activities",other,other,GAAP,False,False,https://www.ecfr.gov/current/title-12/section-5.66,2026-09-11,,false
12,Section,50,50.107,,12 C.F.R. 50.107,Calculation of NSFR derivatives amounts.,"Comptroller of the Currency, Department of the Treasury","Comptroller of the Currency, Department of the Treasury",,Liquidity Risk Measurement Standards,binding,binding,GAAP,False,False,https://www.ecfr.gov/current/title-12/section-50.107,2026-09-11,,false
12,Section,50,50.32,,12 C.F.R. 50.32,Outflow amounts.,"Comptroller of the Currency, Department of the Treasury","Comptroller of the Currency, Department of the Treasury",,Liquidity Risk Measurement Standards,other,other,GAAP,False,False,https://www.ecfr.gov/current/title-12/section-50.32,2026-09-11,,false
12,Section,50,50.3,,12 C.F.R. 50.3,Definitions.,"Comptroller of the Currency, Department of the Treasury","Comptroller of the Currency, Department of the Treasury",,Liquidity Risk Measurement Standards,binding,binding,GAAP;generally-accepted-accounting,False,False,https://www.ecfr.gov/current/title-12/section-50.3,2026-09-11,,false
12,Section,50,50.3,,12 C.F.R. 50.3,Definitions.,"Comptroller of the Currency, Department of the Treasury","Comptroller of the Currency, Department of the Treasury",,Liquidity Risk Measurement Standards,definition,binding,GAAP;generally-accepted-accounting,False,False,https://www.ecfr.gov/current/title-12/section-50.3,2026-09-11,,false
12,Section,50,50.3,,12 C.F.R. 50.3,Definitions.,"Comptroller of the Currency, Department of the Treasury","Comptroller of the Currency, Department of the Treasury",,Liquidity Risk Measurement Standards,definition,binding,GAAP;generally-accepted-accounting,False,False,https://www.ecfr.gov/current/title-12/section-50.3,2026-09-11,,false
12,Section,50,50.3,,12 C.F.R. 50.3,Definitions.,"Comptroller of the Currency, Department of the Treasury","Comptroller of the Currency, Department of the Treasury",,Liquidity Risk Measurement Standards,binding,binding,GAAP;generally-accepted-accounting,False,False,https://www.ecfr.gov/current/title-12/section-50.3,2026-09-11,,false
12,Section,50,50.3,,12 C.F.R. 50.3,Definitions.,"Comptroller of the Currency, Department of the Treasury","Comptroller of the Currency, Department of the Treasury",,Liquidity Risk Measurement Standards,definition,binding,GAAP;generally-accepted-accounting,False,False,https://www.ecfr.gov/current/title-12/section-50.3,2026-09-11,,false
12,Section,50,50.3,,12 C.F.R. 50.3,Definitions.,"Comptroller of the Currency, Department of the Treasury","Comptroller of the Currency, Department of the Treasury",,Liquidity Risk Measurement Standards,definition,binding,GAAP;generally-accepted-accounting,False,False,https://www.ecfr.gov/current/title-12/section-50.3,2026-09-11,,false
12,Section,611,611.1122,,12 C.F.R. 611.1122,Requirements for association mergers or consolidations.,Farm Credit Administration,Farm Credit Administration,Farm Credit System,Organization,binding,binding,generally-accepted-accounting,False,False,https://www.ecfr.gov/current/title-12/section-611.1122,2026-09-11,,false
12,Section,611,611.1151,,12 C.F.R. 611.1151,Definitions.,Farm Credit Administration,Farm Credit Administration,Farm Credit System,Organization,permissive,definition,GAAP;generally-accepted-accounting,False,False,https://www.ecfr.gov/current/title-12/section-611.1151,2026-09-11,,false
12,Section,611,611.1151,,12 C.F.R. 611.1151,Definitions.,Farm Credit Administration,Farm Credit Administration,Farm Credit System,Organization,other,definition,GAAP;generally-accepted-accounting,False,False,https://www.ecfr.gov/current/title-12/section-611.1151,2026-09-11,,false
12,Section,611,611.1151,,12 C.F.R. 611.1151,Definitions.,Farm Credit Administration,Farm Credit Administration,Farm Credit System,Organization,definition,definition,GAAP;generally-accepted-accounting,False,False,https://www.ecfr.gov/current/title-12/section-611.1151,2026-09-11,,false
12,Section,611,611.1156,,12 C.F.R. 611.1156,Ongoing requirements.,Farm Credit Administration,Farm Credit Administration,Farm Credit System,Organization,other,other,GAAP,False,False,https://www.ecfr.gov/current/title-12/section-611.1156,2026-09-11,,false
12,Section,611,611.1205,,12 C.F.R. 611.1205,Definitions that apply in this subpart.,Farm Credit Administration,Farm Credit Administration,Farm Credit System,Organization,definition,definition,GAAP;generally-accepted-accounting,False,False,https://www.ecfr.gov/current/title-12/section-611.1205,2026-09-11,,false
12,Section,611,611.1205,,12 C.F.R. 611.1205,Definitions that apply in this subpart.,Farm Credit Administration,Farm Credit Administration,Farm Credit System,Organization,definition,definition,GAAP;generally-accepted-accounting,False,False,https://www.ecfr.gov/current/title-12/section-611.1205,2026-09-11,,false
12,Section,611,611.1223,,12 C.F.R. 611.1223,Plan of termination—contents.,Farm Credit Administration,Farm Credit Administration,Farm Credit System,Organization,other,other,GAAP,False,False,https://www.ecfr.gov/current/title-12/section-611.1223,2026-09-11,,false
12,Section,611,611.1250,,12 C.F.R. 611.1250,Preliminary exit fee estimate.,Farm Credit Administration,Farm Credit Administration,Farm Credit System,Organization,binding,binding,GAAP,False,False,https://www.ecfr.gov/current/title-12/section-611.1250,2026-09-11,,false
12,Section,611,611.1250,,12 C.F.R. 611.1250,Preliminary exit fee estimate.,Farm Credit Administration,Farm Credit Administration,Farm Credit System,Organization,binding,binding,GAAP,False,False,https://www.ecfr.gov/current/title-12/section-611.1250,2026-09-11,,false
12,Section,611,611.1255,,12 C.F.R. 611.1255,Exit fee calculation.,Farm Credit Administration,Farm Credit Administration,Farm Credit System,Organization,binding,binding,GAAP,False,False,https://www.ecfr.gov/current/title-12/section-611.1255,2026-09-11,,false
12,Section,611,611.1255,,12 C.F.R. 611.1255,Exit fee calculation.,Farm Credit Administration,Farm Credit Administration,Farm Credit System,Organization,binding,binding,GAAP,False,False,https://www.ecfr.gov/current/title-12/section-611.1255,2026-09-11,,false
12,Section,615,615.5206,,12 C.F.R. 615.5206,Permanent capital ratio computation.,Farm Credit Administration,Farm Credit Administration,Farm Credit System,"Funding and Fiscal Affairs, Loan Policies and Operations, and Funding Operations",binding,binding,generally-accepted-accounting,False,False,https://www.ecfr.gov/current/title-12/section-615.5206,2026-09-11,,false
12,Section,615,615.5207,,12 C.F.R. 615.5207,Capital adjustments and associated reductions to assets.,Farm Credit Administration,Farm Credit Administration,Farm Credit System,"Funding and Fiscal Affairs, Loan Policies and Operations, and Funding Operations",binding,binding,GAAP,False,False,https://www.ecfr.gov/current/title-12/section-615.5207,2026-09-11,,false
12,Section,616,616.6300,,12 C.F.R. 616.6300,"Leasing policies, procedures, and underwriting standards.",Farm Credit Administration,Farm Credit Administration,Farm Credit System,Leasing,binding,binding,generally-accepted-accounting,False,False,https://www.ecfr.gov/current/title-12/section-616.6300,2026-09-11,,false
12,Section,620,620.2,,12 C.F.R. 620.2,Preparing and filing reports.,Farm Credit Administration,Farm Credit Administration,Farm Credit System,Disclosure to Shareholders,binding,binding,generally-accepted-accounting,False,False,https://www.ecfr.gov/current/title-12/section-620.2,2026-09-11,,false
12,Section,620,620.5,,12 C.F.R. 620.5,Contents of the annual report to shareholders.,Farm Credit Administration,Farm Credit Administration,Farm Credit System,Disclosure to Shareholders,binding,binding,generally-accepted-accounting,False,False,https://www.ecfr.gov/current/title-12/section-620.5,2026-09-11,,false
12,Section,621,621.13,,12 C.F.R. 621.13,Content and standards—general rules.,Farm Credit Administration,Farm Credit Administration,Farm Credit System,Accounting and Reporting Requirements,permissive,permissive,generally-accepted-accounting,False,False,https://www.ecfr.gov/current/title-12/section-621.13,2026-09-11,,false
12,Section,621,621.2,,12 C.F.R. 621.2,Definitions.,Farm Credit Administration,Farm Credit Administration,Farm Credit System,Accounting and Reporting Requirements,definition,definition,FASB;Financial Accounting Standards Board;generally-accepted-accounting,False,False,https://www.ecfr.gov/current/title-12/section-621.2,2026-09-11,2026-09-11,true
12,Section,621,621.2,,12 C.F.R. 621.2,Definitions.,Farm Credit Administration,Farm Credit Administration,Farm Credit System,Accounting and Reporting Requirements,other,definition,FASB;Financial Accounting Standards Board;generally-accepted-accounting,False,False,https://www.ecfr.gov/current/title-12/section-621.2,2026-09-11,2026-09-11,false
12,Section,621,621.3,,12 C.F.R. 621.3,Application of generally accepted accounting principles.,Farm Credit Administration,Farm Credit Administration,Farm Credit System,Accounting and Reporting Requirements,other,binding,generally-accepted-accounting,False,False,https://www.ecfr.gov/current/title-12/section-621.3,2026-09-11,2026-09-11,false
12,Section,621,621.3,,12 C.F.R. 621.3,Application of generally accepted accounting principles.,Farm Credit Administration,Farm Credit Administration,Farm Credit System,Accounting and Reporting Requirements,binding,binding,generally-accepted-accounting,False,False,https://www.ecfr.gov/current/title-12/section-621.3,2026-09-11,2026-09-11,false
12,Section,621,621.3,,12 C.F.R. 621.3,Application of generally accepted accounting principles.,Farm Credit Administration,Farm Credit Administration,Farm Credit System,Accounting and Reporting Requirements,binding,binding,generally-accepted-accounting,False,False,https://www.ecfr.gov/current/title-12/section-621.3,2026-09-11,2026-09-11,false
12,Section,621,621.4,,12 C.F.R. 621.4,Audit by qualified public accountant.,Farm Credit Administration,Farm Credit Administration,Farm Credit System,Accounting and Reporting Requirements,binding,binding,generally-accepted-accounting,False,False,https://www.ecfr.gov/current/title-12/section-621.4,2026-09-11,,false
12,Section,621,621.4,,12 C.F.R. 621.4,Audit by qualified public accountant.,Farm Credit Administration,Farm Credit Administration,Farm Credit System,Accounting and Reporting Requirements,binding,binding,generally-accepted-accounting,False,False,https://www.ecfr.gov/current/title-12/section-621.4,2026-09-11,,false
12,Section,621,621.5,,12 C.F.R. 621.5,Accounting for the allowance for credit losses and chargeoffs.,Farm Credit Administration,Farm Credit Administration,Farm Credit System,Accounting and Reporting Requirements,other,other,generally-accepted-accounting,False,False,https://www.ecfr.gov/current/title-12/section-621.5,2026-09-11,,false
12,Section,621,621.6,,12 C.F.R. 621.6,Categorizing high-risk loans and other property owned.,Farm Credit Administration,Farm Credit Administration,Farm Credit System,Accounting and Reporting Requirements,other,other,Financial Accounting Standards Board;generally-accepted-accounting,True,False,https://www.ecfr.gov/current/title-12/section-621.6,2026-09-11,,true
12,Section,621,621.9,,12 C.F.R. 621.9,Reinstatement to accrual status.,Farm Credit Administration,Farm Credit Administration,Farm Credit System,Accounting and Reporting Requirements,binding,binding,generally-accepted-accounting,False,False,https://www.ecfr.gov/current/title-12/section-621.9,2026-09-11,,false
12,Section,624,624.2,,12 C.F.R. 624.2,Definitions.,Farm Credit Administration,Farm Credit Administration,Farm Credit System,Margin and Capital Requirements for Covered Swap Entities,other,other,generally-accepted-accounting,False,False,https://www.ecfr.gov/current/title-12/section-624.2,2026-09-11,,false
12,Section,624,624.2,,12 C.F.R. 624.2,Definitions.,Farm Credit Administration,Farm Credit Administration,Farm Credit System,Margin and Capital Requirements for Covered Swap Entities,other,other,generally-accepted-accounting,False,False,https://www.ecfr.gov/current/title-12/section-624.2,2026-09-11,,false
12,Section,628,628.10,,12 C.F.R. 628.10,Minimum capital requirements.,Farm Credit Administration,Farm Credit Administration,Farm Credit System,Capital Adequacy of System Institutions,binding,binding,GAAP,False,False,https://www.ecfr.gov/current/title-12/section-628.10,2026-09-11,,false
12,Section,628,628.20,,12 C.F.R. 628.20,Capital components and eligibility criteria for tier 1 and tier 2 capital instruments.,Farm Credit Administration,Farm Credit Administration,Farm Credit System,Capital Adequacy of System Institutions,other,other,GAAP,False,False,https://www.ecfr.gov/current/title-12/section-628.20,2026-09-11,,false
12,Section,628,628.20,,12 C.F.R. 628.20,Capital components and eligibility criteria for tier 1 and tier 2 capital instruments.,Farm Credit Administration,Farm Credit Administration,Farm Credit System,Capital Adequacy of System Institutions,other,other,GAAP,False,False,https://www.ecfr.gov/current/title-12/section-628.20,2026-09-11,,false
12,Section,628,628.22,,12 C.F.R. 628.22,Regulatory capital adjustments and deductions.,Farm Credit Administration,Farm Credit Administration,Farm Credit System,Capital Adequacy of System Institutions,other,other,GAAP,False,False,https://www.ecfr.gov/current/title-12/section-628.22,2026-09-11,,false
12,Section,628,628.2,,12 C.F.R. 628.2,Definitions.,Farm Credit Administration,Farm Credit Administration,Farm Credit System,Capital Adequacy of System Institutions,binding,binding,GAAP;generally-accepted-accounting,False,False,https://www.ecfr.gov/current/title-12/section-628.2,2026-09-11,,false
12,Section,628,628.2,,12 C.F.R. 628.2,Definitions.,Farm Credit Administration,Farm Credit Administration,Farm Credit System,Capital Adequacy of System Institutions,binding,binding,GAAP;generally-accepted-accounting,False,False,https://www.ecfr.gov/current/title-12/section-628.2,2026-09-11,,false
12,Section,628,628.2,,12 C.F.R. 628.2,Definitions.,Farm Credit Administration,Farm Credit Administration,Farm Credit System,Capital Adequacy of System Institutions,binding,binding,GAAP;generally-accepted-accounting,False,False,https://www.ecfr.gov/current/title-12/section-628.2,2026-09-11,,false
12,Section,628,628.2,,12 C.F.R. 628.2,Definitions.,Farm Credit Administration,Farm Credit Administration,Farm Credit System,Capital Adequacy of System Institutions,binding,binding,GAAP;generally-accepted-accounting,False,False,https://www.ecfr.gov/current/title-12/section-628.2,2026-09-11,,false
12,Section,628,628.2,,12 C.F.R. 628.2,Definitions.,Farm Credit Administration,Farm Credit Administration,Farm Credit System,Capital Adequacy of System Institutions,other,binding,GAAP;generally-accepted-accounting,False,False,https://www.ecfr.gov/current/title-12/section-628.2,2026-09-11,,false
12,Section,628,628.2,,12 C.F.R. 628.2,Definitions.,Farm Credit Administration,Farm Credit Administration,Farm Credit System,Capital Adequacy of System Institutions,other,binding,GAAP;generally-accepted-accounting,False,False,https://www.ecfr.gov/current/title-12/section-628.2,2026-09-11,,false
12,Section,628,628.2,,12 C.F.R. 628.2,Definitions.,Farm Credit Administration,Farm Credit Administration,Farm Credit System,Capital Adequacy of System Institutions,other,binding,GAAP;generally-accepted-accounting,False,False,https://www.ecfr.gov/current/title-12/section-628.2,2026-09-11,,false
12,Section,628,628.2,,12 C.F.R. 628.2,Definitions.,Farm Credit Administration,Farm Credit Administration,Farm Credit System,Capital Adequacy of System Institutions,definition,binding,GAAP;generally-accepted-accounting,False,False,https://www.ecfr.gov/current/title-12/section-628.2,2026-09-11,,false
12,Section,628,628.2,,12 C.F.R. 628.2,Definitions.,Farm Credit Administration,Farm Credit Administration,Farm Credit System,Capital Adequacy of System Institutions,other,binding,GAAP;generally-accepted-accounting,False,False,https://www.ecfr.gov/current/title-12/section-628.2,2026-09-11,,false
12,Section,628,628.41,,12 C.F.R. 628.41,Operational requirements for securitization exposures.,Farm Credit Administration,Farm Credit Administration,Farm Credit System,Capital Adequacy of System Institutions,other,other,GAAP,False,False,https://www.ecfr.gov/current/title-12/section-628.41,2026-09-11,,false
12,Section,628,628.42,,12 C.F.R. 628.42,Risk-weighted assets for securitization exposures.,Farm Credit Administration,Farm Credit Administration,Farm Credit System,Capital Adequacy of System Institutions,binding,binding,GAAP,False,False,https://www.ecfr.gov/current/title-12/section-628.42,2026-09-11,,false
12,Section,628,628.42,,12 C.F.R. 628.42,Risk-weighted assets for securitization exposures.,Farm Credit Administration,Farm Credit Administration,Farm Credit System,Capital Adequacy of System Institutions,other,binding,GAAP,False,False,https://www.ecfr.gov/current/title-12/section-628.42,2026-09-11,,false
12,Section,628,628.63,,12 C.F.R. 628.63,Disclosures.,Farm Credit Administration,Farm Credit Administration,Farm Credit System,Capital Adequacy of System Institutions,binding,binding,GAAP,False,False,https://www.ecfr.gov/current/title-12/section-628.63,2026-09-11,,false
12,Section,628,628.63,,12 C.F.R. 628.63,Disclosures.,Farm Credit Administration,Farm Credit Administration,Farm Credit System,Capital Adequacy of System Institutions,other,binding,GAAP,False,False,https://www.ecfr.gov/current/title-12/section-628.63,2026-09-11,,false
12,Section,628,628.63,,12 C.F.R. 628.63,Disclosures.,Farm Credit Administration,Farm Credit Administration,Farm Credit System,Capital Adequacy of System Institutions,other,binding,GAAP,False,False,https://www.ecfr.gov/current/title-12/section-628.63,2026-09-11,,false
12,Section,628,628.63,,12 C.F.R. 628.63,Disclosures.,Farm Credit Administration,Farm Credit Administration,Farm Credit System,Capital Adequacy of System Institutions,other,binding,GAAP,False,False,https://www.ecfr.gov/current/title-12/section-628.63,2026-09-11,,false
12,Section,628,628.63,,12 C.F.R. 628.63,Disclosures.,Farm Credit Administration,Farm Credit Administration,Farm Credit System,Capital Adequacy of System Institutions,other,binding,GAAP,False,False,https://www.ecfr.gov/current/title-12/section-628.63,2026-09-11,,false
12,Section,630,630.20,,12 C.F.R. 630.20,Contents of the annual report to investors.,Farm Credit Administration,Farm Credit Administration,Farm Credit System,Disclosure to Investors in Systemwide and Consolidated Bank Debt Obligations of the Farm Credit System,binding,binding,GAAP,False,False,https://www.ecfr.gov/current/title-12/section-630.20,2026-09-11,,false
12,Section,630,630.4,,12 C.F.R. 630.4,Responsibilities for preparing the report to investors.,Farm Credit Administration,Farm Credit Administration,Farm Credit System,Disclosure to Investors in Systemwide and Consolidated Bank Debt Obligations of the Farm Credit System,other,other,GAAP;generally-accepted-accounting,False,False,https://www.ecfr.gov/current/title-12/section-630.4,2026-09-11,,false
12,Section,652,652.50,,12 C.F.R. 652.50,Definitions.,Farm Credit Administration,Farm Credit Administration,Farm Credit System,Federal Agricultural Mortgage Corporation Funding and Fiscal Affairs,binding,binding,generally-accepted-accounting,False,False,https://www.ecfr.gov/current/title-12/section-652.50,2026-09-11,,false
12,Section,652,652.5,,12 C.F.R. 652.5,Definitions.,Farm Credit Administration,Farm Credit Administration,Farm Credit System,Federal Agricultural Mortgage Corporation Funding and Fiscal Affairs,binding,binding,generally-accepted-accounting,False,False,https://www.ecfr.gov/current/title-12/section-652.5,2026-09-11,,false
12,Section,652,652.65,,12 C.F.R. 652.65,Risk-based capital stress test.,Farm Credit Administration,Farm Credit Administration,Farm Credit System,Federal Agricultural Mortgage Corporation Funding and Fiscal Affairs,permissive,permissive,generally-accepted-accounting,False,False,https://www.ecfr.gov/current/title-12/section-652.65,2026-09-11,2026-09-11,false
12,Section,701,701.21,,12 C.F.R. 701.21,Loans to members and lines of credit to members.,National Credit Union Administration,National Credit Union Administration,Regulations Affecting Credit Unions,Organization and Operation of Federal Credit Unions,other,other,GAAP;generally-accepted-accounting,False,False,https://www.ecfr.gov/current/title-12/section-701.21,2026-09-11,,false
12,Section,701,701.36,,12 C.F.R. 701.36,Federal credit union occupancy and disposal of acquired and abandoned premises.,National Credit Union Administration,National Credit Union Administration,Regulations Affecting Credit Unions,Organization and Operation of Federal Credit Unions,binding,binding,GAAP;generally-accepted-accounting,False,False,https://www.ecfr.gov/current/title-12/section-701.36,2026-09-11,,false
12,Section,702,702.104,,12 C.F.R. 702.104,Risk-based capital ratio.,National Credit Union Administration,National Credit Union Administration,Regulations Affecting Credit Unions,Capital Adequacy,binding,binding,GAAP,False,False,https://www.ecfr.gov/current/title-12/section-702.104,2026-09-11,,false
12,Section,702,702.104,,12 C.F.R. 702.104,Risk-based capital ratio.,National Credit Union Administration,National Credit Union Administration,Regulations Affecting Credit Unions,Capital Adequacy,binding,binding,GAAP,False,False,https://www.ecfr.gov/current/title-12/section-702.104,2026-09-11,,false
12,Section,702,702.113,,12 C.F.R. 702.113,Full and fair disclosure of financial condition.,National Credit Union Administration,National Credit Union Administration,Regulations Affecting Credit Unions,Capital Adequacy,binding,binding,GAAP,False,False,https://www.ecfr.gov/current/title-12/section-702.113,2026-09-11,,false
12,Section,702,702.113,,12 C.F.R. 702.113,Full and fair disclosure of financial condition.,National Credit Union Administration,National Credit Union Administration,Regulations Affecting Credit Unions,Capital Adequacy,binding,binding,GAAP,False,False,https://www.ecfr.gov/current/title-12/section-702.113,2026-09-11,,false
12,Section,702,702.210,,12 C.F.R. 702.210,Full and fair disclosure of financial condition.,National Credit Union Administration,National Credit Union Administration,Regulations Affecting Credit Unions,Capital Adequacy,binding,binding,GAAP;generally-accepted-accounting,False,False,https://www.ecfr.gov/current/title-12/section-702.210,2026-09-11,,false
12,Section,702,702.210,,12 C.F.R. 702.210,Full and fair disclosure of financial condition.,National Credit Union Administration,National Credit Union Administration,Regulations Affecting Credit Unions,Capital Adequacy,binding,binding,GAAP;generally-accepted-accounting,False,False,https://www.ecfr.gov/current/title-12/section-702.210,2026-09-11,,false
12,Section,702,702.2,,12 C.F.R. 702.2,Definitions.,National Credit Union Administration,National Credit Union Administration,Regulations Affecting Credit Unions,Capital Adequacy,binding,binding,Accounting Standards Codification;FASB;GAAP;U.S. GAAP;generally-accepted-accounting,False,False,https://www.ecfr.gov/current/title-12/section-702.2,2026-09-11,2026-09-11,false
12,Section,702,702.2,,12 C.F.R. 702.2,Definitions.,National Credit Union Administration,National Credit Union Administration,Regulations Affecting Credit Unions,Capital Adequacy,other,binding,Accounting Standards Codification;FASB;GAAP;U.S. GAAP;generally-accepted-accounting,False,False,https://www.ecfr.gov/current/title-12/section-702.2,2026-09-11,2026-09-11,false
12,Section,702,702.2,,12 C.F.R. 702.2,Definitions.,National Credit Union Administration,National Credit Union Administration,Regulations Affecting Credit Unions,Capital Adequacy,binding,binding,Accounting Standards Codification;FASB;GAAP;U.S. GAAP;generally-accepted-accounting,False,False,https://www.ecfr.gov/current/title-12/section-702.2,2026-09-11,2026-09-11,false
12,Section,702,702.2,,12 C.F.R. 702.2,Definitions.,National Credit Union Administration,National Credit Union Administration,Regulations Affecting Credit Unions,Capital Adequacy,binding,binding,Accounting Standards Codification;FASB;GAAP;U.S. GAAP;generally-accepted-accounting,False,False,https://www.ecfr.gov/current/title-12/section-702.2,2026-09-11,2026-09-11,false
12,Section,702,702.2,,12 C.F.R. 702.2,Definitions.,National Credit Union Administration,National Credit Union Administration,Regulations Affecting Credit Unions,Capital Adequacy,binding,binding,Accounting Standards Codification;FASB;GAAP;U.S. GAAP;generally-accepted-accounting,False,False,https://www.ecfr.gov/current/title-12/section-702.2,2026-09-11,2026-09-11,false
12,Section,702,702.2,,12 C.F.R. 702.2,Definitions.,National Credit Union Administration,National Credit Union Administration,Regulations Affecting Credit Unions,Capital Adequacy,binding,binding,Accounting Standards Codification;FASB;GAAP;U.S. GAAP;generally-accepted-accounting,False,False,https://www.ecfr.gov/current/title-12/section-702.2,2026-09-11,2026-09-11,false
12,Section,702,702.2,,12 C.F.R. 702.2,Definitions.,National Credit Union Administration,National Credit Union Administration,Regulations Affecting Credit Unions,Capital Adequacy,binding,binding,Accounting Standards Codification;FASB;GAAP;U.S. GAAP;generally-accepted-accounting,False,False,https://www.ecfr.gov/current/title-12/section-702.2,2026-09-11,2026-09-11,false
12,Section,702,702.2,,12 C.F.R. 702.2,Definitions.,National Credit Union Administration,National Credit Union Administration,Regulations Affecting Credit Unions,Capital Adequacy,other,binding,Accounting Standards Codification;FASB;GAAP;U.S. GAAP;generally-accepted-accounting,False,False,https://www.ecfr.gov/current/title-12/section-702.2,2026-09-11,2026-09-11,false
12,Section,702,702.2,,12 C.F.R. 702.2,Definitions.,National Credit Union Administration,National Credit Union Administration,Regulations Affecting Credit Unions,Capital Adequacy,definition,binding,Accounting Standards Codification;FASB;GAAP;U.S. GAAP;generally-accepted-accounting,False,False,https://www.ecfr.gov/current/title-12/section-702.2,2026-09-11,2026-09-11,true
12,Section,702,702.2,,12 C.F.R. 702.2,Definitions.,National Credit Union Administration,National Credit Union Administration,Regulations Affecting Credit Unions,Capital Adequacy,binding,binding,Accounting Standards Codification;FASB;GAAP;U.S. GAAP;generally-accepted-accounting,False,False,https://www.ecfr.gov/current/title-12/section-702.2,2026-09-11,2026-09-11,false
12,Section,702,702.2,,12 C.F.R. 702.2,Definitions.,National Credit Union Administration,National Credit Union Administration,Regulations Affecting Credit Unions,Capital Adequacy,binding,binding,Accounting Standards Codification;FASB;GAAP;U.S. GAAP;generally-accepted-accounting,False,False,https://www.ecfr.gov/current/title-12/section-702.2,2026-09-11,2026-09-11,false
12,Section,702,702.2,,12 C.F.R. 702.2,Definitions.,National Credit Union Administration,National Credit Union Administration,Regulations Affecting Credit Unions,Capital Adequacy,binding,binding,Accounting Standards Codification;FASB;GAAP;U.S. GAAP;generally-accepted-accounting,False,False,https://www.ecfr.gov/current/title-12/section-702.2,2026-09-11,2026-09-11,false
12,Section,702,702.2,,12 C.F.R. 702.2,Definitions.,National Credit Union Administration,National Credit Union Administration,Regulations Affecting Credit Unions,Capital Adequacy,binding,binding,Accounting Standards Codification;FASB;GAAP;U.S. GAAP;generally-accepted-accounting,False,False,https://www.ecfr.gov/current/title-12/section-702.2,2026-09-11,2026-09-11,false
12,Section,702,702.2,,12 C.F.R. 702.2,Definitions.,National Credit Union Administration,National Credit Union Administration,Regulations Affecting Credit Unions,Capital Adequacy,definition,binding,Accounting Standards Codification;FASB;GAAP;U.S. GAAP;generally-accepted-accounting,False,False,https://www.ecfr.gov/current/title-12/section-702.2,2026-09-11,2026-09-11,false
12,Section,702,702.2,,12 C.F.R. 702.2,Definitions.,National Credit Union Administration,National Credit Union Administration,Regulations Affecting Credit Unions,Capital Adequacy,binding,binding,Accounting Standards Codification;FASB;GAAP;U.S. GAAP;generally-accepted-accounting,False,False,https://www.ecfr.gov/current/title-12/section-702.2,2026-09-11,2026-09-11,false
12,Section,702,702.2,,12 C.F.R. 702.2,Definitions.,National Credit Union Administration,National Credit Union Administration,Regulations Affecting Credit Unions,Capital Adequacy,other,binding,Accounting Standards Codification;FASB;GAAP;U.S. GAAP;generally-accepted-accounting,False,False,https://www.ecfr.gov/current/title-12/section-702.2,2026-09-11,2026-09-11,false
12,Section,702,702.2,,12 C.F.R. 702.2,Definitions.,National Credit Union Administration,National Credit Union Administration,Regulations Affecting Credit Unions,Capital Adequacy,binding,binding,Accounting Standards Codification;FASB;GAAP;U.S. GAAP;generally-accepted-accounting,False,False,https://www.ecfr.gov/current/title-12/section-702.2,2026-09-11,2026-09-11,false
12,Section,702,702.2,,12 C.F.R. 702.2,Definitions.,National Credit Union Administration,National Credit Union Administration,Regulations Affecting Credit Unions,Capital Adequacy,binding,binding,Accounting Standards Codification;FASB;GAAP;U.S. GAAP;generally-accepted-accounting,False,False,https://www.ecfr.gov/current/title-12/section-702.2,2026-09-11,2026-09-11,false
12,Section,702,702.2,,12 C.F.R. 702.2,Definitions.,National Credit Union Administration,National Credit Union Administration,Regulations Affecting Credit Unions,Capital Adequacy,binding,binding,Accounting Standards Codification;FASB;GAAP;U.S. GAAP;generally-accepted-accounting,False,False,https://www.ecfr.gov/current/title-12/section-702.2,2026-09-11,2026-09-11,false
12,Section,702,702.402,,12 C.F.R. 702.402,Definitions.,National Credit Union Administration,National Credit Union Administration,Regulations Affecting Credit Unions,Capital Adequacy,binding,binding,GAAP,False,False,https://www.ecfr.gov/current/title-12/section-702.402,2026-09-11,,false
12,Section,702,702.404,,12 C.F.R. 702.404,Requirements of the Subordinated Debt Note.,National Credit Union Administration,National Credit Union Administration,Regulations Affecting Credit Unions,Capital Adequacy,other,other,GAAP;U.S. GAAP,False,False,https://www.ecfr.gov/current/title-12/section-702.404,2026-09-11,,false
12,Section,702,702.408,,12 C.F.R. 702.408,Preapproval to issue Subordinated Debt.,National Credit Union Administration,National Credit Union Administration,Regulations Affecting Credit Unions,Capital Adequacy,other,other,GAAP;U.S. GAAP,False,False,https://www.ecfr.gov/current/title-12/section-702.408,2026-09-11,,false
12,Section,702,702.701,,12 C.F.R. 702.701,"Authority, purpose, and scope.",National Credit Union Administration,National Credit Union Administration,Regulations Affecting Credit Unions,Capital Adequacy,other,other,GAAP;generally-accepted-accounting,False,False,https://www.ecfr.gov/current/title-12/section-702.701,2026-09-11,,false
12,Section,702,702.702,,12 C.F.R. 702.702,Definitions.,National Credit Union Administration,National Credit Union Administration,Regulations Affecting Credit Unions,Capital Adequacy,definition,definition,GAAP,False,False,https://www.ecfr.gov/current/title-12/section-702.702,2026-09-11,,false
12,Section,703,703.103,,12 C.F.R. 703.103,Requirements related to the characteristics of permissible Interest Rate Risk Derivatives.,National Credit Union Administration,National Credit Union Administration,Regulations Affecting Credit Unions,Investment and Deposit Activities,other,other,GAAP;generally-accepted-accounting,False,False,https://www.ecfr.gov/current/title-12/section-703.103,2026-09-11,,false
12,Section,703,703.106,,12 C.F.R. 703.106,Operational support requirements.,National Credit Union Administration,National Credit Union Administration,Regulations Affecting Credit Unions,Investment and Deposit Activities,binding,binding,GAAP,False,False,https://www.ecfr.gov/current/title-12/section-703.106,2026-09-11,,false
12,Section,703,703.106,,12 C.F.R. 703.106,Operational support requirements.,National Credit Union Administration,National Credit Union Administration,Regulations Affecting Credit Unions,Investment and Deposit Activities,binding,binding,GAAP,False,False,https://www.ecfr.gov/current/title-12/section-703.106,2026-09-11,,false
12,Section,703,703.108,,12 C.F.R. 703.108,Notification and application requirements.,National Credit Union Administration,National Credit Union Administration,Regulations Affecting Credit Unions,Investment and Deposit Activities,binding,binding,GAAP,False,False,https://www.ecfr.gov/current/title-12/section-703.108,2026-09-11,,false
12,Section,703,703.14,,12 C.F.R. 703.14,Permissible investments.,National Credit Union Administration,National Credit Union Administration,Regulations Affecting Credit Unions,Investment and Deposit Activities,permissive,permissive,GAAP;generally-accepted-accounting,False,False,https://www.ecfr.gov/current/title-12/section-703.14,2026-09-11,,false
12,Section,703,703.14,,12 C.F.R. 703.14,Permissible investments.,National Credit Union Administration,National Credit Union Administration,Regulations Affecting Credit Unions,Investment and Deposit Activities,other,permissive,GAAP;generally-accepted-accounting,False,False,https://www.ecfr.gov/current/title-12/section-703.14,2026-09-11,,false
12,Section,703,703.18,,12 C.F.R. 703.18,Grandfathered investments.,National Credit Union Administration,National Credit Union Administration,Regulations Affecting Credit Unions,Investment and Deposit Activities,binding,binding,generally-accepted-accounting,False,False,https://www.ecfr.gov/current/title-12/section-703.18,2026-09-11,,false
12,Section,703,703.2,,12 C.F.R. 703.2,Definitions.,National Credit Union Administration,National Credit Union Administration,Regulations Affecting Credit Unions,Investment and Deposit Activities,definition,binding,GAAP;generally-accepted-accounting,False,False,https://www.ecfr.gov/current/title-12/section-703.2,2026-09-11,,false
12,Section,703,703.2,,12 C.F.R. 703.2,Definitions.,National Credit Union Administration,National Credit Union Administration,Regulations Affecting Credit Unions,Investment and Deposit Activities,binding,binding,GAAP;generally-accepted-accounting,False,False,https://www.ecfr.gov/current/title-12/section-703.2,2026-09-11,,false
12,Section,703,703.2,,12 C.F.R. 703.2,Definitions.,National Credit Union Administration,National Credit Union Administration,Regulations Affecting Credit Unions,Investment and Deposit Activities,definition,binding,GAAP;generally-accepted-accounting,False,False,https://www.ecfr.gov/current/title-12/section-703.2,2026-09-11,,false
12,Section,703,703.4,,12 C.F.R. 703.4,Recordkeeping and documentation requirements.,National Credit Union Administration,National Credit Union Administration,Regulations Affecting Credit Unions,Investment and Deposit Activities,binding,binding,generally-accepted-accounting,False,False,https://www.ecfr.gov/current/title-12/section-703.4,2026-09-11,,false
12,Section,704,704.11,,12 C.F.R. 704.11,Credit Union Service Organizations (CUSOs).,National Credit Union Administration,National Credit Union Administration,Regulations Affecting Credit Unions,Corporate Credit Unions,other,permissive,GAAP,False,False,https://www.ecfr.gov/current/title-12/section-704.11,2026-09-11,,false
12,Section,704,704.11,,12 C.F.R. 704.11,Credit Union Service Organizations (CUSOs).,National Credit Union Administration,National Credit Union Administration,Regulations Affecting Credit Unions,Corporate Credit Unions,permissive,permissive,GAAP,False,False,https://www.ecfr.gov/current/title-12/section-704.11,2026-09-11,,false
12,Section,704,704.11,,12 C.F.R. 704.11,Credit Union Service Organizations (CUSOs).,National Credit Union Administration,National Credit Union Administration,Regulations Affecting Credit Unions,Corporate Credit Unions,other,permissive,GAAP,False,False,https://www.ecfr.gov/current/title-12/section-704.11,2026-09-11,,false
12,Section,704,704.13,,12 C.F.R. 704.13,Board responsibilities.,National Credit Union Administration,National Credit Union Administration,Regulations Affecting Credit Unions,Corporate Credit Unions,other,other,GAAP,False,False,https://www.ecfr.gov/current/title-12/section-704.13,2026-09-11,,false
12,Section,704,704.15,,12 C.F.R. 704.15,Audit and reporting requirements.,National Credit Union Administration,National Credit Union Administration,Regulations Affecting Credit Unions,Corporate Credit Unions,binding,binding,GAAP;generally-accepted-accounting,False,False,https://www.ecfr.gov/current/title-12/section-704.15,2026-09-11,,false
12,Section,704,704.15,,12 C.F.R. 704.15,Audit and reporting requirements.,National Credit Union Administration,National Credit Union Administration,Regulations Affecting Credit Unions,Corporate Credit Unions,binding,binding,GAAP;generally-accepted-accounting,False,False,https://www.ecfr.gov/current/title-12/section-704.15,2026-09-11,,false
12,Section,704,704.15,,12 C.F.R. 704.15,Audit and reporting requirements.,National Credit Union Administration,National Credit Union Administration,Regulations Affecting Credit Unions,Corporate Credit Unions,binding,binding,GAAP;generally-accepted-accounting,False,False,https://www.ecfr.gov/current/title-12/section-704.15,2026-09-11,,false
12,Section,704,704.15,,12 C.F.R. 704.15,Audit and reporting requirements.,National Credit Union Administration,National Credit Union Administration,Regulations Affecting Credit Unions,Corporate Credit Unions,other,binding,GAAP;generally-accepted-accounting,False,False,https://www.ecfr.gov/current/title-12/section-704.15,2026-09-11,,false
12,Section,704,704.2,,12 C.F.R. 704.2,Definitions.,National Credit Union Administration,National Credit Union Administration,Regulations Affecting Credit Unions,Corporate Credit Unions,binding,binding,GAAP;accounting;generally-accepted-accounting,False,False,https://www.ecfr.gov/current/title-12/section-704.2,2026-09-11,,false
12,Section,704,704.2,,12 C.F.R. 704.2,Definitions.,National Credit Union Administration,National Credit Union Administration,Regulations Affecting Credit Unions,Corporate Credit Unions,binding,binding,GAAP;accounting;generally-accepted-accounting,False,False,https://www.ecfr.gov/current/title-12/section-704.2,2026-09-11,,false
12,Section,704,704.2,,12 C.F.R. 704.2,Definitions.,National Credit Union Administration,National Credit Union Administration,Regulations Affecting Credit Unions,Corporate Credit Unions,definition,binding,GAAP;accounting;generally-accepted-accounting,False,False,https://www.ecfr.gov/current/title-12/section-704.2,2026-09-11,,false
12,Section,704,704.2,,12 C.F.R. 704.2,Definitions.,National Credit Union Administration,National Credit Union Administration,Regulations Affecting Credit Unions,Corporate Credit Unions,binding,binding,GAAP;accounting;generally-accepted-accounting,False,False,https://www.ecfr.gov/current/title-12/section-704.2,2026-09-11,,false
12,Section,704,704.2,,12 C.F.R. 704.2,Definitions.,National Credit Union Administration,National Credit Union Administration,Regulations Affecting Credit Unions,Corporate Credit Unions,definition,binding,GAAP;accounting;generally-accepted-accounting,False,False,https://www.ecfr.gov/current/title-12/section-704.2,2026-09-11,,false
12,Section,704,704.2,,12 C.F.R. 704.2,Definitions.,National Credit Union Administration,National Credit Union Administration,Regulations Affecting Credit Unions,Corporate Credit Unions,definition,binding,GAAP;accounting;generally-accepted-accounting,False,False,https://www.ecfr.gov/current/title-12/section-704.2,2026-09-11,,false
12,Section,704,704.2,,12 C.F.R. 704.2,Definitions.,National Credit Union Administration,National Credit Union Administration,Regulations Affecting Credit Unions,Corporate Credit Unions,other,binding,GAAP;accounting;generally-accepted-accounting,False,False,https://www.ecfr.gov/current/title-12/section-704.2,2026-09-11,,false
12,Section,704,704.2,,12 C.F.R. 704.2,Definitions.,National Credit Union Administration,National Credit Union Administration,Regulations Affecting Credit Unions,Corporate Credit Unions,definition,binding,GAAP;accounting;generally-accepted-accounting,False,False,https://www.ecfr.gov/current/title-12/section-704.2,2026-09-11,,false
12,Section,704,704.2,,12 C.F.R. 704.2,Definitions.,National Credit Union Administration,National Credit Union Administration,Regulations Affecting Credit Unions,Corporate Credit Unions,binding,binding,GAAP;accounting;generally-accepted-accounting,False,False,https://www.ecfr.gov/current/title-12/section-704.2,2026-09-11,,false
12,Section,704,704.2,,12 C.F.R. 704.2,Definitions.,National Credit Union Administration,National Credit Union Administration,Regulations Affecting Credit Unions,Corporate Credit Unions,binding,binding,GAAP;accounting;generally-accepted-accounting,False,False,https://www.ecfr.gov/current/title-12/section-704.2,2026-09-11,,false
12,Section,704,704.2,,12 C.F.R. 704.2,Definitions.,National Credit Union Administration,National Credit Union Administration,Regulations Affecting Credit Unions,Corporate Credit Unions,permissive,binding,GAAP;accounting;generally-accepted-accounting,False,False,https://www.ecfr.gov/current/title-12/section-704.2,2026-09-11,,false
12,Section,704,704.2,,12 C.F.R. 704.2,Definitions.,National Credit Union Administration,National Credit Union Administration,Regulations Affecting Credit Unions,Corporate Credit Unions,permissive,binding,GAAP;accounting;generally-accepted-accounting,False,False,https://www.ecfr.gov/current/title-12/section-704.2,2026-09-11,,false
12,Section,704,704.2,,12 C.F.R. 704.2,Definitions.,National Credit Union Administration,National Credit Union Administration,Regulations Affecting Credit Unions,Corporate Credit Unions,definition,binding,GAAP;accounting;generally-accepted-accounting,False,False,https://www.ecfr.gov/current/title-12/section-704.2,2026-09-11,,false
12,Section,704,704.2,,12 C.F.R. 704.2,Definitions.,National Credit Union Administration,National Credit Union Administration,Regulations Affecting Credit Unions,Corporate Credit Unions,other,binding,GAAP;accounting;generally-accepted-accounting,False,False,https://www.ecfr.gov/current/title-12/section-704.2,2026-09-11,,false
12,Section,704,704.2,,12 C.F.R. 704.2,Definitions.,National Credit Union Administration,National Credit Union Administration,Regulations Affecting Credit Unions,Corporate Credit Unions,definition,binding,GAAP;accounting;generally-accepted-accounting,False,False,https://www.ecfr.gov/current/title-12/section-704.2,2026-09-11,,false
12,Section,704,704.5,,12 C.F.R. 704.5,Investments.,National Credit Union Administration,National Credit Union Administration,Regulations Affecting Credit Unions,Corporate Credit Unions,other,other,GAAP,False,False,https://www.ecfr.gov/current/title-12/section-704.5,2026-09-11,,false
12,Section,708b,708b.103,,12 C.F.R. 708b.103,Preparation of merger plan.,National Credit Union Administration,National Credit Union Administration,Regulations Affecting Credit Unions,Mergers of Federally-Insured Credit Unions; Voluntary Termination or Conversion of Insured Status,other,other,GAAP;generally-accepted-accounting,False,False,https://www.ecfr.gov/current/title-12/section-708b.103,2026-09-11,,false
12,Section,709,709.9,,12 C.F.R. 709.9,Treatment of financial assets transferred in connection with a securitization or participation.,National Credit Union Administration,National Credit Union Administration,Regulations Affecting Credit Unions,Involuntary Liquidation of Federal Credit Unions and Adjudication of Creditor Claims Involving Federally Insured Credit Unions in Liquidation,other,definition,generally-accepted-accounting,False,False,https://www.ecfr.gov/current/title-12/section-709.9,2026-09-11,,false
12,Section,709,709.9,,12 C.F.R. 709.9,Treatment of financial assets transferred in connection with a securitization or participation.,National Credit Union Administration,National Credit Union Administration,Regulations Affecting Credit Unions,Involuntary Liquidation of Federal Credit Unions and Adjudication of Creditor Claims Involving Federally Insured Credit Unions in Liquidation,other,definition,generally-accepted-accounting,False,False,https://www.ecfr.gov/current/title-12/section-709.9,2026-09-11,,false
12,Section,709,709.9,,12 C.F.R. 709.9,Treatment of financial assets transferred in connection with a securitization or participation.,National Credit Union Administration,National Credit Union Administration,Regulations Affecting Credit Unions,Involuntary Liquidation of Federal Credit Unions and Adjudication of Creditor Claims Involving Federally Insured Credit Unions in Liquidation,definition,definition,generally-accepted-accounting,False,False,https://www.ecfr.gov/current/title-12/section-709.9,2026-09-11,,false
12,Section,709,709.9,,12 C.F.R. 709.9,Treatment of financial assets transferred in connection with a securitization or participation.,National Credit Union Administration,National Credit Union Administration,Regulations Affecting Credit Unions,Involuntary Liquidation of Federal Credit Unions and Adjudication of Creditor Claims Involving Federally Insured Credit Unions in Liquidation,definition,definition,generally-accepted-accounting,False,False,https://www.ecfr.gov/current/title-12/section-709.9,2026-09-11,,false
12,Section,712,712.2,,12 C.F.R. 712.2,"How much can an FCU invest in or loan to CUSOs, and what parties may participate?",National Credit Union Administration,National Credit Union Administration,Regulations Affecting Credit Unions,Credit Union Service Organizations (CUSOs),binding,binding,GAAP,False,False,https://www.ecfr.gov/current/title-12/section-712.2,2026-09-11,,false
12,Section,712,712.2,,12 C.F.R. 712.2,"How much can an FCU invest in or loan to CUSOs, and what parties may participate?",National Credit Union Administration,National Credit Union Administration,Regulations Affecting Credit Unions,Credit Union Service Organizations (CUSOs),other,binding,GAAP,False,False,https://www.ecfr.gov/current/title-12/section-712.2,2026-09-11,,false
12,Section,712,712.2,,12 C.F.R. 712.2,"How much can an FCU invest in or loan to CUSOs, and what parties may participate?",National Credit Union Administration,National Credit Union Administration,Regulations Affecting Credit Unions,Credit Union Service Organizations (CUSOs),permissive,binding,GAAP,False,False,https://www.ecfr.gov/current/title-12/section-712.2,2026-09-11,,false
12,Section,712,712.3,,12 C.F.R. 712.3,What are the characteristics of and what requirements apply to CUSOs?,National Credit Union Administration,National Credit Union Administration,Regulations Affecting Credit Unions,Credit Union Service Organizations (CUSOs),binding,binding,GAAP;generally-accepted-accounting,False,False,https://www.ecfr.gov/current/title-12/section-712.3,2026-09-11,,false
12,Section,712,712.3,,12 C.F.R. 712.3,What are the characteristics of and what requirements apply to CUSOs?,National Credit Union Administration,National Credit Union Administration,Regulations Affecting Credit Unions,Credit Union Service Organizations (CUSOs),binding,binding,GAAP;generally-accepted-accounting,False,False,https://www.ecfr.gov/current/title-12/section-712.3,2026-09-11,,false
12,Section,715,715.2,,12 C.F.R. 715.2,Definitions used in this part.,National Credit Union Administration,National Credit Union Administration,Regulations Affecting Credit Unions,Supervisory Committee Audits and Verifications,definition,definition,GAAP;generally-accepted-accounting,False,False,https://www.ecfr.gov/current/title-12/section-715.2,2026-09-11,2026-09-11,false
12,Section,715,715.2,,12 C.F.R. 715.2,Definitions used in this part.,National Credit Union Administration,National Credit Union Administration,Regulations Affecting Credit Unions,Supervisory Committee Audits and Verifications,other,definition,GAAP;generally-accepted-accounting,False,False,https://www.ecfr.gov/current/title-12/section-715.2,2026-09-11,2026-09-11,false
12,Section,715,715.2,,12 C.F.R. 715.2,Definitions used in this part.,National Credit Union Administration,National Credit Union Administration,Regulations Affecting Credit Unions,Supervisory Committee Audits and Verifications,definition,definition,GAAP;generally-accepted-accounting,False,False,https://www.ecfr.gov/current/title-12/section-715.2,2026-09-11,2026-09-11,false
12,Section,715,715.2,,12 C.F.R. 715.2,Definitions used in this part.,National Credit Union Administration,National Credit Union Administration,Regulations Affecting Credit Unions,Supervisory Committee Audits and Verifications,other,definition,GAAP;generally-accepted-accounting,False,False,https://www.ecfr.gov/current/title-12/section-715.2,2026-09-11,2026-09-11,false
12,Section,721,721.3,,12 C.F.R. 721.3,What categories of activities are preapproved as incidental powers necessary or requisite to carry on a credit union's business?,National Credit Union Administration,National Credit Union Administration,Regulations Affecting Credit Unions,Incidental Powers,binding,binding,generally-accepted-accounting,False,False,https://www.ecfr.gov/current/title-12/section-721.3,2026-09-11,,false
12,Section,721,721.3,,12 C.F.R. 721.3,What categories of activities are preapproved as incidental powers necessary or requisite to carry on a credit union's business?,National Credit Union Administration,National Credit Union Administration,Regulations Affecting Credit Unions,Incidental Powers,binding,binding,generally-accepted-accounting,False,False,https://www.ecfr.gov/current/title-12/section-721.3,2026-09-11,,false
12,Section,723,723.4,,12 C.F.R. 723.4,Commercial loan policy.,National Credit Union Administration,National Credit Union Administration,Regulations Affecting Credit Unions,Member Business Loans; Commercial Lending,binding,binding,GAAP;generally-accepted-accounting,False,False,https://www.ecfr.gov/current/title-12/section-723.4,2026-09-11,,false
12,Section,723,723.7,,12 C.F.R. 723.7,Prohibited activities.,National Credit Union Administration,National Credit Union Administration,Regulations Affecting Credit Unions,Member Business Loans; Commercial Lending,permissive,permissive,GAAP,False,False,https://www.ecfr.gov/current/title-12/section-723.7,2026-09-11,,false
12,Section,723,723.8,,12 C.F.R. 723.8,Aggregate member business loan limit; exclusions and exceptions.,National Credit Union Administration,National Credit Union Administration,Regulations Affecting Credit Unions,Member Business Loans; Commercial Lending,other,other,generally-accepted-accounting,False,False,https://www.ecfr.gov/current/title-12/section-723.8,2026-09-11,2026-09-11,false
12,Section,741,741.6,,12 C.F.R. 741.6,Financial and statistical and other reports.,National Credit Union Administration,National Credit Union Administration,Regulations Affecting Credit Unions,Requirements for Insurance,other,binding,FASB;Financial Accounting Standards Board;GAAP;generally-accepted-accounting,False,False,https://www.ecfr.gov/current/title-12/section-741.6,2026-09-11,,false
12,Section,741,741.6,,12 C.F.R. 741.6,Financial and statistical and other reports.,National Credit Union Administration,National Credit Union Administration,Regulations Affecting Credit Unions,Requirements for Insurance,binding,binding,FASB;Financial Accounting Standards Board;GAAP;generally-accepted-accounting,False,False,https://www.ecfr.gov/current/title-12/section-741.6,2026-09-11,,false
12,Section,741,741.6,,12 C.F.R. 741.6,Financial and statistical and other reports.,National Credit Union Administration,National Credit Union Administration,Regulations Affecting Credit Unions,Requirements for Insurance,other,binding,FASB;Financial Accounting Standards Board;GAAP;generally-accepted-accounting,False,False,https://www.ecfr.gov/current/title-12/section-741.6,2026-09-11,,false
12,Section,741,741.6,,12 C.F.R. 741.6,Financial and statistical and other reports.,National Credit Union Administration,National Credit Union Administration,Regulations Affecting Credit Unions,Requirements for Insurance,definition,binding,FASB;Financial Accounting Standards Board;GAAP;generally-accepted-accounting,False,False,https://www.ecfr.gov/current/title-12/section-741.6,2026-09-11,,false
12,Section,741,741.6,,12 C.F.R. 741.6,Financial and statistical and other reports.,National Credit Union Administration,National Credit Union Administration,Regulations Affecting Credit Unions,Requirements for Insurance,definition,binding,FASB;Financial Accounting Standards Board;GAAP;generally-accepted-accounting,False,False,https://www.ecfr.gov/current/title-12/section-741.6,2026-09-11,,false
12,Section,741,741.6,,12 C.F.R. 741.6,Financial and statistical and other reports.,National Credit Union Administration,National Credit Union Administration,Regulations Affecting Credit Unions,Requirements for Insurance,permissive,binding,FASB;Financial Accounting Standards Board;GAAP;generally-accepted-accounting,False,False,https://www.ecfr.gov/current/title-12/section-741.6,2026-09-11,,true
12,Section,746,746.107,,12 C.F.R. 746.107,Procedures for appealing to the Supervisory Review Committee.,National Credit Union Administration,National Credit Union Administration,Regulations Affecting Credit Unions,Appeals Procedures,binding,binding,generally-accepted-accounting,False,False,https://www.ecfr.gov/current/title-12/section-746.107,2026-09-11,,false
12,Section,750,750.1,,12 C.F.R. 750.1,Definitions.,National Credit Union Administration,National Credit Union Administration,Regulations Affecting Credit Unions,Golden Parachute and Indemnification Payments,permissive,binding,GAAP;generally-accepted-accounting,False,False,https://www.ecfr.gov/current/title-12/section-750.1,2026-09-11,,false
12,Section,750,750.1,,12 C.F.R. 750.1,Definitions.,National Credit Union Administration,National Credit Union Administration,Regulations Affecting Credit Unions,Golden Parachute and Indemnification Payments,binding,binding,GAAP;generally-accepted-accounting,False,False,https://www.ecfr.gov/current/title-12/section-750.1,2026-09-11,,false
13,Section,107,107.1590,,13 C.F.R. 107.1590,"Special rules for companies licensed on or before March 31, 1993.",Small Business Administration,Small Business Administration,,Small Business Investment Companies,binding,binding,generally-accepted-accounting,True,False,https://www.ecfr.gov/current/title-13/section-107.1590,2026-09-11,,false
13,Section,107,107.503,,13 C.F.R. 107.503,Licensee's adoption of an approved valuation policy.,Small Business Administration,Small Business Administration,,Small Business Investment Companies,other,other,GAAP,False,False,https://www.ecfr.gov/current/title-13/section-107.503,2026-09-11,,false
13,Section,107,107.50,,13 C.F.R. 107.50,Definition of terms.,Small Business Administration,Small Business Administration,,Small Business Investment Companies,definition,definition,FASB;Financial Accounting Standards Board;GAAP;generally-accepted-accounting,False,False,https://www.ecfr.gov/current/title-13/section-107.50,2026-09-11,,true
13,Section,107,107.855,,13 C.F.R. 107.855,Interest rate ceiling and limitations on fees charged to Small Businesses (“Cost of Money”).,Small Business Administration,Small Business Administration,,Small Business Investment Companies,binding,binding,generally-accepted-accounting,False,False,https://www.ecfr.gov/current/title-13/section-107.855,2026-09-11,,false
13,Section,115,115.16,,13 C.F.R. 115.16,Determination of Surety's Loss.,Small Business Administration,Small Business Administration,,Surety Bond Guarantee,binding,binding,generally-accepted-accounting,False,False,https://www.ecfr.gov/current/title-13/section-115.16,2026-09-11,,false
13,Section,120,120.1703,,13 C.F.R. 120.1703,Qualifications to be a Pool Originator.,Small Business Administration,Small Business Administration,,Business Loans,binding,binding,generally-accepted-accounting,False,False,https://www.ecfr.gov/current/title-13/section-120.1703,2026-09-11,,false
13,Section,120,120.463,,13 C.F.R. 120.463,Regulatory accounting—What are SBA's regulatory accounting requirements for SBA Supervised Lenders?,Small Business Administration,Small Business Administration,,Business Loans,binding,binding,FASB;Financial Accounting Standards Board;GAAP;generally-accepted-accounting,False,False,https://www.ecfr.gov/current/title-13/section-120.463,2026-09-11,2026-09-11,true
13,Section,120,120.463,,13 C.F.R. 120.463,Regulatory accounting—What are SBA's regulatory accounting requirements for SBA Supervised Lenders?,Small Business Administration,Small Business Administration,,Business Loans,binding,binding,FASB;Financial Accounting Standards Board;GAAP;generally-accepted-accounting,False,False,https://www.ecfr.gov/current/title-13/section-120.463,2026-09-11,2026-09-11,false
13,Section,120,120.463,,13 C.F.R. 120.463,Regulatory accounting—What are SBA's regulatory accounting requirements for SBA Supervised Lenders?,Small Business Administration,Small Business Administration,,Business Loans,other,binding,FASB;Financial Accounting Standards Board;GAAP;generally-accepted-accounting,False,False,https://www.ecfr.gov/current/title-13/section-120.463,2026-09-11,2026-09-11,true
13,Section,120,120.463,,13 C.F.R. 120.463,Regulatory accounting—What are SBA's regulatory accounting requirements for SBA Supervised Lenders?,Small Business Administration,Small Business Administration,,Business Loans,binding,binding,FASB;Financial Accounting Standards Board;GAAP;generally-accepted-accounting,False,False,https://www.ecfr.gov/current/title-13/section-120.463,2026-09-11,2026-09-11,false
13,Section,120,120.464,,13 C.F.R. 120.464,Reports to SBA.,Small Business Administration,Small Business Administration,,Business Loans,permissive,binding,GAAP,False,False,https://www.ecfr.gov/current/title-13/section-120.464,2026-09-11,,false
13,Section,120,120.464,,13 C.F.R. 120.464,Reports to SBA.,Small Business Administration,Small Business Administration,,Business Loans,binding,binding,GAAP,False,False,https://www.ecfr.gov/current/title-13/section-120.464,2026-09-11,,false
13,Section,120,120.630,,13 C.F.R. 120.630,Qualifications to be a Pool Assembler.,Small Business Administration,Small Business Administration,,Business Loans,binding,binding,generally-accepted-accounting,False,False,https://www.ecfr.gov/current/title-13/section-120.630,2026-09-11,,false
13,Section,120,120.826,,13 C.F.R. 120.826,Basic requirements for operating a CDC.,Small Business Administration,Small Business Administration,,Business Loans,binding,binding,GAAP,False,False,https://www.ecfr.gov/current/title-13/section-120.826,2026-09-11,,false
13,Section,120,120.826,,13 C.F.R. 120.826,Basic requirements for operating a CDC.,Small Business Administration,Small Business Administration,,Business Loans,binding,binding,GAAP,False,False,https://www.ecfr.gov/current/title-13/section-120.826,2026-09-11,,false
13,Section,124,124.602,,13 C.F.R. 124.602,What kind of annual financial statement must a Participant submit to SBA?,Small Business Administration,Small Business Administration,,8(a) Business Development/Small Disadvantaged Business Status Determinations,binding,binding,generally-accepted-accounting,False,False,https://www.ecfr.gov/current/title-13/section-124.602,2026-09-11,,false
13,Section,307,307.15,,13 C.F.R. 307.15,Prudent management of Revolving Loan Funds.,"Economic Development Administration, Department of Commerce","Economic Development Administration, Department of Commerce",,Economic Adjustment Assistance Investments,binding,binding,GAAP;generally-accepted-accounting,False,False,https://www.ecfr.gov/current/title-13/section-307.15,2026-09-11,,false
13,Section,307,307.15,,13 C.F.R. 307.15,Prudent management of Revolving Loan Funds.,"Economic Development Administration, Department of Commerce","Economic Development Administration, Department of Commerce",,Economic Adjustment Assistance Investments,permissive,binding,GAAP;generally-accepted-accounting,False,False,https://www.ecfr.gov/current/title-13/section-307.15,2026-09-11,,false
13,Section,307,307.8,,13 C.F.R. 307.8,Definitions.,"Economic Development Administration, Department of Commerce","Economic Development Administration, Department of Commerce",,Economic Adjustment Assistance Investments,other,other,GAAP;generally-accepted-accounting,False,False,https://www.ecfr.gov/current/title-13/section-307.8,2026-09-11,,false
13,Section,500,500.205,,13 C.F.R. 500.205,Application process.,Emergency Oil and Gas Guaranteed Loan Board,Emergency Oil and Gas Guaranteed Loan Board,,Emergency Oil and Gas Guaranteed Loan Program,binding,binding,generally-accepted-accounting,False,False,https://www.ecfr.gov/current/title-13/section-500.205,2026-09-11,,false
13,Section,500,500.205,,13 C.F.R. 500.205,Application process.,Emergency Oil and Gas Guaranteed Loan Board,Emergency Oil and Gas Guaranteed Loan Board,,Emergency Oil and Gas Guaranteed Loan Program,binding,binding,generally-accepted-accounting,False,False,https://www.ecfr.gov/current/title-13/section-500.205,2026-09-11,,false
14,Appendix,399,,Appendix A to Subpart C of Part 399,"14 C.F.R. pt. 399, Appendix A to Subpart C of Part 399",,"Office of the Secretary, Department of Transportation (Aviation Proceedings)","Office of the Secretary, Department of Transportation (Aviation Proceedings)",Policy Statements,Statements of General Policy,other,other,FASB,True,False,https://www.ecfr.gov/current/title-14/part-399,2026-09-11,,true
14,Section,241,03,,14 C.F.R. 03,Definitions for Purposes of This System of Accounts and Reports,"Office of the Secretary, Department of Transportation (Aviation Proceedings)","Office of the Secretary, Department of Transportation (Aviation Proceedings)",Economic Regulations,Uniform System of Accounts and Reports for Large Certificated Air Carriers,other,other,Financial Accounting Standards Board;GAAP;generally-accepted-accounting,False,False,https://www.ecfr.gov/current/title-14/section-03,2026-09-11,,false
14,Section,241,03,,14 C.F.R. 03,Definitions for Purposes of This System of Accounts and Reports,"Office of the Secretary, Department of Transportation (Aviation Proceedings)","Office of the Secretary, Department of Transportation (Aviation Proceedings)",Economic Regulations,Uniform System of Accounts and Reports for Large Certificated Air Carriers,other,other,Financial Accounting Standards Board;GAAP;generally-accepted-accounting,False,False,https://www.ecfr.gov/current/title-14/section-03,2026-09-11,,true
14,Section,119,119.36,,14 C.F.R. 119.36,Additional certificate application requirements for commercial operators.,"Federal Aviation Administration, Department of Transportation","Federal Aviation Administration, Department of Transportation",Air Carriers and Operators for Compensation or Hire: Certification and Operations,Certification: Air Carriers and Commercial Operators,binding,binding,generally-accepted-accounting,False,False,https://www.ecfr.gov/current/title-14/section-119.36,2026-09-11,,false
14,Section,241,2-1,,14 C.F.R. 2-1,Generally accepted accounting principles.,"Office of the Secretary, Department of Transportation (Aviation Proceedings)","Office of the Secretary, Department of Transportation (Aviation Proceedings)",Economic Regulations,Uniform System of Accounts and Reports for Large Certificated Air Carriers,other,binding,Financial Accounting Standards Board;GAAP;generally-accepted-accounting,False,False,https://www.ecfr.gov/current/title-14/section-2-1,2026-09-11,,false
14,Section,241,2-1,,14 C.F.R. 2-1,Generally accepted accounting principles.,"Office of the Secretary, Department of Transportation (Aviation Proceedings)","Office of the Secretary, Department of Transportation (Aviation Proceedings)",Economic Regulations,Uniform System of Accounts and Reports for Large Certificated Air Carriers,other,binding,Financial Accounting Standards Board;GAAP;generally-accepted-accounting,False,False,https://www.ecfr.gov/current/title-14/section-2-1,2026-09-11,,false
14,Section,241,2-1,,14 C.F.R. 2-1,Generally accepted accounting principles.,"Office of the Secretary, Department of Transportation (Aviation Proceedings)","Office of the Secretary, Department of Transportation (Aviation Proceedings)",Economic Regulations,Uniform System of Accounts and Reports for Large Certificated Air Carriers,other,binding,Financial Accounting Standards Board;GAAP;generally-accepted-accounting,False,False,https://www.ecfr.gov/current/title-14/section-2-1,2026-09-11,,true
14,Section,241,2-1,,14 C.F.R. 2-1,Generally accepted accounting principles.,"Office of the Secretary, Department of Transportation (Aviation Proceedings)","Office of the Secretary, Department of Transportation (Aviation Proceedings)",Economic Regulations,Uniform System of Accounts and Reports for Large Certificated Air Carriers,binding,binding,Financial Accounting Standards Board;GAAP;generally-accepted-accounting,False,False,https://www.ecfr.gov/current/title-14/section-2-1,2026-09-11,,false
14,Section,241,2-1,,14 C.F.R. 2-1,Generally accepted accounting principles.,"Office of the Secretary, Department of Transportation (Aviation Proceedings)","Office of the Secretary, Department of Transportation (Aviation Proceedings)",Economic Regulations,Uniform System of Accounts and Reports for Large Certificated Air Carriers,other,binding,Financial Accounting Standards Board;GAAP;generally-accepted-accounting,False,False,https://www.ecfr.gov/current/title-14/section-2-1,2026-09-11,,false
14,Section,241,2-1,,14 C.F.R. 2-1,Generally accepted accounting principles.,"Office of the Secretary, Department of Transportation (Aviation Proceedings)","Office of the Secretary, Department of Transportation (Aviation Proceedings)",Economic Regulations,Uniform System of Accounts and Reports for Large Certificated Air Carriers,other,binding,Financial Accounting Standards Board;GAAP;generally-accepted-accounting,False,False,https://www.ecfr.gov/current/title-14/section-2-1,2026-09-11,,false
14,Section,204,204.3,,14 C.F.R. 204.3,Applicants for new certificate or commuter air carrier authority.,"Office of the Secretary, Department of Transportation (Aviation Proceedings)","Office of the Secretary, Department of Transportation (Aviation Proceedings)",Economic Regulations,Data to Support Fitness Determinations,binding,binding,generally-accepted-accounting,False,False,https://www.ecfr.gov/current/title-14/section-204.3,2026-09-11,,false
14,Section,372,372.24,,14 C.F.R. 372.24,"Surety bond, depository agreement, escrow agreement.","Office of the Secretary, Department of Transportation (Aviation Proceedings)","Office of the Secretary, Department of Transportation (Aviation Proceedings)",Special Regulations,Overseas Military Personnel Charters,binding,binding,generally-accepted-accounting,False,False,https://www.ecfr.gov/current/title-14/section-372.24,2026-09-11,,false
15,Section,990,990.30,,15 C.F.R. 990.30,Definitions.,"National Oceanic and Atmospheric Administration, Department of Commerce","National Oceanic and Atmospheric Administration, Department of Commerce",Oil Pollution Act Regulations,Natural Resource Damage Assessments,permissive,permissive,generally-accepted-accounting,False,False,https://www.ecfr.gov/current/title-15/section-990.30,2026-09-11,,false
15,Section,990,990.62,,15 C.F.R. 990.62,Presenting a demand.,"National Oceanic and Atmospheric Administration, Department of Commerce","National Oceanic and Atmospheric Administration, Department of Commerce",Oil Pollution Act Regulations,Natural Resource Damage Assessments,binding,binding,generally-accepted-accounting,False,False,https://www.ecfr.gov/current/title-15/section-990.62,2026-09-11,,false
16,Section,1,1.153,,16 C.F.R. 1.153,"Submission of the Authority's annual reports, midyear reports, and strategic plans.",Federal Trade Commission,Federal Trade Commission,"Organization, Procedures and Rules of Practice",General Procedures,binding,binding,generally-accepted-accounting,False,False,https://www.ecfr.gov/current/title-16/section-1.153,2026-09-11,,false
16,Section,1105,1105.13,,16 C.F.R. 1105.13,Noncompensable costs.,Consumer Product Safety Commission,Consumer Product Safety Commission,Consumer Product Safety Act Regulations,Contributions to Costs of Participants in Development of Consumer Product Safety Standards,other,other,generally-accepted-accounting,False,False,https://www.ecfr.gov/current/title-16/section-1105.13,2026-09-11,,false
16,Section,436,436.5,,16 C.F.R. 436.5,Disclosure items.,Federal Trade Commission,Federal Trade Commission,Trade Regulation Rules,Disclosure Requirements and Prohibitions Concerning Franchising,other,other,generally-accepted-accounting,False,False,https://www.ecfr.gov/current/title-16/section-436.5,2026-09-11,,false
17,Section,1,1.10,,17 C.F.R. 1.10,Financial reports of futures commission merchants and introducing brokers.,Commodity Futures Trading Commission,Commodity Futures Trading Commission,,General Regulations Under the Commodity Exchange Act,permissive,permissive,generally-accepted-accounting,False,False,https://www.ecfr.gov/current/title-17/section-1.10,2026-09-11,,false
17,Section,1,1.14,,17 C.F.R. 1.14,Risk assessment recordkeeping requirements for futures commission merchants.,Commodity Futures Trading Commission,Commodity Futures Trading Commission,,General Regulations Under the Commodity Exchange Act,binding,binding,generally-accepted-accounting,False,False,https://www.ecfr.gov/current/title-17/section-1.14,2026-09-11,,false
17,Section,1,1.14,,17 C.F.R. 1.14,Risk assessment recordkeeping requirements for futures commission merchants.,Commodity Futures Trading Commission,Commodity Futures Trading Commission,,General Regulations Under the Commodity Exchange Act,binding,binding,generally-accepted-accounting,False,False,https://www.ecfr.gov/current/title-17/section-1.14,2026-09-11,,false
17,Section,1,1.15,,17 C.F.R. 1.15,Risk assessment reporting requirements for futures commission merchants.,Commodity Futures Trading Commission,Commodity Futures Trading Commission,,General Regulations Under the Commodity Exchange Act,binding,binding,generally-accepted-accounting,False,False,https://www.ecfr.gov/current/title-17/section-1.15,2026-09-11,,false
17,Section,1,1.15,,17 C.F.R. 1.15,Risk assessment reporting requirements for futures commission merchants.,Commodity Futures Trading Commission,Commodity Futures Trading Commission,,General Regulations Under the Commodity Exchange Act,binding,binding,generally-accepted-accounting,False,False,https://www.ecfr.gov/current/title-17/section-1.15,2026-09-11,,false
17,Section,1,1.17,,17 C.F.R. 1.17,Minimum financial requirements for futures commission merchants and introducing brokers.,Commodity Futures Trading Commission,Commodity Futures Trading Commission,,General Regulations Under the Commodity Exchange Act,definition,binding,generally-accepted-accounting,False,False,https://www.ecfr.gov/current/title-17/section-1.17,2026-09-11,,false
17,Section,1,1.17,,17 C.F.R. 1.17,Minimum financial requirements for futures commission merchants and introducing brokers.,Commodity Futures Trading Commission,Commodity Futures Trading Commission,,General Regulations Under the Commodity Exchange Act,definition,binding,generally-accepted-accounting,False,False,https://www.ecfr.gov/current/title-17/section-1.17,2026-09-11,,false
17,Section,1,1.17,,17 C.F.R. 1.17,Minimum financial requirements for futures commission merchants and introducing brokers.,Commodity Futures Trading Commission,Commodity Futures Trading Commission,,General Regulations Under the Commodity Exchange Act,binding,binding,generally-accepted-accounting,False,False,https://www.ecfr.gov/current/title-17/section-1.17,2026-09-11,,false
17,Section,1,1.18,,17 C.F.R. 1.18,Records for and relating to financial reporting and monthly computation by futures commission merchants and introducing brokers.,Commodity Futures Trading Commission,Commodity Futures Trading Commission,,General Regulations Under the Commodity Exchange Act,binding,binding,generally-accepted-accounting,False,False,https://www.ecfr.gov/current/title-17/section-1.18,2026-09-11,,false
17,Section,1,1.3,,17 C.F.R. 1.3,Definitions.,Commodity Futures Trading Commission,Commodity Futures Trading Commission,,General Regulations Under the Commodity Exchange Act,permissive,permissive,Accounting Standards Codification;Financial Accounting Standards Board;generally-accepted-accounting,False,False,https://www.ecfr.gov/current/title-17/section-1.3,2026-09-11,,false
17,Section,1,1.3,,17 C.F.R. 1.3,Definitions.,Commodity Futures Trading Commission,Commodity Futures Trading Commission,,General Regulations Under the Commodity Exchange Act,other,permissive,Accounting Standards Codification;Financial Accounting Standards Board;generally-accepted-accounting,False,False,https://www.ecfr.gov/current/title-17/section-1.3,2026-09-11,,true
17,Section,1,1.55,,17 C.F.R. 1.55,Public disclosures by futures commission merchants.,Commodity Futures Trading Commission,Commodity Futures Trading Commission,,General Regulations Under the Commodity Exchange Act,other,other,generally-accepted-accounting,False,False,https://www.ecfr.gov/current/title-17/section-1.55,2026-09-11,,false
17,Section,150,150.1,,17 C.F.R. 150.1,Definitions.,Commodity Futures Trading Commission,Commodity Futures Trading Commission,,Limits on Positions,binding,binding,generally-accepted-accounting,False,False,https://www.ecfr.gov/current/title-17/section-150.1,2026-09-11,,false
17,Section,210,210.1-02,,17 C.F.R. 210.1-02,Definitions of terms used in Regulation S-X (17 CFR part 210).,Securities and Exchange Commission,Securities and Exchange Commission,,"Form and Content of and Requirements for Financial Statements, Securities Act of 1933, Securities Exchange Act of 1934, Investment Company Act of 1940, Investment Advisers Act of 1940, and Energy Policy and Conservation Act of 1975",other,binding,FASB;FASB ASC;GAAP;U.S. GAAP;generally-accepted-accounting,False,False,https://www.ecfr.gov/current/title-17/section-210.1-02,2026-09-11,,true
17,Section,210,210.1-02,,17 C.F.R. 210.1-02,Definitions of terms used in Regulation S-X (17 CFR part 210).,Securities and Exchange Commission,Securities and Exchange Commission,,"Form and Content of and Requirements for Financial Statements, Securities Act of 1933, Securities Exchange Act of 1934, Investment Company Act of 1940, Investment Advisers Act of 1940, and Energy Policy and Conservation Act of 1975",other,binding,FASB;FASB ASC;GAAP;U.S. GAAP;generally-accepted-accounting,False,False,https://www.ecfr.gov/current/title-17/section-210.1-02,2026-09-11,,false
17,Section,210,210.1-02,,17 C.F.R. 210.1-02,Definitions of terms used in Regulation S-X (17 CFR part 210).,Securities and Exchange Commission,Securities and Exchange Commission,,"Form and Content of and Requirements for Financial Statements, Securities Act of 1933, Securities Exchange Act of 1934, Investment Company Act of 1940, Investment Advisers Act of 1940, and Energy Policy and Conservation Act of 1975",binding,binding,FASB;FASB ASC;GAAP;U.S. GAAP;generally-accepted-accounting,False,False,https://www.ecfr.gov/current/title-17/section-210.1-02,2026-09-11,,false
17,Section,210,210.1-02,,17 C.F.R. 210.1-02,Definitions of terms used in Regulation S-X (17 CFR part 210).,Securities and Exchange Commission,Securities and Exchange Commission,,"Form and Content of and Requirements for Financial Statements, Securities Act of 1933, Securities Exchange Act of 1934, Investment Company Act of 1940, Investment Advisers Act of 1940, and Energy Policy and Conservation Act of 1975",other,binding,FASB;FASB ASC;GAAP;U.S. GAAP;generally-accepted-accounting,False,False,https://www.ecfr.gov/current/title-17/section-210.1-02,2026-09-11,,false
17,Section,210,210.1-02,,17 C.F.R. 210.1-02,Definitions of terms used in Regulation S-X (17 CFR part 210).,Securities and Exchange Commission,Securities and Exchange Commission,,"Form and Content of and Requirements for Financial Statements, Securities Act of 1933, Securities Exchange Act of 1934, Investment Company Act of 1940, Investment Advisers Act of 1940, and Energy Policy and Conservation Act of 1975",binding,binding,FASB;FASB ASC;GAAP;U.S. GAAP;generally-accepted-accounting,False,False,https://www.ecfr.gov/current/title-17/section-210.1-02,2026-09-11,,false
17,Section,210,210.1-02,,17 C.F.R. 210.1-02,Definitions of terms used in Regulation S-X (17 CFR part 210).,Securities and Exchange Commission,Securities and Exchange Commission,,"Form and Content of and Requirements for Financial Statements, Securities Act of 1933, Securities Exchange Act of 1934, Investment Company Act of 1940, Investment Advisers Act of 1940, and Energy Policy and Conservation Act of 1975",other,binding,FASB;FASB ASC;GAAP;U.S. GAAP;generally-accepted-accounting,False,False,https://www.ecfr.gov/current/title-17/section-210.1-02,2026-09-11,,false
17,Section,210,210.10-01,,17 C.F.R. 210.10-01,Interim financial statements.,Securities and Exchange Commission,Securities and Exchange Commission,,"Form and Content of and Requirements for Financial Statements, Securities Act of 1933, Securities Exchange Act of 1934, Investment Company Act of 1940, Investment Advisers Act of 1940, and Energy Policy and Conservation Act of 1975",binding,binding,Financial Accounting Standards Board,False,False,https://www.ecfr.gov/current/title-17/section-210.10-01,2026-09-11,,true
17,Section,210,210.11-02,,17 C.F.R. 210.11-02,Preparation requirements.,Securities and Exchange Commission,Securities and Exchange Commission,,"Form and Content of and Requirements for Financial Statements, Securities Act of 1933, Securities Exchange Act of 1934, Investment Company Act of 1940, Investment Advisers Act of 1940, and Energy Policy and Conservation Act of 1975",other,binding,GAAP;U.S. GAAP;generally-accepted-accounting,False,False,https://www.ecfr.gov/current/title-17/section-210.11-02,2026-09-11,,false
17,Section,210,210.11-02,,17 C.F.R. 210.11-02,Preparation requirements.,Securities and Exchange Commission,Securities and Exchange Commission,,"Form and Content of and Requirements for Financial Statements, Securities Act of 1933, Securities Exchange Act of 1934, Investment Company Act of 1940, Investment Advisers Act of 1940, and Energy Policy and Conservation Act of 1975",other,binding,GAAP;U.S. GAAP;generally-accepted-accounting,False,False,https://www.ecfr.gov/current/title-17/section-210.11-02,2026-09-11,,false
17,Section,210,210.11-02,,17 C.F.R. 210.11-02,Preparation requirements.,Securities and Exchange Commission,Securities and Exchange Commission,,"Form and Content of and Requirements for Financial Statements, Securities Act of 1933, Securities Exchange Act of 1934, Investment Company Act of 1940, Investment Advisers Act of 1940, and Energy Policy and Conservation Act of 1975",other,binding,GAAP;U.S. GAAP;generally-accepted-accounting,False,False,https://www.ecfr.gov/current/title-17/section-210.11-02,2026-09-11,,false
17,Section,210,210.11-02,,17 C.F.R. 210.11-02,Preparation requirements.,Securities and Exchange Commission,Securities and Exchange Commission,,"Form and Content of and Requirements for Financial Statements, Securities Act of 1933, Securities Exchange Act of 1934, Investment Company Act of 1940, Investment Advisers Act of 1940, and Energy Policy and Conservation Act of 1975",other,binding,GAAP;U.S. GAAP;generally-accepted-accounting,False,False,https://www.ecfr.gov/current/title-17/section-210.11-02,2026-09-11,,false
17,Section,210,210.11-02,,17 C.F.R. 210.11-02,Preparation requirements.,Securities and Exchange Commission,Securities and Exchange Commission,,"Form and Content of and Requirements for Financial Statements, Securities Act of 1933, Securities Exchange Act of 1934, Investment Company Act of 1940, Investment Advisers Act of 1940, and Energy Policy and Conservation Act of 1975",other,binding,GAAP;U.S. GAAP;generally-accepted-accounting,False,False,https://www.ecfr.gov/current/title-17/section-210.11-02,2026-09-11,,false
17,Section,210,210.11-02,,17 C.F.R. 210.11-02,Preparation requirements.,Securities and Exchange Commission,Securities and Exchange Commission,,"Form and Content of and Requirements for Financial Statements, Securities Act of 1933, Securities Exchange Act of 1934, Investment Company Act of 1940, Investment Advisers Act of 1940, and Energy Policy and Conservation Act of 1975",other,binding,GAAP;U.S. GAAP;generally-accepted-accounting,False,False,https://www.ecfr.gov/current/title-17/section-210.11-02,2026-09-11,,false
17,Section,210,210.11-02,,17 C.F.R. 210.11-02,Preparation requirements.,Securities and Exchange Commission,Securities and Exchange Commission,,"Form and Content of and Requirements for Financial Statements, Securities Act of 1933, Securities Exchange Act of 1934, Investment Company Act of 1940, Investment Advisers Act of 1940, and Energy Policy and Conservation Act of 1975",binding,binding,GAAP;U.S. GAAP;generally-accepted-accounting,False,False,https://www.ecfr.gov/current/title-17/section-210.11-02,2026-09-11,,false
17,Section,210,210.11-03,,17 C.F.R. 210.11-03,Presentation of financial forecast.,Securities and Exchange Commission,Securities and Exchange Commission,,"Form and Content of and Requirements for Financial Statements, Securities Act of 1933, Securities Exchange Act of 1934, Investment Company Act of 1940, Investment Advisers Act of 1940, and Energy Policy and Conservation Act of 1975",other,other,GAAP;U.S. GAAP,False,False,https://www.ecfr.gov/current/title-17/section-210.11-03,2026-09-11,,false
17,Section,210,210.12-16,,17 C.F.R. 210.12-16,Supplementary insurance information.,Securities and Exchange Commission,Securities and Exchange Commission,,"Form and Content of and Requirements for Financial Statements, Securities Act of 1933, Securities Exchange Act of 1934, Investment Company Act of 1940, Investment Advisers Act of 1940, and Energy Policy and Conservation Act of 1975",other,other,generally-accepted-accounting,False,False,https://www.ecfr.gov/current/title-17/section-210.12-16,2026-09-11,,false
17,Section,210,210.2-07,,17 C.F.R. 210.2-07,Communication with audit committees.,Securities and Exchange Commission,Securities and Exchange Commission,,"Form and Content of and Requirements for Financial Statements, Securities Act of 1933, Securities Exchange Act of 1934, Investment Company Act of 1940, Investment Advisers Act of 1940, and Energy Policy and Conservation Act of 1975",other,other,generally-accepted-accounting,False,False,https://www.ecfr.gov/current/title-17/section-210.2-07,2026-09-11,,false
17,Section,210,210.3-05,,17 C.F.R. 210.3-05,Financial statements of businesses acquired or to be acquired.,Securities and Exchange Commission,Securities and Exchange Commission,,"Form and Content of and Requirements for Financial Statements, Securities Act of 1933, Securities Exchange Act of 1934, Investment Company Act of 1940, Investment Advisers Act of 1940, and Energy Policy and Conservation Act of 1975",other,binding,FASB;FASB ASC;GAAP;U.S. GAAP;generally-accepted-accounting,False,False,https://www.ecfr.gov/current/title-17/section-210.3-05,2026-09-11,,false
17,Section,210,210.3-05,,17 C.F.R. 210.3-05,Financial statements of businesses acquired or to be acquired.,Securities and Exchange Commission,Securities and Exchange Commission,,"Form and Content of and Requirements for Financial Statements, Securities Act of 1933, Securities Exchange Act of 1934, Investment Company Act of 1940, Investment Advisers Act of 1940, and Energy Policy and Conservation Act of 1975",binding,binding,FASB;FASB ASC;GAAP;U.S. GAAP;generally-accepted-accounting,False,False,https://www.ecfr.gov/current/title-17/section-210.3-05,2026-09-11,,false
17,Section,210,210.3-05,,17 C.F.R. 210.3-05,Financial statements of businesses acquired or to be acquired.,Securities and Exchange Commission,Securities and Exchange Commission,,"Form and Content of and Requirements for Financial Statements, Securities Act of 1933, Securities Exchange Act of 1934, Investment Company Act of 1940, Investment Advisers Act of 1940, and Energy Policy and Conservation Act of 1975",permissive,binding,FASB;FASB ASC;GAAP;U.S. GAAP;generally-accepted-accounting,False,False,https://www.ecfr.gov/current/title-17/section-210.3-05,2026-09-11,,false
17,Section,210,210.3-05,,17 C.F.R. 210.3-05,Financial statements of businesses acquired or to be acquired.,Securities and Exchange Commission,Securities and Exchange Commission,,"Form and Content of and Requirements for Financial Statements, Securities Act of 1933, Securities Exchange Act of 1934, Investment Company Act of 1940, Investment Advisers Act of 1940, and Energy Policy and Conservation Act of 1975",binding,binding,FASB;FASB ASC;GAAP;U.S. GAAP;generally-accepted-accounting,False,False,https://www.ecfr.gov/current/title-17/section-210.3-05,2026-09-11,,false
17,Section,210,210.3-05,,17 C.F.R. 210.3-05,Financial statements of businesses acquired or to be acquired.,Securities and Exchange Commission,Securities and Exchange Commission,,"Form and Content of and Requirements for Financial Statements, Securities Act of 1933, Securities Exchange Act of 1934, Investment Company Act of 1940, Investment Advisers Act of 1940, and Energy Policy and Conservation Act of 1975",other,binding,FASB;FASB ASC;GAAP;U.S. GAAP;generally-accepted-accounting,False,False,https://www.ecfr.gov/current/title-17/section-210.3-05,2026-09-11,,false
17,Section,210,210.3-05,,17 C.F.R. 210.3-05,Financial statements of businesses acquired or to be acquired.,Securities and Exchange Commission,Securities and Exchange Commission,,"Form and Content of and Requirements for Financial Statements, Securities Act of 1933, Securities Exchange Act of 1934, Investment Company Act of 1940, Investment Advisers Act of 1940, and Energy Policy and Conservation Act of 1975",other,binding,FASB;FASB ASC;GAAP;U.S. GAAP;generally-accepted-accounting,False,False,https://www.ecfr.gov/current/title-17/section-210.3-05,2026-09-11,,false
17,Section,210,210.3-05,,17 C.F.R. 210.3-05,Financial statements of businesses acquired or to be acquired.,Securities and Exchange Commission,Securities and Exchange Commission,,"Form and Content of and Requirements for Financial Statements, Securities Act of 1933, Securities Exchange Act of 1934, Investment Company Act of 1940, Investment Advisers Act of 1940, and Energy Policy and Conservation Act of 1975",binding,binding,FASB;FASB ASC;GAAP;U.S. GAAP;generally-accepted-accounting,False,False,https://www.ecfr.gov/current/title-17/section-210.3-05,2026-09-11,,true
17,Section,210,210.3-05,,17 C.F.R. 210.3-05,Financial statements of businesses acquired or to be acquired.,Securities and Exchange Commission,Securities and Exchange Commission,,"Form and Content of and Requirements for Financial Statements, Securities Act of 1933, Securities Exchange Act of 1934, Investment Company Act of 1940, Investment Advisers Act of 1940, and Energy Policy and Conservation Act of 1975",permissive,binding,FASB;FASB ASC;GAAP;U.S. GAAP;generally-accepted-accounting,False,False,https://www.ecfr.gov/current/title-17/section-210.3-05,2026-09-11,,true
17,Section,210,210.3-14,,17 C.F.R. 210.3-14,Special instructions for financial statements of real estate operations acquired or to be acquired.,Securities and Exchange Commission,Securities and Exchange Commission,,"Form and Content of and Requirements for Financial Statements, Securities Act of 1933, Securities Exchange Act of 1934, Investment Company Act of 1940, Investment Advisers Act of 1940, and Energy Policy and Conservation Act of 1975",other,binding,GAAP;U.S. GAAP;generally-accepted-accounting,False,False,https://www.ecfr.gov/current/title-17/section-210.3-14,2026-09-11,,false
17,Section,210,210.3-14,,17 C.F.R. 210.3-14,Special instructions for financial statements of real estate operations acquired or to be acquired.,Securities and Exchange Commission,Securities and Exchange Commission,,"Form and Content of and Requirements for Financial Statements, Securities Act of 1933, Securities Exchange Act of 1934, Investment Company Act of 1940, Investment Advisers Act of 1940, and Energy Policy and Conservation Act of 1975",binding,binding,GAAP;U.S. GAAP;generally-accepted-accounting,False,False,https://www.ecfr.gov/current/title-17/section-210.3-14,2026-09-11,,false
17,Section,210,210.3-14,,17 C.F.R. 210.3-14,Special instructions for financial statements of real estate operations acquired or to be acquired.,Securities and Exchange Commission,Securities and Exchange Commission,,"Form and Content of and Requirements for Financial Statements, Securities Act of 1933, Securities Exchange Act of 1934, Investment Company Act of 1940, Investment Advisers Act of 1940, and Energy Policy and Conservation Act of 1975",permissive,binding,GAAP;U.S. GAAP;generally-accepted-accounting,False,False,https://www.ecfr.gov/current/title-17/section-210.3-14,2026-09-11,,false
17,Section,210,210.3-14,,17 C.F.R. 210.3-14,Special instructions for financial statements of real estate operations acquired or to be acquired.,Securities and Exchange Commission,Securities and Exchange Commission,,"Form and Content of and Requirements for Financial Statements, Securities Act of 1933, Securities Exchange Act of 1934, Investment Company Act of 1940, Investment Advisers Act of 1940, and Energy Policy and Conservation Act of 1975",binding,binding,GAAP;U.S. GAAP;generally-accepted-accounting,False,False,https://www.ecfr.gov/current/title-17/section-210.3-14,2026-09-11,,false
17,Section,210,210.3-14,,17 C.F.R. 210.3-14,Special instructions for financial statements of real estate operations acquired or to be acquired.,Securities and Exchange Commission,Securities and Exchange Commission,,"Form and Content of and Requirements for Financial Statements, Securities Act of 1933, Securities Exchange Act of 1934, Investment Company Act of 1940, Investment Advisers Act of 1940, and Energy Policy and Conservation Act of 1975",other,binding,GAAP;U.S. GAAP;generally-accepted-accounting,False,False,https://www.ecfr.gov/current/title-17/section-210.3-14,2026-09-11,,false
17,Section,210,210.3-18,,17 C.F.R. 210.3-18,Special provisions as to registered management investment companies and companies required to be registered as management investment companies.,Securities and Exchange Commission,Securities and Exchange Commission,,"Form and Content of and Requirements for Financial Statements, Securities Act of 1933, Securities Exchange Act of 1934, Investment Company Act of 1940, Investment Advisers Act of 1940, and Energy Policy and Conservation Act of 1975",binding,binding,generally-accepted-accounting,False,False,https://www.ecfr.gov/current/title-17/section-210.3-18,2026-09-11,,false
17,Section,210,210.3-18,,17 C.F.R. 210.3-18,Special provisions as to registered management investment companies and companies required to be registered as management investment companies.,Securities and Exchange Commission,Securities and Exchange Commission,,"Form and Content of and Requirements for Financial Statements, Securities Act of 1933, Securities Exchange Act of 1934, Investment Company Act of 1940, Investment Advisers Act of 1940, and Energy Policy and Conservation Act of 1975",binding,binding,generally-accepted-accounting,False,False,https://www.ecfr.gov/current/title-17/section-210.3-18,2026-09-11,,false
17,Section,210,210.3-18,,17 C.F.R. 210.3-18,Special provisions as to registered management investment companies and companies required to be registered as management investment companies.,Securities and Exchange Commission,Securities and Exchange Commission,,"Form and Content of and Requirements for Financial Statements, Securities Act of 1933, Securities Exchange Act of 1934, Investment Company Act of 1940, Investment Advisers Act of 1940, and Energy Policy and Conservation Act of 1975",binding,binding,generally-accepted-accounting,False,False,https://www.ecfr.gov/current/title-17/section-210.3-18,2026-09-11,,false
17,Section,210,210.4-01,,17 C.F.R. 210.4-01,"Form, order, and terminology.",Securities and Exchange Commission,Securities and Exchange Commission,,"Form and Content of and Requirements for Financial Statements, Securities Act of 1933, Securities Exchange Act of 1934, Investment Company Act of 1940, Investment Advisers Act of 1940, and Energy Policy and Conservation Act of 1975",binding,binding,generally-accepted-accounting,False,False,https://www.ecfr.gov/current/title-17/section-210.4-01,2026-09-11,2026-09-11,false
17,Section,210,210.4-01,,17 C.F.R. 210.4-01,"Form, order, and terminology.",Securities and Exchange Commission,Securities and Exchange Commission,,"Form and Content of and Requirements for Financial Statements, Securities Act of 1933, Securities Exchange Act of 1934, Investment Company Act of 1940, Investment Advisers Act of 1940, and Energy Policy and Conservation Act of 1975",other,binding,generally-accepted-accounting,False,False,https://www.ecfr.gov/current/title-17/section-210.4-01,2026-09-11,2026-09-11,false
17,Section,210,210.4-01,,17 C.F.R. 210.4-01,"Form, order, and terminology.",Securities and Exchange Commission,Securities and Exchange Commission,,"Form and Content of and Requirements for Financial Statements, Securities Act of 1933, Securities Exchange Act of 1934, Investment Company Act of 1940, Investment Advisers Act of 1940, and Energy Policy and Conservation Act of 1975",other,binding,generally-accepted-accounting,False,False,https://www.ecfr.gov/current/title-17/section-210.4-01,2026-09-11,2026-09-11,false
17,Section,210,210.4-08,,17 C.F.R. 210.4-08,General notes to financial statements.,Securities and Exchange Commission,Securities and Exchange Commission,,"Form and Content of and Requirements for Financial Statements, Securities Act of 1933, Securities Exchange Act of 1934, Investment Company Act of 1940, Investment Advisers Act of 1940, and Energy Policy and Conservation Act of 1975",binding,binding,generally-accepted-accounting,False,False,https://www.ecfr.gov/current/title-17/section-210.4-08,2026-09-11,,false
17,Section,210,210.4-10,,17 C.F.R. 210.4-10,Financial accounting and reporting for oil and gas producing activities pursuant to the Federal securities laws and the Energy Policy and Conservation Act of 1975.,Securities and Exchange Commission,Securities and Exchange Commission,,"Form and Content of and Requirements for Financial Statements, Securities Act of 1933, Securities Exchange Act of 1934, Investment Company Act of 1940, Investment Advisers Act of 1940, and Energy Policy and Conservation Act of 1975",binding,binding,FASB;FASB ASC;generally-accepted-accounting,False,False,https://www.ecfr.gov/current/title-17/section-210.4-10,2026-09-11,,true
17,Section,210,210.4-10,,17 C.F.R. 210.4-10,Financial accounting and reporting for oil and gas producing activities pursuant to the Federal securities laws and the Energy Policy and Conservation Act of 1975.,Securities and Exchange Commission,Securities and Exchange Commission,,"Form and Content of and Requirements for Financial Statements, Securities Act of 1933, Securities Exchange Act of 1934, Investment Company Act of 1940, Investment Advisers Act of 1940, and Energy Policy and Conservation Act of 1975",permissive,binding,FASB;FASB ASC;generally-accepted-accounting,False,False,https://www.ecfr.gov/current/title-17/section-210.4-10,2026-09-11,,false
17,Section,210,210.4-10,,17 C.F.R. 210.4-10,Financial accounting and reporting for oil and gas producing activities pursuant to the Federal securities laws and the Energy Policy and Conservation Act of 1975.,Securities and Exchange Commission,Securities and Exchange Commission,,"Form and Content of and Requirements for Financial Statements, Securities Act of 1933, Securities Exchange Act of 1934, Investment Company Act of 1940, Investment Advisers Act of 1940, and Energy Policy and Conservation Act of 1975",binding,binding,FASB;FASB ASC;generally-accepted-accounting,False,False,https://www.ecfr.gov/current/title-17/section-210.4-10,2026-09-11,,false
17,Section,210,210.5-02,,17 C.F.R. 210.5-02,Balance sheets.,Securities and Exchange Commission,Securities and Exchange Commission,,"Form and Content of and Requirements for Financial Statements, Securities Act of 1933, Securities Exchange Act of 1934, Investment Company Act of 1940, Investment Advisers Act of 1940, and Energy Policy and Conservation Act of 1975",other,other,generally-accepted-accounting,False,False,https://www.ecfr.gov/current/title-17/section-210.5-02,2026-09-11,,false
17,Section,210,210.5-02,,17 C.F.R. 210.5-02,Balance sheets.,Securities and Exchange Commission,Securities and Exchange Commission,,"Form and Content of and Requirements for Financial Statements, Securities Act of 1933, Securities Exchange Act of 1934, Investment Company Act of 1940, Investment Advisers Act of 1940, and Energy Policy and Conservation Act of 1975",other,other,generally-accepted-accounting,False,False,https://www.ecfr.gov/current/title-17/section-210.5-02,2026-09-11,,false
17,Section,210,210.6-11,,17 C.F.R. 210.6-11,Financial statements of funds acquired or to be acquired.,Securities and Exchange Commission,Securities and Exchange Commission,,"Form and Content of and Requirements for Financial Statements, Securities Act of 1933, Securities Exchange Act of 1934, Investment Company Act of 1940, Investment Advisers Act of 1940, and Energy Policy and Conservation Act of 1975",other,other,generally-accepted-accounting,False,False,https://www.ecfr.gov/current/title-17/section-210.6-11,2026-09-11,,false
17,Section,210,210.8-01,,17 C.F.R. 210.8-01,General requirements for Article 8.,Securities and Exchange Commission,Securities and Exchange Commission,,"Form and Content of and Requirements for Financial Statements, Securities Act of 1933, Securities Exchange Act of 1934, Investment Company Act of 1940, Investment Advisers Act of 1940, and Energy Policy and Conservation Act of 1975",binding,binding,generally-accepted-accounting,False,False,https://www.ecfr.gov/current/title-17/section-210.8-01,2026-09-11,2026-09-11,false
17,Section,227,227.201,,17 C.F.R. 227.201,Disclosure requirements.,Securities and Exchange Commission,Securities and Exchange Commission,,"Regulation Crowdfunding, General Rules and Regulations",binding,binding,generally-accepted-accounting,False,False,https://www.ecfr.gov/current/title-17/section-227.201,2026-09-11,,false
17,Section,229,229.101,,17 C.F.R. 229.101,(Item 101) Description of business.,Securities and Exchange Commission,Securities and Exchange Commission,,"Standard Instructions for Filing Forms Under Securities Act of 1933, Securities Exchange Act of 1934 and Energy Policy and Conservation Act of 1975—Regulation S-K",binding,binding,FASB;FASB ASC;generally-accepted-accounting,False,False,https://www.ecfr.gov/current/title-17/section-229.101,2026-09-11,,false
17,Section,229,229.101,,17 C.F.R. 229.101,(Item 101) Description of business.,Securities and Exchange Commission,Securities and Exchange Commission,,"Standard Instructions for Filing Forms Under Securities Act of 1933, Securities Exchange Act of 1934 and Energy Policy and Conservation Act of 1975—Regulation S-K",other,binding,FASB;FASB ASC;generally-accepted-accounting,False,False,https://www.ecfr.gov/current/title-17/section-229.101,2026-09-11,,true
17,Section,229,229.10,,17 C.F.R. 229.10,(Item 10) General.,Securities and Exchange Commission,Securities and Exchange Commission,,"Standard Instructions for Filing Forms Under Securities Act of 1933, Securities Exchange Act of 1934 and Energy Policy and Conservation Act of 1975—Regulation S-K",other,binding,GAAP;generally-accepted-accounting,False,False,https://www.ecfr.gov/current/title-17/section-229.10,2026-09-11,,false
17,Section,229,229.10,,17 C.F.R. 229.10,(Item 10) General.,Securities and Exchange Commission,Securities and Exchange Commission,,"Standard Instructions for Filing Forms Under Securities Act of 1933, Securities Exchange Act of 1934 and Energy Policy and Conservation Act of 1975—Regulation S-K",other,binding,GAAP;generally-accepted-accounting,False,False,https://www.ecfr.gov/current/title-17/section-229.10,2026-09-11,,false
17,Section,229,229.10,,17 C.F.R. 229.10,(Item 10) General.,Securities and Exchange Commission,Securities and Exchange Commission,,"Standard Instructions for Filing Forms Under Securities Act of 1933, Securities Exchange Act of 1934 and Energy Policy and Conservation Act of 1975—Regulation S-K",other,binding,GAAP;generally-accepted-accounting,False,False,https://www.ecfr.gov/current/title-17/section-229.10,2026-09-11,,false
17,Section,229,229.10,,17 C.F.R. 229.10,(Item 10) General.,Securities and Exchange Commission,Securities and Exchange Commission,,"Standard Instructions for Filing Forms Under Securities Act of 1933, Securities Exchange Act of 1934 and Energy Policy and Conservation Act of 1975—Regulation S-K",binding,binding,GAAP;generally-accepted-accounting,False,False,https://www.ecfr.gov/current/title-17/section-229.10,2026-09-11,,false
17,Section,229,229.10,,17 C.F.R. 229.10,(Item 10) General.,Securities and Exchange Commission,Securities and Exchange Commission,,"Standard Instructions for Filing Forms Under Securities Act of 1933, Securities Exchange Act of 1934 and Energy Policy and Conservation Act of 1975—Regulation S-K",binding,binding,GAAP;generally-accepted-accounting,False,False,https://www.ecfr.gov/current/title-17/section-229.10,2026-09-11,,false
17,Section,229,229.10,,17 C.F.R. 229.10,(Item 10) General.,Securities and Exchange Commission,Securities and Exchange Commission,,"Standard Instructions for Filing Forms Under Securities Act of 1933, Securities Exchange Act of 1934 and Energy Policy and Conservation Act of 1975—Regulation S-K",binding,binding,GAAP;generally-accepted-accounting,False,False,https://www.ecfr.gov/current/title-17/section-229.10,2026-09-11,,false
17,Section,229,229.10,,17 C.F.R. 229.10,(Item 10) General.,Securities and Exchange Commission,Securities and Exchange Commission,,"Standard Instructions for Filing Forms Under Securities Act of 1933, Securities Exchange Act of 1934 and Energy Policy and Conservation Act of 1975—Regulation S-K",other,binding,GAAP;generally-accepted-accounting,False,False,https://www.ecfr.gov/current/title-17/section-229.10,2026-09-11,,false
17,Section,229,229.10,,17 C.F.R. 229.10,(Item 10) General.,Securities and Exchange Commission,Securities and Exchange Commission,,"Standard Instructions for Filing Forms Under Securities Act of 1933, Securities Exchange Act of 1934 and Energy Policy and Conservation Act of 1975—Regulation S-K",other,binding,GAAP;generally-accepted-accounting,False,False,https://www.ecfr.gov/current/title-17/section-229.10,2026-09-11,,false
17,Section,229,229.10,,17 C.F.R. 229.10,(Item 10) General.,Securities and Exchange Commission,Securities and Exchange Commission,,"Standard Instructions for Filing Forms Under Securities Act of 1933, Securities Exchange Act of 1934 and Energy Policy and Conservation Act of 1975—Regulation S-K",binding,binding,GAAP;generally-accepted-accounting,False,False,https://www.ecfr.gov/current/title-17/section-229.10,2026-09-11,,false
17,Section,229,229.10,,17 C.F.R. 229.10,(Item 10) General.,Securities and Exchange Commission,Securities and Exchange Commission,,"Standard Instructions for Filing Forms Under Securities Act of 1933, Securities Exchange Act of 1934 and Energy Policy and Conservation Act of 1975—Regulation S-K",binding,binding,GAAP;generally-accepted-accounting,False,False,https://www.ecfr.gov/current/title-17/section-229.10,2026-09-11,,false
17,Section,229,229.10,,17 C.F.R. 229.10,(Item 10) General.,Securities and Exchange Commission,Securities and Exchange Commission,,"Standard Instructions for Filing Forms Under Securities Act of 1933, Securities Exchange Act of 1934 and Energy Policy and Conservation Act of 1975—Regulation S-K",other,binding,GAAP;generally-accepted-accounting,False,False,https://www.ecfr.gov/current/title-17/section-229.10,2026-09-11,,false
17,Section,229,229.10,,17 C.F.R. 229.10,(Item 10) General.,Securities and Exchange Commission,Securities and Exchange Commission,,"Standard Instructions for Filing Forms Under Securities Act of 1933, Securities Exchange Act of 1934 and Energy Policy and Conservation Act of 1975—Regulation S-K",binding,binding,GAAP;generally-accepted-accounting,False,False,https://www.ecfr.gov/current/title-17/section-229.10,2026-09-11,,false
17,Section,229,229.10,,17 C.F.R. 229.10,(Item 10) General.,Securities and Exchange Commission,Securities and Exchange Commission,,"Standard Instructions for Filing Forms Under Securities Act of 1933, Securities Exchange Act of 1934 and Energy Policy and Conservation Act of 1975—Regulation S-K",definition,binding,GAAP;generally-accepted-accounting,False,False,https://www.ecfr.gov/current/title-17/section-229.10,2026-09-11,,false
17,Section,229,229.10,,17 C.F.R. 229.10,(Item 10) General.,Securities and Exchange Commission,Securities and Exchange Commission,,"Standard Instructions for Filing Forms Under Securities Act of 1933, Securities Exchange Act of 1934 and Energy Policy and Conservation Act of 1975—Regulation S-K",binding,binding,GAAP;generally-accepted-accounting,False,False,https://www.ecfr.gov/current/title-17/section-229.10,2026-09-11,,false
17,Section,229,229.10,,17 C.F.R. 229.10,(Item 10) General.,Securities and Exchange Commission,Securities and Exchange Commission,,"Standard Instructions for Filing Forms Under Securities Act of 1933, Securities Exchange Act of 1934 and Energy Policy and Conservation Act of 1975—Regulation S-K",other,binding,GAAP;generally-accepted-accounting,False,False,https://www.ecfr.gov/current/title-17/section-229.10,2026-09-11,,false
17,Section,229,229.10,,17 C.F.R. 229.10,(Item 10) General.,Securities and Exchange Commission,Securities and Exchange Commission,,"Standard Instructions for Filing Forms Under Securities Act of 1933, Securities Exchange Act of 1934 and Energy Policy and Conservation Act of 1975—Regulation S-K",binding,binding,GAAP;generally-accepted-accounting,False,False,https://www.ecfr.gov/current/title-17/section-229.10,2026-09-11,,false
17,Section,229,229.10,,17 C.F.R. 229.10,(Item 10) General.,Securities and Exchange Commission,Securities and Exchange Commission,,"Standard Instructions for Filing Forms Under Securities Act of 1933, Securities Exchange Act of 1934 and Energy Policy and Conservation Act of 1975—Regulation S-K",binding,binding,GAAP;generally-accepted-accounting,False,False,https://www.ecfr.gov/current/title-17/section-229.10,2026-09-11,,false
17,Section,229,229.10,,17 C.F.R. 229.10,(Item 10) General.,Securities and Exchange Commission,Securities and Exchange Commission,,"Standard Instructions for Filing Forms Under Securities Act of 1933, Securities Exchange Act of 1934 and Energy Policy and Conservation Act of 1975—Regulation S-K",other,binding,GAAP;generally-accepted-accounting,False,False,https://www.ecfr.gov/current/title-17/section-229.10,2026-09-11,,false
17,Section,229,229.10,,17 C.F.R. 229.10,(Item 10) General.,Securities and Exchange Commission,Securities and Exchange Commission,,"Standard Instructions for Filing Forms Under Securities Act of 1933, Securities Exchange Act of 1934 and Energy Policy and Conservation Act of 1975—Regulation S-K",binding,binding,GAAP;generally-accepted-accounting,False,False,https://www.ecfr.gov/current/title-17/section-229.10,2026-09-11,,false
17,Section,229,229.10,,17 C.F.R. 229.10,(Item 10) General.,Securities and Exchange Commission,Securities and Exchange Commission,,"Standard Instructions for Filing Forms Under Securities Act of 1933, Securities Exchange Act of 1934 and Energy Policy and Conservation Act of 1975—Regulation S-K",other,binding,GAAP;generally-accepted-accounting,False,False,https://www.ecfr.gov/current/title-17/section-229.10,2026-09-11,,false
17,Section,229,229.10,,17 C.F.R. 229.10,(Item 10) General.,Securities and Exchange Commission,Securities and Exchange Commission,,"Standard Instructions for Filing Forms Under Securities Act of 1933, Securities Exchange Act of 1934 and Energy Policy and Conservation Act of 1975—Regulation S-K",other,binding,GAAP;generally-accepted-accounting,False,False,https://www.ecfr.gov/current/title-17/section-229.10,2026-09-11,,false
17,Section,229,229.10,,17 C.F.R. 229.10,(Item 10) General.,Securities and Exchange Commission,Securities and Exchange Commission,,"Standard Instructions for Filing Forms Under Securities Act of 1933, Securities Exchange Act of 1934 and Energy Policy and Conservation Act of 1975—Regulation S-K",other,binding,GAAP;generally-accepted-accounting,False,False,https://www.ecfr.gov/current/title-17/section-229.10,2026-09-11,,false
17,Section,229,229.10,,17 C.F.R. 229.10,(Item 10) General.,Securities and Exchange Commission,Securities and Exchange Commission,,"Standard Instructions for Filing Forms Under Securities Act of 1933, Securities Exchange Act of 1934 and Energy Policy and Conservation Act of 1975—Regulation S-K",other,binding,GAAP;generally-accepted-accounting,False,False,https://www.ecfr.gov/current/title-17/section-229.10,2026-09-11,,false
17,Section,229,229.10,,17 C.F.R. 229.10,(Item 10) General.,Securities and Exchange Commission,Securities and Exchange Commission,,"Standard Instructions for Filing Forms Under Securities Act of 1933, Securities Exchange Act of 1934 and Energy Policy and Conservation Act of 1975—Regulation S-K",other,binding,GAAP;generally-accepted-accounting,False,False,https://www.ecfr.gov/current/title-17/section-229.10,2026-09-11,,false
17,Section,229,229.1100,,17 C.F.R. 229.1100,(Item 1100) General.,Securities and Exchange Commission,Securities and Exchange Commission,,"Standard Instructions for Filing Forms Under Securities Act of 1933, Securities Exchange Act of 1934 and Energy Policy and Conservation Act of 1975 - Regulation S-K",binding,binding,generally-accepted-accounting,False,False,https://www.ecfr.gov/current/title-17/section-229.1100,2026-09-11,,false
17,Section,229,229.1112,,17 C.F.R. 229.1112,(Item 1112) Significant obligors of pool assets.,Securities and Exchange Commission,Securities and Exchange Commission,,"Standard Instructions for Filing Forms Under Securities Act of 1933, Securities Exchange Act of 1934 and Energy Policy and Conservation Act of 1975 - Regulation S-K",other,other,GAAP;U.S. GAAP,False,False,https://www.ecfr.gov/current/title-17/section-229.1112,2026-09-11,,false
17,Section,229,229.1112,,17 C.F.R. 229.1112,(Item 1112) Significant obligors of pool assets.,Securities and Exchange Commission,Securities and Exchange Commission,,"Standard Instructions for Filing Forms Under Securities Act of 1933, Securities Exchange Act of 1934 and Energy Policy and Conservation Act of 1975 - Regulation S-K",other,other,GAAP;U.S. GAAP,False,False,https://www.ecfr.gov/current/title-17/section-229.1112,2026-09-11,,false
17,Section,229,229.1112,,17 C.F.R. 229.1112,(Item 1112) Significant obligors of pool assets.,Securities and Exchange Commission,Securities and Exchange Commission,,"Standard Instructions for Filing Forms Under Securities Act of 1933, Securities Exchange Act of 1934 and Energy Policy and Conservation Act of 1975 - Regulation S-K",other,other,GAAP;U.S. GAAP,False,False,https://www.ecfr.gov/current/title-17/section-229.1112,2026-09-11,,false
17,Section,229,229.1114,,17 C.F.R. 229.1114,"(Item 1114) Credit enhancement and other support, except for certain derivatives instruments.",Securities and Exchange Commission,Securities and Exchange Commission,,"Standard Instructions for Filing Forms Under Securities Act of 1933, Securities Exchange Act of 1934 and Energy Policy and Conservation Act of 1975—Regulation S-K",other,other,GAAP;U.S. GAAP,False,False,https://www.ecfr.gov/current/title-17/section-229.1114,2026-09-11,,false
17,Section,229,229.1114,,17 C.F.R. 229.1114,"(Item 1114) Credit enhancement and other support, except for certain derivatives instruments.",Securities and Exchange Commission,Securities and Exchange Commission,,"Standard Instructions for Filing Forms Under Securities Act of 1933, Securities Exchange Act of 1934 and Energy Policy and Conservation Act of 1975—Regulation S-K",other,other,GAAP;U.S. GAAP,False,False,https://www.ecfr.gov/current/title-17/section-229.1114,2026-09-11,,false
17,Section,229,229.1114,,17 C.F.R. 229.1114,"(Item 1114) Credit enhancement and other support, except for certain derivatives instruments.",Securities and Exchange Commission,Securities and Exchange Commission,,"Standard Instructions for Filing Forms Under Securities Act of 1933, Securities Exchange Act of 1934 and Energy Policy and Conservation Act of 1975—Regulation S-K",other,other,GAAP;U.S. GAAP,False,False,https://www.ecfr.gov/current/title-17/section-229.1114,2026-09-11,,false
17,Section,229,229.1204,,17 C.F.R. 229.1204,"(Item 1204) Oil and gas production, production prices and production costs.",Securities and Exchange Commission,Securities and Exchange Commission,,"Standard Instructions for Filing Forms Under Securities Act of 1933, Securities Exchange Act of 1934 and Energy Policy and Conservation Act of 1975—Regulation S-K",binding,binding,FASB;FASB ASC,False,False,https://www.ecfr.gov/current/title-17/section-229.1204,2026-09-11,,true
17,Section,229,229.1204,,17 C.F.R. 229.1204,"(Item 1204) Oil and gas production, production prices and production costs.",Securities and Exchange Commission,Securities and Exchange Commission,,"Standard Instructions for Filing Forms Under Securities Act of 1933, Securities Exchange Act of 1934 and Energy Policy and Conservation Act of 1975—Regulation S-K",other,binding,FASB;FASB ASC,False,False,https://www.ecfr.gov/current/title-17/section-229.1204,2026-09-11,,true
17,Section,229,229.1404,,17 C.F.R. 229.1404,(Item 1404) Loan portfolio.,Securities and Exchange Commission,Securities and Exchange Commission,,"Standard Instructions for Filing Forms Under Securities Act of 1933, Securities Exchange Act of 1934 and Energy Policy and Conservation Act of 1975 - Regulation S-K",other,other,GAAP;U.S. GAAP,False,False,https://www.ecfr.gov/current/title-17/section-229.1404,2026-09-11,,false
17,Section,229,229.1405,,17 C.F.R. 229.1405,(Item 1405) Allowance for Credit Losses.,Securities and Exchange Commission,Securities and Exchange Commission,,"Standard Instructions for Filing Forms Under Securities Act of 1933, Securities Exchange Act of 1934 and Energy Policy and Conservation Act of 1975—Regulation S-K",other,other,GAAP;U.S. GAAP,False,False,https://www.ecfr.gov/current/title-17/section-229.1405,2026-09-11,,false
17,Section,229,229.1405,,17 C.F.R. 229.1405,(Item 1405) Allowance for Credit Losses.,Securities and Exchange Commission,Securities and Exchange Commission,,"Standard Instructions for Filing Forms Under Securities Act of 1933, Securities Exchange Act of 1934 and Energy Policy and Conservation Act of 1975—Regulation S-K",other,other,GAAP;U.S. GAAP,False,False,https://www.ecfr.gov/current/title-17/section-229.1405,2026-09-11,,false
17,Section,229,229.201,,17 C.F.R. 229.201,(Item 201) Market price of and dividends on the registrant's common equity and related stockholder matters.,Securities and Exchange Commission,Securities and Exchange Commission,,"Standard Instructions for Filing Forms Under Securities Act of 1933, Securities Exchange Act of 1934 and Energy Policy and Conservation Act of 1975—Regulation S-K",binding,binding,FASB;FASB ASC,False,False,https://www.ecfr.gov/current/title-17/section-229.201,2026-09-11,,true
17,Section,229,229.302,,17 C.F.R. 229.302,(Item 302) Supplementary financial information.,Securities and Exchange Commission,Securities and Exchange Commission,,"Standard Instructions for Filing Forms Under Securities Act of 1933, Securities Exchange Act of 1934 and Energy Policy and Conservation Act of 1975—Regulation S-K",binding,binding,FASB;FASB ASC,False,False,https://www.ecfr.gov/current/title-17/section-229.302,2026-09-11,,true
17,Section,229,229.302,,17 C.F.R. 229.302,(Item 302) Supplementary financial information.,Securities and Exchange Commission,Securities and Exchange Commission,,"Standard Instructions for Filing Forms Under Securities Act of 1933, Securities Exchange Act of 1934 and Energy Policy and Conservation Act of 1975—Regulation S-K",binding,binding,FASB;FASB ASC,False,False,https://www.ecfr.gov/current/title-17/section-229.302,2026-09-11,,true
17,Section,229,229.303,,17 C.F.R. 229.303,(Item 303) Management's discussion and analysis of financial condition and results of operations.,Securities and Exchange Commission,Securities and Exchange Commission,,"Standard Instructions for Filing Forms Under Securities Act of 1933, Securities Exchange Act of 1934 and Energy Policy and Conservation Act of 1975 - Regulation S-K",binding,binding,GAAP;U.S. GAAP;generally-accepted-accounting,False,False,https://www.ecfr.gov/current/title-17/section-229.303,2026-09-11,,false
17,Section,229,229.303,,17 C.F.R. 229.303,(Item 303) Management's discussion and analysis of financial condition and results of operations.,Securities and Exchange Commission,Securities and Exchange Commission,,"Standard Instructions for Filing Forms Under Securities Act of 1933, Securities Exchange Act of 1934 and Energy Policy and Conservation Act of 1975 - Regulation S-K",other,binding,GAAP;U.S. GAAP;generally-accepted-accounting,False,False,https://www.ecfr.gov/current/title-17/section-229.303,2026-09-11,,false
17,Section,229,229.303,,17 C.F.R. 229.303,(Item 303) Management's discussion and analysis of financial condition and results of operations.,Securities and Exchange Commission,Securities and Exchange Commission,,"Standard Instructions for Filing Forms Under Securities Act of 1933, Securities Exchange Act of 1934 and Energy Policy and Conservation Act of 1975 - Regulation S-K",binding,binding,GAAP;U.S. GAAP;generally-accepted-accounting,False,False,https://www.ecfr.gov/current/title-17/section-229.303,2026-09-11,,false
17,Section,229,229.305,,17 C.F.R. 229.305,(Item 305) Quantitative and qualitative disclosures about market risk.,Securities and Exchange Commission,Securities and Exchange Commission,,"Standard Instructions for Filing Forms Under Securities Act of 1933, Securities Exchange Act of 1934 and Energy Policy and Conservation Act of 1975—Regulation S-K",definition,definition,FASB;FASB ASC;generally-accepted-accounting,False,False,https://www.ecfr.gov/current/title-17/section-229.305,2026-09-11,,true
17,Section,229,229.305,,17 C.F.R. 229.305,(Item 305) Quantitative and qualitative disclosures about market risk.,Securities and Exchange Commission,Securities and Exchange Commission,,"Standard Instructions for Filing Forms Under Securities Act of 1933, Securities Exchange Act of 1934 and Energy Policy and Conservation Act of 1975—Regulation S-K",other,definition,FASB;FASB ASC;generally-accepted-accounting,False,False,https://www.ecfr.gov/current/title-17/section-229.305,2026-09-11,,true
17,Section,229,229.305,,17 C.F.R. 229.305,(Item 305) Quantitative and qualitative disclosures about market risk.,Securities and Exchange Commission,Securities and Exchange Commission,,"Standard Instructions for Filing Forms Under Securities Act of 1933, Securities Exchange Act of 1934 and Energy Policy and Conservation Act of 1975—Regulation S-K",other,definition,FASB;FASB ASC;generally-accepted-accounting,False,False,https://www.ecfr.gov/current/title-17/section-229.305,2026-09-11,,true
17,Section,229,229.305,,17 C.F.R. 229.305,(Item 305) Quantitative and qualitative disclosures about market risk.,Securities and Exchange Commission,Securities and Exchange Commission,,"Standard Instructions for Filing Forms Under Securities Act of 1933, Securities Exchange Act of 1934 and Energy Policy and Conservation Act of 1975—Regulation S-K",definition,definition,FASB;FASB ASC;generally-accepted-accounting,False,False,https://www.ecfr.gov/current/title-17/section-229.305,2026-09-11,,true
17,Section,229,229.305,,17 C.F.R. 229.305,(Item 305) Quantitative and qualitative disclosures about market risk.,Securities and Exchange Commission,Securities and Exchange Commission,,"Standard Instructions for Filing Forms Under Securities Act of 1933, Securities Exchange Act of 1934 and Energy Policy and Conservation Act of 1975—Regulation S-K",other,definition,FASB;FASB ASC;generally-accepted-accounting,False,False,https://www.ecfr.gov/current/title-17/section-229.305,2026-09-11,,true
17,Section,229,229.305,,17 C.F.R. 229.305,(Item 305) Quantitative and qualitative disclosures about market risk.,Securities and Exchange Commission,Securities and Exchange Commission,,"Standard Instructions for Filing Forms Under Securities Act of 1933, Securities Exchange Act of 1934 and Energy Policy and Conservation Act of 1975—Regulation S-K",other,definition,FASB;FASB ASC;generally-accepted-accounting,False,False,https://www.ecfr.gov/current/title-17/section-229.305,2026-09-11,,true
17,Section,229,229.305,,17 C.F.R. 229.305,(Item 305) Quantitative and qualitative disclosures about market risk.,Securities and Exchange Commission,Securities and Exchange Commission,,"Standard Instructions for Filing Forms Under Securities Act of 1933, Securities Exchange Act of 1934 and Energy Policy and Conservation Act of 1975—Regulation S-K",definition,definition,FASB;FASB ASC;generally-accepted-accounting,False,False,https://www.ecfr.gov/current/title-17/section-229.305,2026-09-11,,true
17,Section,229,229.305,,17 C.F.R. 229.305,(Item 305) Quantitative and qualitative disclosures about market risk.,Securities and Exchange Commission,Securities and Exchange Commission,,"Standard Instructions for Filing Forms Under Securities Act of 1933, Securities Exchange Act of 1934 and Energy Policy and Conservation Act of 1975—Regulation S-K",other,definition,FASB;FASB ASC;generally-accepted-accounting,False,False,https://www.ecfr.gov/current/title-17/section-229.305,2026-09-11,,true
17,Section,229,229.305,,17 C.F.R. 229.305,(Item 305) Quantitative and qualitative disclosures about market risk.,Securities and Exchange Commission,Securities and Exchange Commission,,"Standard Instructions for Filing Forms Under Securities Act of 1933, Securities Exchange Act of 1934 and Energy Policy and Conservation Act of 1975—Regulation S-K",other,definition,FASB;FASB ASC;generally-accepted-accounting,False,False,https://www.ecfr.gov/current/title-17/section-229.305,2026-09-11,,true
17,Section,229,229.305,,17 C.F.R. 229.305,(Item 305) Quantitative and qualitative disclosures about market risk.,Securities and Exchange Commission,Securities and Exchange Commission,,"Standard Instructions for Filing Forms Under Securities Act of 1933, Securities Exchange Act of 1934 and Energy Policy and Conservation Act of 1975—Regulation S-K",definition,definition,FASB;FASB ASC;generally-accepted-accounting,False,False,https://www.ecfr.gov/current/title-17/section-229.305,2026-09-11,,true
17,Section,229,229.305,,17 C.F.R. 229.305,(Item 305) Quantitative and qualitative disclosures about market risk.,Securities and Exchange Commission,Securities and Exchange Commission,,"Standard Instructions for Filing Forms Under Securities Act of 1933, Securities Exchange Act of 1934 and Energy Policy and Conservation Act of 1975—Regulation S-K",other,definition,FASB;FASB ASC;generally-accepted-accounting,False,False,https://www.ecfr.gov/current/title-17/section-229.305,2026-09-11,,true
17,Section,229,229.305,,17 C.F.R. 229.305,(Item 305) Quantitative and qualitative disclosures about market risk.,Securities and Exchange Commission,Securities and Exchange Commission,,"Standard Instructions for Filing Forms Under Securities Act of 1933, Securities Exchange Act of 1934 and Energy Policy and Conservation Act of 1975—Regulation S-K",other,definition,FASB;FASB ASC;generally-accepted-accounting,False,False,https://www.ecfr.gov/current/title-17/section-229.305,2026-09-11,,true
17,Section,229,229.305,,17 C.F.R. 229.305,(Item 305) Quantitative and qualitative disclosures about market risk.,Securities and Exchange Commission,Securities and Exchange Commission,,"Standard Instructions for Filing Forms Under Securities Act of 1933, Securities Exchange Act of 1934 and Energy Policy and Conservation Act of 1975—Regulation S-K",definition,definition,FASB;FASB ASC;generally-accepted-accounting,False,False,https://www.ecfr.gov/current/title-17/section-229.305,2026-09-11,,true
17,Section,229,229.305,,17 C.F.R. 229.305,(Item 305) Quantitative and qualitative disclosures about market risk.,Securities and Exchange Commission,Securities and Exchange Commission,,"Standard Instructions for Filing Forms Under Securities Act of 1933, Securities Exchange Act of 1934 and Energy Policy and Conservation Act of 1975—Regulation S-K",other,definition,FASB;FASB ASC;generally-accepted-accounting,False,False,https://www.ecfr.gov/current/title-17/section-229.305,2026-09-11,,true
17,Section,229,229.402,,17 C.F.R. 229.402,(Item 402) Executive compensation.,Securities and Exchange Commission,Securities and Exchange Commission,,"Standard Instructions for Filing Forms Under Securities Act of 1933, Securities Exchange Act of 1934 and Energy Policy and Conservation Act of 1975—Regulation S-K",other,binding,FASB;FASB ASC;GAAP;generally-accepted-accounting,False,False,https://www.ecfr.gov/current/title-17/section-229.402,2026-09-11,,true
17,Section,229,229.402,,17 C.F.R. 229.402,(Item 402) Executive compensation.,Securities and Exchange Commission,Securities and Exchange Commission,,"Standard Instructions for Filing Forms Under Securities Act of 1933, Securities Exchange Act of 1934 and Energy Policy and Conservation Act of 1975—Regulation S-K",other,binding,FASB;FASB ASC;GAAP;generally-accepted-accounting,False,False,https://www.ecfr.gov/current/title-17/section-229.402,2026-09-11,,true
17,Section,229,229.402,,17 C.F.R. 229.402,(Item 402) Executive compensation.,Securities and Exchange Commission,Securities and Exchange Commission,,"Standard Instructions for Filing Forms Under Securities Act of 1933, Securities Exchange Act of 1934 and Energy Policy and Conservation Act of 1975—Regulation S-K",binding,binding,FASB;FASB ASC;GAAP;generally-accepted-accounting,False,False,https://www.ecfr.gov/current/title-17/section-229.402,2026-09-11,,false
17,Section,229,229.402,,17 C.F.R. 229.402,(Item 402) Executive compensation.,Securities and Exchange Commission,Securities and Exchange Commission,,"Standard Instructions for Filing Forms Under Securities Act of 1933, Securities Exchange Act of 1934 and Energy Policy and Conservation Act of 1975—Regulation S-K",binding,binding,FASB;FASB ASC;GAAP;generally-accepted-accounting,False,False,https://www.ecfr.gov/current/title-17/section-229.402,2026-09-11,,true
17,Section,229,229.402,,17 C.F.R. 229.402,(Item 402) Executive compensation.,Securities and Exchange Commission,Securities and Exchange Commission,,"Standard Instructions for Filing Forms Under Securities Act of 1933, Securities Exchange Act of 1934 and Energy Policy and Conservation Act of 1975—Regulation S-K",binding,binding,FASB;FASB ASC;GAAP;generally-accepted-accounting,False,False,https://www.ecfr.gov/current/title-17/section-229.402,2026-09-11,,true
17,Section,229,229.402,,17 C.F.R. 229.402,(Item 402) Executive compensation.,Securities and Exchange Commission,Securities and Exchange Commission,,"Standard Instructions for Filing Forms Under Securities Act of 1933, Securities Exchange Act of 1934 and Energy Policy and Conservation Act of 1975—Regulation S-K",binding,binding,FASB;FASB ASC;GAAP;generally-accepted-accounting,False,False,https://www.ecfr.gov/current/title-17/section-229.402,2026-09-11,,true
17,Section,229,229.402,,17 C.F.R. 229.402,(Item 402) Executive compensation.,Securities and Exchange Commission,Securities and Exchange Commission,,"Standard Instructions for Filing Forms Under Securities Act of 1933, Securities Exchange Act of 1934 and Energy Policy and Conservation Act of 1975—Regulation S-K",binding,binding,FASB;FASB ASC;GAAP;generally-accepted-accounting,False,False,https://www.ecfr.gov/current/title-17/section-229.402,2026-09-11,,true
17,Section,229,229.402,,17 C.F.R. 229.402,(Item 402) Executive compensation.,Securities and Exchange Commission,Securities and Exchange Commission,,"Standard Instructions for Filing Forms Under Securities Act of 1933, Securities Exchange Act of 1934 and Energy Policy and Conservation Act of 1975—Regulation S-K",binding,binding,FASB;FASB ASC;GAAP;generally-accepted-accounting,False,False,https://www.ecfr.gov/current/title-17/section-229.402,2026-09-11,,true
17,Section,229,229.402,,17 C.F.R. 229.402,(Item 402) Executive compensation.,Securities and Exchange Commission,Securities and Exchange Commission,,"Standard Instructions for Filing Forms Under Securities Act of 1933, Securities Exchange Act of 1934 and Energy Policy and Conservation Act of 1975—Regulation S-K",binding,binding,FASB;FASB ASC;GAAP;generally-accepted-accounting,False,False,https://www.ecfr.gov/current/title-17/section-229.402,2026-09-11,,true
17,Section,229,229.402,,17 C.F.R. 229.402,(Item 402) Executive compensation.,Securities and Exchange Commission,Securities and Exchange Commission,,"Standard Instructions for Filing Forms Under Securities Act of 1933, Securities Exchange Act of 1934 and Energy Policy and Conservation Act of 1975—Regulation S-K",binding,binding,FASB;FASB ASC;GAAP;generally-accepted-accounting,False,False,https://www.ecfr.gov/current/title-17/section-229.402,2026-09-11,,true
17,Section,229,229.402,,17 C.F.R. 229.402,(Item 402) Executive compensation.,Securities and Exchange Commission,Securities and Exchange Commission,,"Standard Instructions for Filing Forms Under Securities Act of 1933, Securities Exchange Act of 1934 and Energy Policy and Conservation Act of 1975—Regulation S-K",binding,binding,FASB;FASB ASC;GAAP;generally-accepted-accounting,False,False,https://www.ecfr.gov/current/title-17/section-229.402,2026-09-11,,true
17,Section,229,229.402,,17 C.F.R. 229.402,(Item 402) Executive compensation.,Securities and Exchange Commission,Securities and Exchange Commission,,"Standard Instructions for Filing Forms Under Securities Act of 1933, Securities Exchange Act of 1934 and Energy Policy and Conservation Act of 1975—Regulation S-K",other,binding,FASB;FASB ASC;GAAP;generally-accepted-accounting,False,False,https://www.ecfr.gov/current/title-17/section-229.402,2026-09-11,,true
17,Section,229,229.402,,17 C.F.R. 229.402,(Item 402) Executive compensation.,Securities and Exchange Commission,Securities and Exchange Commission,,"Standard Instructions for Filing Forms Under Securities Act of 1933, Securities Exchange Act of 1934 and Energy Policy and Conservation Act of 1975—Regulation S-K",binding,binding,FASB;FASB ASC;GAAP;generally-accepted-accounting,False,False,https://www.ecfr.gov/current/title-17/section-229.402,2026-09-11,,false
17,Section,229,229.402,,17 C.F.R. 229.402,(Item 402) Executive compensation.,Securities and Exchange Commission,Securities and Exchange Commission,,"Standard Instructions for Filing Forms Under Securities Act of 1933, Securities Exchange Act of 1934 and Energy Policy and Conservation Act of 1975—Regulation S-K",binding,binding,FASB;FASB ASC;GAAP;generally-accepted-accounting,False,False,https://www.ecfr.gov/current/title-17/section-229.402,2026-09-11,,false
17,Section,229,229.402,,17 C.F.R. 229.402,(Item 402) Executive compensation.,Securities and Exchange Commission,Securities and Exchange Commission,,"Standard Instructions for Filing Forms Under Securities Act of 1933, Securities Exchange Act of 1934 and Energy Policy and Conservation Act of 1975—Regulation S-K",binding,binding,FASB;FASB ASC;GAAP;generally-accepted-accounting,False,False,https://www.ecfr.gov/current/title-17/section-229.402,2026-09-11,,true
17,Section,229,229.402,,17 C.F.R. 229.402,(Item 402) Executive compensation.,Securities and Exchange Commission,Securities and Exchange Commission,,"Standard Instructions for Filing Forms Under Securities Act of 1933, Securities Exchange Act of 1934 and Energy Policy and Conservation Act of 1975—Regulation S-K",binding,binding,FASB;FASB ASC;GAAP;generally-accepted-accounting,False,False,https://www.ecfr.gov/current/title-17/section-229.402,2026-09-11,,true
17,Section,229,229.402,,17 C.F.R. 229.402,(Item 402) Executive compensation.,Securities and Exchange Commission,Securities and Exchange Commission,,"Standard Instructions for Filing Forms Under Securities Act of 1933, Securities Exchange Act of 1934 and Energy Policy and Conservation Act of 1975—Regulation S-K",binding,binding,FASB;FASB ASC;GAAP;generally-accepted-accounting,False,False,https://www.ecfr.gov/current/title-17/section-229.402,2026-09-11,,true
17,Section,229,229.402,,17 C.F.R. 229.402,(Item 402) Executive compensation.,Securities and Exchange Commission,Securities and Exchange Commission,,"Standard Instructions for Filing Forms Under Securities Act of 1933, Securities Exchange Act of 1934 and Energy Policy and Conservation Act of 1975—Regulation S-K",binding,binding,FASB;FASB ASC;GAAP;generally-accepted-accounting,False,False,https://www.ecfr.gov/current/title-17/section-229.402,2026-09-11,,true
17,Section,229,229.402,,17 C.F.R. 229.402,(Item 402) Executive compensation.,Securities and Exchange Commission,Securities and Exchange Commission,,"Standard Instructions for Filing Forms Under Securities Act of 1933, Securities Exchange Act of 1934 and Energy Policy and Conservation Act of 1975—Regulation S-K",other,binding,FASB;FASB ASC;GAAP;generally-accepted-accounting,False,False,https://www.ecfr.gov/current/title-17/section-229.402,2026-09-11,,true
17,Section,229,229.402,,17 C.F.R. 229.402,(Item 402) Executive compensation.,Securities and Exchange Commission,Securities and Exchange Commission,,"Standard Instructions for Filing Forms Under Securities Act of 1933, Securities Exchange Act of 1934 and Energy Policy and Conservation Act of 1975—Regulation S-K",other,binding,FASB;FASB ASC;GAAP;generally-accepted-accounting,False,False,https://www.ecfr.gov/current/title-17/section-229.402,2026-09-11,,true
17,Section,229,229.402,,17 C.F.R. 229.402,(Item 402) Executive compensation.,Securities and Exchange Commission,Securities and Exchange Commission,,"Standard Instructions for Filing Forms Under Securities Act of 1933, Securities Exchange Act of 1934 and Energy Policy and Conservation Act of 1975—Regulation S-K",binding,binding,FASB;FASB ASC;GAAP;generally-accepted-accounting,False,False,https://www.ecfr.gov/current/title-17/section-229.402,2026-09-11,,true
17,Section,229,229.402,,17 C.F.R. 229.402,(Item 402) Executive compensation.,Securities and Exchange Commission,Securities and Exchange Commission,,"Standard Instructions for Filing Forms Under Securities Act of 1933, Securities Exchange Act of 1934 and Energy Policy and Conservation Act of 1975—Regulation S-K",binding,binding,FASB;FASB ASC;GAAP;generally-accepted-accounting,False,False,https://www.ecfr.gov/current/title-17/section-229.402,2026-09-11,,true
17,Section,229,229.402,,17 C.F.R. 229.402,(Item 402) Executive compensation.,Securities and Exchange Commission,Securities and Exchange Commission,,"Standard Instructions for Filing Forms Under Securities Act of 1933, Securities Exchange Act of 1934 and Energy Policy and Conservation Act of 1975—Regulation S-K",binding,binding,FASB;FASB ASC;GAAP;generally-accepted-accounting,False,False,https://www.ecfr.gov/current/title-17/section-229.402,2026-09-11,,true
17,Section,229,229.402,,17 C.F.R. 229.402,(Item 402) Executive compensation.,Securities and Exchange Commission,Securities and Exchange Commission,,"Standard Instructions for Filing Forms Under Securities Act of 1933, Securities Exchange Act of 1934 and Energy Policy and Conservation Act of 1975—Regulation S-K",binding,binding,FASB;FASB ASC;GAAP;generally-accepted-accounting,False,False,https://www.ecfr.gov/current/title-17/section-229.402,2026-09-11,,true
17,Section,229,229.402,,17 C.F.R. 229.402,(Item 402) Executive compensation.,Securities and Exchange Commission,Securities and Exchange Commission,,"Standard Instructions for Filing Forms Under Securities Act of 1933, Securities Exchange Act of 1934 and Energy Policy and Conservation Act of 1975—Regulation S-K",binding,binding,FASB;FASB ASC;GAAP;generally-accepted-accounting,False,False,https://www.ecfr.gov/current/title-17/section-229.402,2026-09-11,,true
17,Section,229,229.402,,17 C.F.R. 229.402,(Item 402) Executive compensation.,Securities and Exchange Commission,Securities and Exchange Commission,,"Standard Instructions for Filing Forms Under Securities Act of 1933, Securities Exchange Act of 1934 and Energy Policy and Conservation Act of 1975—Regulation S-K",binding,binding,FASB;FASB ASC;GAAP;generally-accepted-accounting,False,False,https://www.ecfr.gov/current/title-17/section-229.402,2026-09-11,,true
17,Section,229,229.402,,17 C.F.R. 229.402,(Item 402) Executive compensation.,Securities and Exchange Commission,Securities and Exchange Commission,,"Standard Instructions for Filing Forms Under Securities Act of 1933, Securities Exchange Act of 1934 and Energy Policy and Conservation Act of 1975—Regulation S-K",binding,binding,FASB;FASB ASC;GAAP;generally-accepted-accounting,False,False,https://www.ecfr.gov/current/title-17/section-229.402,2026-09-11,,true
17,Section,229,229.402,,17 C.F.R. 229.402,(Item 402) Executive compensation.,Securities and Exchange Commission,Securities and Exchange Commission,,"Standard Instructions for Filing Forms Under Securities Act of 1933, Securities Exchange Act of 1934 and Energy Policy and Conservation Act of 1975—Regulation S-K",binding,binding,FASB;FASB ASC;GAAP;generally-accepted-accounting,False,False,https://www.ecfr.gov/current/title-17/section-229.402,2026-09-11,,true
17,Section,229,229.402,,17 C.F.R. 229.402,(Item 402) Executive compensation.,Securities and Exchange Commission,Securities and Exchange Commission,,"Standard Instructions for Filing Forms Under Securities Act of 1933, Securities Exchange Act of 1934 and Energy Policy and Conservation Act of 1975—Regulation S-K",binding,binding,FASB;FASB ASC;GAAP;generally-accepted-accounting,False,False,https://www.ecfr.gov/current/title-17/section-229.402,2026-09-11,,false
17,Section,229,229.402,,17 C.F.R. 229.402,(Item 402) Executive compensation.,Securities and Exchange Commission,Securities and Exchange Commission,,"Standard Instructions for Filing Forms Under Securities Act of 1933, Securities Exchange Act of 1934 and Energy Policy and Conservation Act of 1975—Regulation S-K",binding,binding,FASB;FASB ASC;GAAP;generally-accepted-accounting,False,False,https://www.ecfr.gov/current/title-17/section-229.402,2026-09-11,,false
17,Section,229,229.402,,17 C.F.R. 229.402,(Item 402) Executive compensation.,Securities and Exchange Commission,Securities and Exchange Commission,,"Standard Instructions for Filing Forms Under Securities Act of 1933, Securities Exchange Act of 1934 and Energy Policy and Conservation Act of 1975—Regulation S-K",binding,binding,FASB;FASB ASC;GAAP;generally-accepted-accounting,False,False,https://www.ecfr.gov/current/title-17/section-229.402,2026-09-11,,false
17,Section,229,229.402,,17 C.F.R. 229.402,(Item 402) Executive compensation.,Securities and Exchange Commission,Securities and Exchange Commission,,"Standard Instructions for Filing Forms Under Securities Act of 1933, Securities Exchange Act of 1934 and Energy Policy and Conservation Act of 1975—Regulation S-K",binding,binding,FASB;FASB ASC;GAAP;generally-accepted-accounting,False,False,https://www.ecfr.gov/current/title-17/section-229.402,2026-09-11,,false
17,Section,229,229.402,,17 C.F.R. 229.402,(Item 402) Executive compensation.,Securities and Exchange Commission,Securities and Exchange Commission,,"Standard Instructions for Filing Forms Under Securities Act of 1933, Securities Exchange Act of 1934 and Energy Policy and Conservation Act of 1975—Regulation S-K",other,binding,FASB;FASB ASC;GAAP;generally-accepted-accounting,False,False,https://www.ecfr.gov/current/title-17/section-229.402,2026-09-11,,false
17,Section,229,229.407,,17 C.F.R. 229.407,(Item 407) Corporate governance.,Securities and Exchange Commission,Securities and Exchange Commission,,"Standard Instructions for Filing Forms Under Securities Act of 1933, Securities Exchange Act of 1934 and Energy Policy and Conservation Act of 1975—Regulation S-K",other,definition,generally-accepted-accounting,False,False,https://www.ecfr.gov/current/title-17/section-229.407,2026-09-11,,false
17,Section,229,229.407,,17 C.F.R. 229.407,(Item 407) Corporate governance.,Securities and Exchange Commission,Securities and Exchange Commission,,"Standard Instructions for Filing Forms Under Securities Act of 1933, Securities Exchange Act of 1934 and Energy Policy and Conservation Act of 1975—Regulation S-K",definition,definition,generally-accepted-accounting,False,False,https://www.ecfr.gov/current/title-17/section-229.407,2026-09-11,,false
17,Section,229,229.601,,17 C.F.R. 229.601,(Item 601) Exhibits.,Securities and Exchange Commission,Securities and Exchange Commission,,"Standard Instructions for Filing Forms Under Securities Act of 1933, Securities Exchange Act of 1934 and Energy Policy and Conservation Act of 1975—Regulation S-K",other,binding,Financial Accounting Standards Board;generally-accepted-accounting,False,False,https://www.ecfr.gov/current/title-17/section-229.601,2026-09-11,,true
17,Section,229,229.601,,17 C.F.R. 229.601,(Item 601) Exhibits.,Securities and Exchange Commission,Securities and Exchange Commission,,"Standard Instructions for Filing Forms Under Securities Act of 1933, Securities Exchange Act of 1934 and Energy Policy and Conservation Act of 1975—Regulation S-K",binding,binding,Financial Accounting Standards Board;generally-accepted-accounting,False,False,https://www.ecfr.gov/current/title-17/section-229.601,2026-09-11,,false
17,Section,229,229.601,,17 C.F.R. 229.601,(Item 601) Exhibits.,Securities and Exchange Commission,Securities and Exchange Commission,,"Standard Instructions for Filing Forms Under Securities Act of 1933, Securities Exchange Act of 1934 and Energy Policy and Conservation Act of 1975—Regulation S-K",binding,binding,Financial Accounting Standards Board;generally-accepted-accounting,False,False,https://www.ecfr.gov/current/title-17/section-229.601,2026-09-11,,false
17,Section,23,23.100,,17 C.F.R. 23.100,Definitions applicable to capital requirements.,Commodity Futures Trading Commission,Commodity Futures Trading Commission,,Swap Dealers and Major Swap Participants,binding,binding,generally-accepted-accounting,False,False,https://www.ecfr.gov/current/title-17/section-23.100,2026-09-11,,false
17,Section,23,23.105,,17 C.F.R. 23.105,"Financial recordkeeping, reporting and notification requirements for swap dealers and major swap participants.",Commodity Futures Trading Commission,Commodity Futures Trading Commission,,Swap Dealers and Major Swap Participants,binding,binding,generally-accepted-accounting,False,False,https://www.ecfr.gov/current/title-17/section-23.105,2026-09-11,,false
17,Section,23,23.105,,17 C.F.R. 23.105,"Financial recordkeeping, reporting and notification requirements for swap dealers and major swap participants.",Commodity Futures Trading Commission,Commodity Futures Trading Commission,,Swap Dealers and Major Swap Participants,permissive,binding,generally-accepted-accounting,False,False,https://www.ecfr.gov/current/title-17/section-23.105,2026-09-11,,false
17,Section,23,23.105,,17 C.F.R. 23.105,"Financial recordkeeping, reporting and notification requirements for swap dealers and major swap participants.",Commodity Futures Trading Commission,Commodity Futures Trading Commission,,Swap Dealers and Major Swap Participants,binding,binding,generally-accepted-accounting,False,False,https://www.ecfr.gov/current/title-17/section-23.105,2026-09-11,,false
17,Section,23,23.105,,17 C.F.R. 23.105,"Financial recordkeeping, reporting and notification requirements for swap dealers and major swap participants.",Commodity Futures Trading Commission,Commodity Futures Trading Commission,,Swap Dealers and Major Swap Participants,binding,binding,generally-accepted-accounting,False,False,https://www.ecfr.gov/current/title-17/section-23.105,2026-09-11,,false
17,Section,23,23.105,,17 C.F.R. 23.105,"Financial recordkeeping, reporting and notification requirements for swap dealers and major swap participants.",Commodity Futures Trading Commission,Commodity Futures Trading Commission,,Swap Dealers and Major Swap Participants,permissive,binding,generally-accepted-accounting,False,False,https://www.ecfr.gov/current/title-17/section-23.105,2026-09-11,,false
17,Section,23,23.151,,17 C.F.R. 23.151,Definitions applicable to margin requirements.,Commodity Futures Trading Commission,Commodity Futures Trading Commission,,Swap Dealers and Major Swap Participants,binding,binding,generally-accepted-accounting,False,False,https://www.ecfr.gov/current/title-17/section-23.151,2026-09-11,,false
17,Section,23,23.160,,17 C.F.R. 23.160,Cross-border application.,Commodity Futures Trading Commission,Commodity Futures Trading Commission,,Swap Dealers and Major Swap Participants,other,definition,GAAP;U.S. GAAP;generally-accepted-accounting,False,False,https://www.ecfr.gov/current/title-17/section-23.160,2026-09-11,,false
17,Section,23,23.160,,17 C.F.R. 23.160,Cross-border application.,Commodity Futures Trading Commission,Commodity Futures Trading Commission,,Swap Dealers and Major Swap Participants,other,definition,GAAP;U.S. GAAP;generally-accepted-accounting,False,False,https://www.ecfr.gov/current/title-17/section-23.160,2026-09-11,,false
17,Section,23,23.160,,17 C.F.R. 23.160,Cross-border application.,Commodity Futures Trading Commission,Commodity Futures Trading Commission,,Swap Dealers and Major Swap Participants,other,definition,GAAP;U.S. GAAP;generally-accepted-accounting,False,False,https://www.ecfr.gov/current/title-17/section-23.160,2026-09-11,,false
17,Section,23,23.160,,17 C.F.R. 23.160,Cross-border application.,Commodity Futures Trading Commission,Commodity Futures Trading Commission,,Swap Dealers and Major Swap Participants,definition,definition,GAAP;U.S. GAAP;generally-accepted-accounting,False,False,https://www.ecfr.gov/current/title-17/section-23.160,2026-09-11,,false
17,Section,23,23.23,,17 C.F.R. 23.23,Cross-border application.,Commodity Futures Trading Commission,Commodity Futures Trading Commission,,Swap Dealers and Major Swap Participants,other,binding,GAAP;U.S. GAAP;generally-accepted-accounting,False,False,https://www.ecfr.gov/current/title-17/section-23.23,2026-09-11,,false
17,Section,23,23.23,,17 C.F.R. 23.23,Cross-border application.,Commodity Futures Trading Commission,Commodity Futures Trading Commission,,Swap Dealers and Major Swap Participants,other,binding,GAAP;U.S. GAAP;generally-accepted-accounting,False,False,https://www.ecfr.gov/current/title-17/section-23.23,2026-09-11,,false
17,Section,23,23.23,,17 C.F.R. 23.23,Cross-border application.,Commodity Futures Trading Commission,Commodity Futures Trading Commission,,Swap Dealers and Major Swap Participants,other,binding,GAAP;U.S. GAAP;generally-accepted-accounting,False,False,https://www.ecfr.gov/current/title-17/section-23.23,2026-09-11,,false
17,Section,23,23.23,,17 C.F.R. 23.23,Cross-border application.,Commodity Futures Trading Commission,Commodity Futures Trading Commission,,Swap Dealers and Major Swap Participants,binding,binding,GAAP;U.S. GAAP;generally-accepted-accounting,False,False,https://www.ecfr.gov/current/title-17/section-23.23,2026-09-11,,false
17,Section,23,23.23,,17 C.F.R. 23.23,Cross-border application.,Commodity Futures Trading Commission,Commodity Futures Trading Commission,,Swap Dealers and Major Swap Participants,other,binding,GAAP;U.S. GAAP;generally-accepted-accounting,False,False,https://www.ecfr.gov/current/title-17/section-23.23,2026-09-11,,false
17,Section,23,23.23,,17 C.F.R. 23.23,Cross-border application.,Commodity Futures Trading Commission,Commodity Futures Trading Commission,,Swap Dealers and Major Swap Participants,definition,binding,GAAP;U.S. GAAP;generally-accepted-accounting,False,False,https://www.ecfr.gov/current/title-17/section-23.23,2026-09-11,,false
17,Section,230,230.144A,,17 C.F.R. 230.144A,Private resales of securities to institutions.,Securities and Exchange Commission,Securities and Exchange Commission,,"General Rules and Regulations, Securities Act of 1933",permissive,permissive,generally-accepted-accounting,False,False,https://www.ecfr.gov/current/title-17/section-230.144A,2026-09-11,,false
17,Section,230,230.175,,17 C.F.R. 230.175,Liability for certain statements by issuers.,Securities and Exchange Commission,Securities and Exchange Commission,,"General Rules and Regulations, Securities Act of 1933",definition,definition,FASB;FASB ASC,False,False,https://www.ecfr.gov/current/title-17/section-230.175,2026-09-11,,true
17,Section,230,230.405,,17 C.F.R. 230.405,Definitions of terms.,Securities and Exchange Commission,Securities and Exchange Commission,,"General Rules and Regulations, Securities Act of 1933",binding,binding,GAAP;U.S. GAAP;generally-accepted-accounting,False,False,https://www.ecfr.gov/current/title-17/section-230.405,2026-09-11,,false
17,Section,230,230.405,,17 C.F.R. 230.405,Definitions of terms.,Securities and Exchange Commission,Securities and Exchange Commission,,"General Rules and Regulations, Securities Act of 1933",other,binding,GAAP;U.S. GAAP;generally-accepted-accounting,False,False,https://www.ecfr.gov/current/title-17/section-230.405,2026-09-11,,false
17,Section,230,230.405,,17 C.F.R. 230.405,Definitions of terms.,Securities and Exchange Commission,Securities and Exchange Commission,,"General Rules and Regulations, Securities Act of 1933",binding,binding,GAAP;U.S. GAAP;generally-accepted-accounting,False,False,https://www.ecfr.gov/current/title-17/section-230.405,2026-09-11,,false
17,Section,230,230.405,,17 C.F.R. 230.405,Definitions of terms.,Securities and Exchange Commission,Securities and Exchange Commission,,"General Rules and Regulations, Securities Act of 1933",other,binding,GAAP;U.S. GAAP;generally-accepted-accounting,False,False,https://www.ecfr.gov/current/title-17/section-230.405,2026-09-11,,false
17,Section,230,230.405,,17 C.F.R. 230.405,Definitions of terms.,Securities and Exchange Commission,Securities and Exchange Commission,,"General Rules and Regulations, Securities Act of 1933",binding,binding,GAAP;U.S. GAAP;generally-accepted-accounting,False,False,https://www.ecfr.gov/current/title-17/section-230.405,2026-09-11,,false
17,Section,230,230.405,,17 C.F.R. 230.405,Definitions of terms.,Securities and Exchange Commission,Securities and Exchange Commission,,"General Rules and Regulations, Securities Act of 1933",other,binding,GAAP;U.S. GAAP;generally-accepted-accounting,False,False,https://www.ecfr.gov/current/title-17/section-230.405,2026-09-11,,false
17,Section,230,230.405,,17 C.F.R. 230.405,Definitions of terms.,Securities and Exchange Commission,Securities and Exchange Commission,,"General Rules and Regulations, Securities Act of 1933",other,binding,GAAP;U.S. GAAP;generally-accepted-accounting,False,False,https://www.ecfr.gov/current/title-17/section-230.405,2026-09-11,,false
17,Section,230,230.411,,17 C.F.R. 230.411,Incorporation by reference.,Securities and Exchange Commission,Securities and Exchange Commission,,"General Rules and Regulations, Securities Act of 1933",other,binding,generally-accepted-accounting,False,False,https://www.ecfr.gov/current/title-17/section-230.411,2026-09-11,,false
17,Section,230,230.411,,17 C.F.R. 230.411,Incorporation by reference.,Securities and Exchange Commission,Securities and Exchange Commission,,"General Rules and Regulations, Securities Act of 1933",binding,binding,generally-accepted-accounting,False,False,https://www.ecfr.gov/current/title-17/section-230.411,2026-09-11,,false
17,Section,230,230.411,,17 C.F.R. 230.411,Incorporation by reference.,Securities and Exchange Commission,Securities and Exchange Commission,,"General Rules and Regulations, Securities Act of 1933",other,binding,generally-accepted-accounting,False,False,https://www.ecfr.gov/current/title-17/section-230.411,2026-09-11,,false
17,Section,230,230.436,,17 C.F.R. 230.436,Consents required in special cases.,Securities and Exchange Commission,Securities and Exchange Commission,,"General Rules and Regulations, Securities Act of 1933",binding,binding,generally-accepted-accounting,False,False,https://www.ecfr.gov/current/title-17/section-230.436,2026-09-11,,false
17,Section,230,230.502,,17 C.F.R. 230.502,General conditions to be met.,Securities and Exchange Commission,Securities and Exchange Commission,,"General Rules and Regulations, Securities Act of 1933",binding,binding,GAAP;generally-accepted-accounting,False,False,https://www.ecfr.gov/current/title-17/section-230.502,2026-09-11,,false
17,Section,230,230.502,,17 C.F.R. 230.502,General conditions to be met.,Securities and Exchange Commission,Securities and Exchange Commission,,"General Rules and Regulations, Securities Act of 1933",binding,binding,GAAP;generally-accepted-accounting,False,False,https://www.ecfr.gov/current/title-17/section-230.502,2026-09-11,,false
17,Section,230,230.502,,17 C.F.R. 230.502,General conditions to be met.,Securities and Exchange Commission,Securities and Exchange Commission,,"General Rules and Regulations, Securities Act of 1933",binding,binding,GAAP;generally-accepted-accounting,False,False,https://www.ecfr.gov/current/title-17/section-230.502,2026-09-11,,false
17,Section,230,230.610a,,17 C.F.R. 230.610a,Schedule A: Contents of offering circular for small business investment companies; Schedule B: Contents of offering circular for business development companies.,Securities and Exchange Commission,Securities and Exchange Commission,,"General Rules and Regulations, Securities Act of 1933",binding,binding,generally-accepted-accounting,False,False,https://www.ecfr.gov/current/title-17/section-230.610a,2026-09-11,,false
17,Section,230,230.701,,17 C.F.R. 230.701,Exemption for offers and sales of securities pursuant to certain compensatory benefit plans and contracts relating to compensation.,Securities and Exchange Commission,Securities and Exchange Commission,,"General Rules and Regulations, Securities Act of 1933",binding,binding,GAAP;U.S. GAAP;generally-accepted-accounting,False,False,https://www.ecfr.gov/current/title-17/section-230.701,2026-09-11,,false
17,Section,230,230.701,,17 C.F.R. 230.701,Exemption for offers and sales of securities pursuant to certain compensatory benefit plans and contracts relating to compensation.,Securities and Exchange Commission,Securities and Exchange Commission,,"General Rules and Regulations, Securities Act of 1933",binding,binding,GAAP;U.S. GAAP;generally-accepted-accounting,False,False,https://www.ecfr.gov/current/title-17/section-230.701,2026-09-11,,false
17,Section,230,230.701,,17 C.F.R. 230.701,Exemption for offers and sales of securities pursuant to certain compensatory benefit plans and contracts relating to compensation.,Securities and Exchange Commission,Securities and Exchange Commission,,"General Rules and Regulations, Securities Act of 1933",other,binding,GAAP;U.S. GAAP;generally-accepted-accounting,False,False,https://www.ecfr.gov/current/title-17/section-230.701,2026-09-11,,false
17,Section,232,232.405,,17 C.F.R. 232.405,Interactive Data File submissions.,Securities and Exchange Commission,Securities and Exchange Commission,,Regulation S-T—General Rules and Regulations for Electronic Filings,binding,binding,generally-accepted-accounting,False,False,https://www.ecfr.gov/current/title-17/section-232.405,2026-09-11,,false
17,Section,232,232.405,,17 C.F.R. 232.405,Interactive Data File submissions.,Securities and Exchange Commission,Securities and Exchange Commission,,Regulation S-T—General Rules and Regulations for Electronic Filings,binding,binding,generally-accepted-accounting,False,False,https://www.ecfr.gov/current/title-17/section-232.405,2026-09-11,,false
17,Section,240,240.11a1-1(T),,17 C.F.R. 240.11a1-1(T),"Transactions yielding priority, parity, and precedence.",Securities and Exchange Commission,Securities and Exchange Commission,,"General Rules and Regulations, Securities Exchange Act of 1934",permissive,permissive,generally-accepted-accounting,False,False,https://www.ecfr.gov/current/title-17/section-240.11a1-1(T),2026-09-11,,false
17,Section,240,240.12b-23,,17 C.F.R. 240.12b-23,Incorporation by reference.,Securities and Exchange Commission,Securities and Exchange Commission,,"General Rules and Regulations, Securities Exchange Act of 1934",other,other,generally-accepted-accounting,False,False,https://www.ecfr.gov/current/title-17/section-240.12b-23,2026-09-11,,false
17,Section,240,240.12b-2,,17 C.F.R. 240.12b-2,Definitions.,Securities and Exchange Commission,Securities and Exchange Commission,,"General Rules and Regulations, Securities Exchange Act of 1934",binding,binding,GAAP;U.S. GAAP;generally-accepted-accounting,False,False,https://www.ecfr.gov/current/title-17/section-240.12b-2,2026-09-11,,false
17,Section,240,240.12b-2,,17 C.F.R. 240.12b-2,Definitions.,Securities and Exchange Commission,Securities and Exchange Commission,,"General Rules and Regulations, Securities Exchange Act of 1934",other,binding,GAAP;U.S. GAAP;generally-accepted-accounting,False,False,https://www.ecfr.gov/current/title-17/section-240.12b-2,2026-09-11,,false
17,Section,240,240.12b-2,,17 C.F.R. 240.12b-2,Definitions.,Securities and Exchange Commission,Securities and Exchange Commission,,"General Rules and Regulations, Securities Exchange Act of 1934",binding,binding,GAAP;U.S. GAAP;generally-accepted-accounting,False,False,https://www.ecfr.gov/current/title-17/section-240.12b-2,2026-09-11,,false
17,Section,240,240.12b-2,,17 C.F.R. 240.12b-2,Definitions.,Securities and Exchange Commission,Securities and Exchange Commission,,"General Rules and Regulations, Securities Exchange Act of 1934",other,binding,GAAP;U.S. GAAP;generally-accepted-accounting,False,False,https://www.ecfr.gov/current/title-17/section-240.12b-2,2026-09-11,,false
17,Section,240,240.12b-2,,17 C.F.R. 240.12b-2,Definitions.,Securities and Exchange Commission,Securities and Exchange Commission,,"General Rules and Regulations, Securities Exchange Act of 1934",binding,binding,GAAP;U.S. GAAP;generally-accepted-accounting,False,False,https://www.ecfr.gov/current/title-17/section-240.12b-2,2026-09-11,,false
17,Section,240,240.12b-2,,17 C.F.R. 240.12b-2,Definitions.,Securities and Exchange Commission,Securities and Exchange Commission,,"General Rules and Regulations, Securities Exchange Act of 1934",other,binding,GAAP;U.S. GAAP;generally-accepted-accounting,False,False,https://www.ecfr.gov/current/title-17/section-240.12b-2,2026-09-11,,false
17,Section,240,240.12b-2,,17 C.F.R. 240.12b-2,Definitions.,Securities and Exchange Commission,Securities and Exchange Commission,,"General Rules and Regulations, Securities Exchange Act of 1934",other,binding,GAAP;U.S. GAAP;generally-accepted-accounting,False,False,https://www.ecfr.gov/current/title-17/section-240.12b-2,2026-09-11,,false
17,Section,240,240.13a-10,,17 C.F.R. 240.13a-10,Transition reports.,Securities and Exchange Commission,Securities and Exchange Commission,,"General Rules and Regulations, Securities Exchange Act of 1934",binding,binding,generally-accepted-accounting,False,False,https://www.ecfr.gov/current/title-17/section-240.13a-10,2026-09-11,,false
17,Section,240,240.13a-15,,17 C.F.R. 240.13a-15,Controls and procedures.,Securities and Exchange Commission,Securities and Exchange Commission,,"General Rules and Regulations, Securities Exchange Act of 1934",binding,binding,generally-accepted-accounting,False,False,https://www.ecfr.gov/current/title-17/section-240.13a-15,2026-09-11,,false
17,Section,240,240.13a-15,,17 C.F.R. 240.13a-15,Controls and procedures.,Securities and Exchange Commission,Securities and Exchange Commission,,"General Rules and Regulations, Securities Exchange Act of 1934",binding,binding,generally-accepted-accounting,False,False,https://www.ecfr.gov/current/title-17/section-240.13a-15,2026-09-11,,false
17,Section,240,240.13b2-2,,17 C.F.R. 240.13b2-2,Representations and conduct in connection with the preparation of required reports and documents.,Securities and Exchange Commission,Securities and Exchange Commission,,"General Rules and Regulations, Securities Exchange Act of 1934",other,other,generally-accepted-accounting,False,False,https://www.ecfr.gov/current/title-17/section-240.13b2-2,2026-09-11,,false
17,Section,240,240.13e-100,,17 C.F.R. 240.13e-100,"Schedule 13E-3, Transaction statement under section 13(e) of the Securities Exchange Act of 1934 and Rule 13e-3 (§ 240.13e-3) thereunder.",Securities and Exchange Commission,Securities and Exchange Commission,,"General Rules and Regulations, Securities Exchange Act of 1934",binding,binding,GAAP;U.S. GAAP,False,False,https://www.ecfr.gov/current/title-17/section-240.13e-100,2026-09-11,,false
17,Section,240,240.13e-100,,17 C.F.R. 240.13e-100,"Schedule 13E-3, Transaction statement under section 13(e) of the Securities Exchange Act of 1934 and Rule 13e-3 (§ 240.13e-3) thereunder.",Securities and Exchange Commission,Securities and Exchange Commission,,"General Rules and Regulations, Securities Exchange Act of 1934",other,binding,GAAP;U.S. GAAP,False,False,https://www.ecfr.gov/current/title-17/section-240.13e-100,2026-09-11,,false
17,Section,240,240.13e-100,,17 C.F.R. 240.13e-100,"Schedule 13E-3, Transaction statement under section 13(e) of the Securities Exchange Act of 1934 and Rule 13e-3 (§ 240.13e-3) thereunder.",Securities and Exchange Commission,Securities and Exchange Commission,,"General Rules and Regulations, Securities Exchange Act of 1934",binding,binding,GAAP;U.S. GAAP,False,False,https://www.ecfr.gov/current/title-17/section-240.13e-100,2026-09-11,,false
17,Section,240,240.13e-102,,17 C.F.R. 240.13e-102,Schedule 13E-4F. Tender offer statement pursuant to section 13(e) (1) of the Securities Exchange Act of 1934 and § 240.13e-4 thereunder.,Securities and Exchange Commission,Securities and Exchange Commission,,"General Rules and Regulations, Securities Exchange Act of 1934",permissive,permissive,generally-accepted-accounting,False,False,https://www.ecfr.gov/current/title-17/section-240.13e-102,2026-09-11,,false
17,Section,240,240.13n-11,,17 C.F.R. 240.13n-11,Chief compliance officer of security-based swap data repository; compliance reports and financial reports.,Securities and Exchange Commission,Securities and Exchange Commission,,"General Rules and Regulations, Securities Exchange Act of 1934",binding,binding,generally-accepted-accounting,False,False,https://www.ecfr.gov/current/title-17/section-240.13n-11,2026-09-11,,false
17,Section,240,240.14d-100,,17 C.F.R. 240.14d-100,Schedule TO. Tender offer statement under section 14(d)(1) or 13(e)(1) of the Securities Exchange Act of 1934.,Securities and Exchange Commission,Securities and Exchange Commission,,"General Rules and Regulations, Securities Exchange Act of 1934",binding,binding,GAAP;U.S. GAAP,False,False,https://www.ecfr.gov/current/title-17/section-240.14d-100,2026-09-11,,false
17,Section,240,240.14d-100,,17 C.F.R. 240.14d-100,Schedule TO. Tender offer statement under section 14(d)(1) or 13(e)(1) of the Securities Exchange Act of 1934.,Securities and Exchange Commission,Securities and Exchange Commission,,"General Rules and Regulations, Securities Exchange Act of 1934",other,binding,GAAP;U.S. GAAP,False,False,https://www.ecfr.gov/current/title-17/section-240.14d-100,2026-09-11,,false
17,Section,240,240.14d-100,,17 C.F.R. 240.14d-100,Schedule TO. Tender offer statement under section 14(d)(1) or 13(e)(1) of the Securities Exchange Act of 1934.,Securities and Exchange Commission,Securities and Exchange Commission,,"General Rules and Regulations, Securities Exchange Act of 1934",binding,binding,GAAP;U.S. GAAP,False,False,https://www.ecfr.gov/current/title-17/section-240.14d-100,2026-09-11,,false
17,Section,240,240.14d-100,,17 C.F.R. 240.14d-100,Schedule TO. Tender offer statement under section 14(d)(1) or 13(e)(1) of the Securities Exchange Act of 1934.,Securities and Exchange Commission,Securities and Exchange Commission,,"General Rules and Regulations, Securities Exchange Act of 1934",other,binding,GAAP;U.S. GAAP,False,False,https://www.ecfr.gov/current/title-17/section-240.14d-100,2026-09-11,,false
17,Section,240,240.14d-100,,17 C.F.R. 240.14d-100,Schedule TO. Tender offer statement under section 14(d)(1) or 13(e)(1) of the Securities Exchange Act of 1934.,Securities and Exchange Commission,Securities and Exchange Commission,,"General Rules and Regulations, Securities Exchange Act of 1934",binding,binding,GAAP;U.S. GAAP,False,False,https://www.ecfr.gov/current/title-17/section-240.14d-100,2026-09-11,,false
17,Section,240,240.14d-102,,17 C.F.R. 240.14d-102,Schedule 14D-1F. Tender offer statement pursuant to rule 14d-1(b) under the Securities Exchange Act of 1934.,Securities and Exchange Commission,Securities and Exchange Commission,,"General Rules and Regulations, Securities Exchange Act of 1934",permissive,permissive,generally-accepted-accounting,False,False,https://www.ecfr.gov/current/title-17/section-240.14d-102,2026-09-11,,false
17,Section,240,240.14d-103,,17 C.F.R. 240.14d-103,Schedule 14D-9F. Solicitation/recommendation statement pursuant to section 14(d)(4) of the Securities Exchange Act of 1934 and rules 14d-1(b) and 14e-2(c) thereunder.,Securities and Exchange Commission,Securities and Exchange Commission,,"General Rules and Regulations, Securities Exchange Act of 1934",permissive,permissive,generally-accepted-accounting,False,False,https://www.ecfr.gov/current/title-17/section-240.14d-103,2026-09-11,,false
17,Section,240,240.15c3-1g,,17 C.F.R. 240.15c3-1g,Conditions for ultimate holding companies of certain brokers or dealers (Appendix G to 17 CFR 240.15c3-1).,Securities and Exchange Commission,Securities and Exchange Commission,,"General Rules and Regulations, Securities Exchange Act of 1934",binding,binding,generally-accepted-accounting,False,False,https://www.ecfr.gov/current/title-17/section-240.15c3-1g,2026-09-11,,false
17,Section,240,240.15c3-1g,,17 C.F.R. 240.15c3-1g,Conditions for ultimate holding companies of certain brokers or dealers (Appendix G to 17 CFR 240.15c3-1).,Securities and Exchange Commission,Securities and Exchange Commission,,"General Rules and Regulations, Securities Exchange Act of 1934",binding,binding,generally-accepted-accounting,False,False,https://www.ecfr.gov/current/title-17/section-240.15c3-1g,2026-09-11,,false
17,Section,240,240.15c3-1g,,17 C.F.R. 240.15c3-1g,Conditions for ultimate holding companies of certain brokers or dealers (Appendix G to 17 CFR 240.15c3-1).,Securities and Exchange Commission,Securities and Exchange Commission,,"General Rules and Regulations, Securities Exchange Act of 1934",binding,binding,generally-accepted-accounting,False,False,https://www.ecfr.gov/current/title-17/section-240.15c3-1g,2026-09-11,,false
17,Section,240,240.15c3-1g,,17 C.F.R. 240.15c3-1g,Conditions for ultimate holding companies of certain brokers or dealers (Appendix G to 17 CFR 240.15c3-1).,Securities and Exchange Commission,Securities and Exchange Commission,,"General Rules and Regulations, Securities Exchange Act of 1934",binding,binding,generally-accepted-accounting,False,False,https://www.ecfr.gov/current/title-17/section-240.15c3-1g,2026-09-11,,false
17,Section,240,240.15d-10,,17 C.F.R. 240.15d-10,Transition reports.,Securities and Exchange Commission,Securities and Exchange Commission,,"General Rules and Regulations, Securities Exchange Act of 1934",binding,binding,generally-accepted-accounting,False,False,https://www.ecfr.gov/current/title-17/section-240.15d-10,2026-09-11,,false
17,Section,240,240.15d-15,,17 C.F.R. 240.15d-15,Controls and procedures.,Securities and Exchange Commission,Securities and Exchange Commission,,"General Rules and Regulations, Securities Exchange Act of 1934",binding,binding,generally-accepted-accounting,False,False,https://www.ecfr.gov/current/title-17/section-240.15d-15,2026-09-11,,false
17,Section,240,240.15d-15,,17 C.F.R. 240.15d-15,Controls and procedures.,Securities and Exchange Commission,Securities and Exchange Commission,,"General Rules and Regulations, Securities Exchange Act of 1934",binding,binding,generally-accepted-accounting,False,False,https://www.ecfr.gov/current/title-17/section-240.15d-15,2026-09-11,,false
17,Section,240,240.17a-5,,17 C.F.R. 240.17a-5,Reports to be made by certain brokers and dealers.,Securities and Exchange Commission,Securities and Exchange Commission,,"General Rules and Regulations, Securities Exchange Act of 1934",binding,binding,generally-accepted-accounting,False,False,https://www.ecfr.gov/current/title-17/section-240.17a-5,2026-09-11,2026-09-11,false
17,Section,240,240.17a-5,,17 C.F.R. 240.17a-5,Reports to be made by certain brokers and dealers.,Securities and Exchange Commission,Securities and Exchange Commission,,"General Rules and Regulations, Securities Exchange Act of 1934",binding,binding,generally-accepted-accounting,False,False,https://www.ecfr.gov/current/title-17/section-240.17a-5,2026-09-11,2026-09-11,false
17,Section,240,240.17ad-22,,17 C.F.R. 240.17ad-22,Standards for clearing agencies.,Securities and Exchange Commission,Securities and Exchange Commission,,"General Rules and Regulations, Securities Exchange Act of 1934",other,permissive,generally-accepted-accounting,False,False,https://www.ecfr.gov/current/title-17/section-240.17ad-22,2026-09-11,,false
17,Section,240,240.17ad-22,,17 C.F.R. 240.17ad-22,Standards for clearing agencies.,Securities and Exchange Commission,Securities and Exchange Commission,,"General Rules and Regulations, Securities Exchange Act of 1934",permissive,permissive,generally-accepted-accounting,False,False,https://www.ecfr.gov/current/title-17/section-240.17ad-22,2026-09-11,,false
17,Section,240,240.17g-3,,17 C.F.R. 240.17g-3,Annual financial and other reports to be filed or furnished by nationally recognized statistical rating organizations.,Securities and Exchange Commission,Securities and Exchange Commission,,"General Rules and Regulations, Securities Exchange Act of 1934",definition,binding,generally-accepted-accounting,False,False,https://www.ecfr.gov/current/title-17/section-240.17g-3,2026-09-11,,false
17,Section,240,240.17g-3,,17 C.F.R. 240.17g-3,Annual financial and other reports to be filed or furnished by nationally recognized statistical rating organizations.,Securities and Exchange Commission,Securities and Exchange Commission,,"General Rules and Regulations, Securities Exchange Act of 1934",binding,binding,generally-accepted-accounting,False,False,https://www.ecfr.gov/current/title-17/section-240.17g-3,2026-09-11,,false
17,Section,240,240.17h-1T,,17 C.F.R. 240.17h-1T,Risk assessment recordkeeping requirements for associated persons of brokers and dealers.,Securities and Exchange Commission,Securities and Exchange Commission,,"General Rules and Regulations, Securities Exchange Act of 1934",binding,binding,generally-accepted-accounting,False,False,https://www.ecfr.gov/current/title-17/section-240.17h-1T,2026-09-11,,false
17,Section,240,240.17h-1T,,17 C.F.R. 240.17h-1T,Risk assessment recordkeeping requirements for associated persons of brokers and dealers.,Securities and Exchange Commission,Securities and Exchange Commission,,"General Rules and Regulations, Securities Exchange Act of 1934",binding,binding,generally-accepted-accounting,False,False,https://www.ecfr.gov/current/title-17/section-240.17h-1T,2026-09-11,,false
17,Section,240,240.17h-1T,,17 C.F.R. 240.17h-1T,Risk assessment recordkeeping requirements for associated persons of brokers and dealers.,Securities and Exchange Commission,Securities and Exchange Commission,,"General Rules and Regulations, Securities Exchange Act of 1934",binding,binding,generally-accepted-accounting,False,False,https://www.ecfr.gov/current/title-17/section-240.17h-1T,2026-09-11,,false
17,Section,240,240.17h-1T,,17 C.F.R. 240.17h-1T,Risk assessment recordkeeping requirements for associated persons of brokers and dealers.,Securities and Exchange Commission,Securities and Exchange Commission,,"General Rules and Regulations, Securities Exchange Act of 1934",binding,binding,generally-accepted-accounting,False,False,https://www.ecfr.gov/current/title-17/section-240.17h-1T,2026-09-11,,false
17,Section,240,240.18a-2,,17 C.F.R. 240.18a-2,Capital requirements for major security-based swap participants for which there is not a prudential regulator.,Securities and Exchange Commission,Securities and Exchange Commission,,"General Rules and Regulations, Securities Exchange Act of 1934",binding,binding,generally-accepted-accounting,False,False,https://www.ecfr.gov/current/title-17/section-240.18a-2,2026-09-11,,false
17,Section,240,240.18a-7,,17 C.F.R. 240.18a-7,Reports to be made by certain security-based swap dealers and major security-based swap participants.,Securities and Exchange Commission,Securities and Exchange Commission,,"General Rules and Regulations, Securities Exchange Act of 1934",binding,binding,generally-accepted-accounting,False,False,https://www.ecfr.gov/current/title-17/section-240.18a-7,2026-09-11,,false
17,Section,240,240.18a-7,,17 C.F.R. 240.18a-7,Reports to be made by certain security-based swap dealers and major security-based swap participants.,Securities and Exchange Commission,Securities and Exchange Commission,,"General Rules and Regulations, Securities Exchange Act of 1934",binding,binding,generally-accepted-accounting,False,False,https://www.ecfr.gov/current/title-17/section-240.18a-7,2026-09-11,,false
17,Section,240,240.3a51-1,,17 C.F.R. 240.3a51-1,Definition of “penny stock”.,Securities and Exchange Commission,Securities and Exchange Commission,,"General Rules and Regulations, Securities Exchange Act of 1934",binding,binding,generally-accepted-accounting,False,False,https://www.ecfr.gov/current/title-17/section-240.3a51-1,2026-09-11,,false
17,Section,240,240.3a67-7,,17 C.F.R. 240.3a67-7,Definition of “highly leveraged.”,Securities and Exchange Commission,Securities and Exchange Commission,,"General Rules and Regulations, Securities Exchange Act of 1934",permissive,permissive,generally-accepted-accounting,False,False,https://www.ecfr.gov/current/title-17/section-240.3a67-7,2026-09-11,,false
17,Section,240,240.3b-6,,17 C.F.R. 240.3b-6,Liability for certain statements by issuers.,Securities and Exchange Commission,Securities and Exchange Commission,,"General Rules and Regulations, Securities Exchange Act of 1934",definition,definition,FASB;FASB ASC,False,False,https://www.ecfr.gov/current/title-17/section-240.3b-6,2026-09-11,,true
17,Section,242,242.816,,17 C.F.R. 242.816,Trade execution requirement and exemptions therefrom.,Securities and Exchange Commission,Securities and Exchange Commission,,"Regulations M, Sho, ATS, AC, NMS, SE, and SBSR, and Customer Margin Requirements for Security Futures",other,other,generally-accepted-accounting,False,False,https://www.ecfr.gov/current/title-17/section-242.816,2026-09-11,,false
17,Section,242,242.829,,17 C.F.R. 242.829,Core Principle 12—Financial resources.,Securities and Exchange Commission,Securities and Exchange Commission,,"Regulations M, Sho, ATS, AC, NMS, SE, and SBSR, and Customer Margin Requirements for Security Futures",binding,binding,generally-accepted-accounting,False,False,https://www.ecfr.gov/current/title-17/section-242.829,2026-09-11,,false
17,Section,242,242.829,,17 C.F.R. 242.829,Core Principle 12—Financial resources.,Securities and Exchange Commission,Securities and Exchange Commission,,"Regulations M, Sho, ATS, AC, NMS, SE, and SBSR, and Customer Margin Requirements for Security Futures",binding,binding,generally-accepted-accounting,False,False,https://www.ecfr.gov/current/title-17/section-242.829,2026-09-11,,false
17,Section,242,242.829,,17 C.F.R. 242.829,Core Principle 12—Financial resources.,Securities and Exchange Commission,Securities and Exchange Commission,,"Regulations M, Sho, ATS, AC, NMS, SE, and SBSR, and Customer Margin Requirements for Security Futures",permissive,binding,generally-accepted-accounting,False,False,https://www.ecfr.gov/current/title-17/section-242.829,2026-09-11,,false
17,Section,244,244.100,,17 C.F.R. 244.100,General rules regarding disclosure of non-GAAP financial measures.,Securities and Exchange Commission,Securities and Exchange Commission,,Regulation G,other,binding,GAAP;generally-accepted-accounting,False,False,https://www.ecfr.gov/current/title-17/section-244.100,2026-09-11,,false
17,Section,244,244.100,,17 C.F.R. 244.100,General rules regarding disclosure of non-GAAP financial measures.,Securities and Exchange Commission,Securities and Exchange Commission,,Regulation G,binding,binding,GAAP;generally-accepted-accounting,False,False,https://www.ecfr.gov/current/title-17/section-244.100,2026-09-11,,false
17,Section,244,244.100,,17 C.F.R. 244.100,General rules regarding disclosure of non-GAAP financial measures.,Securities and Exchange Commission,Securities and Exchange Commission,,Regulation G,binding,binding,GAAP;generally-accepted-accounting,False,False,https://www.ecfr.gov/current/title-17/section-244.100,2026-09-11,,false
17,Section,244,244.100,,17 C.F.R. 244.100,General rules regarding disclosure of non-GAAP financial measures.,Securities and Exchange Commission,Securities and Exchange Commission,,Regulation G,binding,binding,GAAP;generally-accepted-accounting,False,False,https://www.ecfr.gov/current/title-17/section-244.100,2026-09-11,,false
17,Section,244,244.100,,17 C.F.R. 244.100,General rules regarding disclosure of non-GAAP financial measures.,Securities and Exchange Commission,Securities and Exchange Commission,,Regulation G,binding,binding,GAAP;generally-accepted-accounting,False,False,https://www.ecfr.gov/current/title-17/section-244.100,2026-09-11,,false
17,Section,244,244.100,,17 C.F.R. 244.100,General rules regarding disclosure of non-GAAP financial measures.,Securities and Exchange Commission,Securities and Exchange Commission,,Regulation G,binding,binding,GAAP;generally-accepted-accounting,False,False,https://www.ecfr.gov/current/title-17/section-244.100,2026-09-11,,false
17,Section,244,244.100,,17 C.F.R. 244.100,General rules regarding disclosure of non-GAAP financial measures.,Securities and Exchange Commission,Securities and Exchange Commission,,Regulation G,binding,binding,GAAP;generally-accepted-accounting,False,False,https://www.ecfr.gov/current/title-17/section-244.100,2026-09-11,,false
17,Section,244,244.100,,17 C.F.R. 244.100,General rules regarding disclosure of non-GAAP financial measures.,Securities and Exchange Commission,Securities and Exchange Commission,,Regulation G,definition,binding,GAAP;generally-accepted-accounting,False,False,https://www.ecfr.gov/current/title-17/section-244.100,2026-09-11,,false
17,Section,244,244.100,,17 C.F.R. 244.100,General rules regarding disclosure of non-GAAP financial measures.,Securities and Exchange Commission,Securities and Exchange Commission,,Regulation G,other,binding,GAAP;generally-accepted-accounting,False,False,https://www.ecfr.gov/current/title-17/section-244.100,2026-09-11,,false
17,Section,244,244.101,,17 C.F.R. 244.101,Definitions.,Securities and Exchange Commission,Securities and Exchange Commission,,Regulation G,other,binding,GAAP;generally-accepted-accounting,False,False,https://www.ecfr.gov/current/title-17/section-244.101,2026-09-11,,false
17,Section,244,244.101,,17 C.F.R. 244.101,Definitions.,Securities and Exchange Commission,Securities and Exchange Commission,,Regulation G,other,binding,GAAP;generally-accepted-accounting,False,False,https://www.ecfr.gov/current/title-17/section-244.101,2026-09-11,,false
17,Section,244,244.101,,17 C.F.R. 244.101,Definitions.,Securities and Exchange Commission,Securities and Exchange Commission,,Regulation G,binding,binding,GAAP;generally-accepted-accounting,False,False,https://www.ecfr.gov/current/title-17/section-244.101,2026-09-11,,false
17,Section,244,244.101,,17 C.F.R. 244.101,Definitions.,Securities and Exchange Commission,Securities and Exchange Commission,,Regulation G,other,binding,GAAP;generally-accepted-accounting,False,False,https://www.ecfr.gov/current/title-17/section-244.101,2026-09-11,,false
17,Section,244,244.101,,17 C.F.R. 244.101,Definitions.,Securities and Exchange Commission,Securities and Exchange Commission,,Regulation G,binding,binding,GAAP;generally-accepted-accounting,False,False,https://www.ecfr.gov/current/title-17/section-244.101,2026-09-11,,false
17,Section,244,244.101,,17 C.F.R. 244.101,Definitions.,Securities and Exchange Commission,Securities and Exchange Commission,,Regulation G,binding,binding,GAAP;generally-accepted-accounting,False,False,https://www.ecfr.gov/current/title-17/section-244.101,2026-09-11,,false
17,Section,244,244.101,,17 C.F.R. 244.101,Definitions.,Securities and Exchange Commission,Securities and Exchange Commission,,Regulation G,other,binding,GAAP;generally-accepted-accounting,False,False,https://www.ecfr.gov/current/title-17/section-244.101,2026-09-11,,false
17,Section,244,244.101,,17 C.F.R. 244.101,Definitions.,Securities and Exchange Commission,Securities and Exchange Commission,,Regulation G,definition,binding,GAAP;generally-accepted-accounting,False,False,https://www.ecfr.gov/current/title-17/section-244.101,2026-09-11,,false
17,Section,244,244.101,,17 C.F.R. 244.101,Definitions.,Securities and Exchange Commission,Securities and Exchange Commission,,Regulation G,binding,binding,GAAP;generally-accepted-accounting,False,False,https://www.ecfr.gov/current/title-17/section-244.101,2026-09-11,,false
17,Section,246,246.14,,17 C.F.R. 246.14,"Definitions applicable to qualifying commercial loans, qualifying commercial real estate loans, and qualifying automobile loans.",Securities and Exchange Commission,Securities and Exchange Commission,,Credit Risk Retention,binding,binding,GAAP,False,False,https://www.ecfr.gov/current/title-17/section-246.14,2026-09-11,,false
17,Section,246,246.14,,17 C.F.R. 246.14,"Definitions applicable to qualifying commercial loans, qualifying commercial real estate loans, and qualifying automobile loans.",Securities and Exchange Commission,Securities and Exchange Commission,,Credit Risk Retention,binding,binding,GAAP,False,False,https://www.ecfr.gov/current/title-17/section-246.14,2026-09-11,,false
17,Section,246,246.2,,17 C.F.R. 246.2,Definitions.,Securities and Exchange Commission,Securities and Exchange Commission,,Credit Risk Retention,definition,definition,GAAP;generally-accepted-accounting,False,False,https://www.ecfr.gov/current/title-17/section-246.2,2026-09-11,,false
17,Section,246,246.2,,17 C.F.R. 246.2,Definitions.,Securities and Exchange Commission,Securities and Exchange Commission,,Credit Risk Retention,definition,definition,GAAP;generally-accepted-accounting,False,False,https://www.ecfr.gov/current/title-17/section-246.2,2026-09-11,,false
17,Section,246,246.4,,17 C.F.R. 246.4,Standard risk retention.,Securities and Exchange Commission,Securities and Exchange Commission,,Credit Risk Retention,binding,binding,GAAP,False,False,https://www.ecfr.gov/current/title-17/section-246.4,2026-09-11,,false
17,Section,246,246.5,,17 C.F.R. 246.5,Revolving pool securitizations.,Securities and Exchange Commission,Securities and Exchange Commission,,Credit Risk Retention,other,other,GAAP,False,False,https://www.ecfr.gov/current/title-17/section-246.5,2026-09-11,,false
17,Section,246,246.5,,17 C.F.R. 246.5,Revolving pool securitizations.,Securities and Exchange Commission,Securities and Exchange Commission,,Credit Risk Retention,other,other,GAAP,False,False,https://www.ecfr.gov/current/title-17/section-246.5,2026-09-11,,false
17,Section,246,246.6,,17 C.F.R. 246.6,Eligible ABCP conduits.,Securities and Exchange Commission,Securities and Exchange Commission,,Credit Risk Retention,other,definition,GAAP,False,False,https://www.ecfr.gov/current/title-17/section-246.6,2026-09-11,,false
17,Section,246,246.6,,17 C.F.R. 246.6,Eligible ABCP conduits.,Securities and Exchange Commission,Securities and Exchange Commission,,Credit Risk Retention,other,definition,GAAP,False,False,https://www.ecfr.gov/current/title-17/section-246.6,2026-09-11,,false
17,Section,246,246.6,,17 C.F.R. 246.6,Eligible ABCP conduits.,Securities and Exchange Commission,Securities and Exchange Commission,,Credit Risk Retention,definition,definition,GAAP,False,False,https://www.ecfr.gov/current/title-17/section-246.6,2026-09-11,,false
17,Section,255,255.10,,17 C.F.R. 255.10,Prohibition on acquiring or retaining an ownership interest in and having certain relationships with a covered fund.,Securities and Exchange Commission,Securities and Exchange Commission,,Proprietary Trading and Certain Interests in and Relationships with Covered Funds,definition,definition,generally-accepted-accounting,False,False,https://www.ecfr.gov/current/title-17/section-255.10,2026-09-11,,false
17,Section,270,270.0-4,,17 C.F.R. 270.0-4,Incorporation by reference.,Securities and Exchange Commission,Securities and Exchange Commission,,"Rules and Regulations, Investment Company Act of 1940",other,other,generally-accepted-accounting,False,False,https://www.ecfr.gov/current/title-17/section-270.0-4,2026-09-11,,false
17,Section,270,270.26a-1,,17 C.F.R. 270.26a-1,Payment of administrative fees to the depositor or principal underwriter of a unit investment trust; exemptive relief for separate accounts.,Securities and Exchange Commission,Securities and Exchange Commission,,"Rules and Regulations, Investment Company Act of 1940",permissive,permissive,generally-accepted-accounting,False,False,https://www.ecfr.gov/current/title-17/section-270.26a-1,2026-09-11,,false
17,Section,270,270.2a51-1,,17 C.F.R. 270.2a51-1,Definition of investments for purposes of section 2(a)(51) (definition of “qualified purchaser”); certain calculations.,Securities and Exchange Commission,Securities and Exchange Commission,,"Rules and Regulations, Investment Company Act of 1940",binding,binding,generally-accepted-accounting,False,False,https://www.ecfr.gov/current/title-17/section-270.2a51-1,2026-09-11,,false
17,Section,270,270.30a-3,,17 C.F.R. 270.30a-3,Controls and procedures.,Securities and Exchange Commission,Securities and Exchange Commission,,"Rules and Regulations, Investment Company Act of 1940",binding,binding,generally-accepted-accounting,False,False,https://www.ecfr.gov/current/title-17/section-270.30a-3,2026-09-11,,false
17,Section,270,270.30a-3,,17 C.F.R. 270.30a-3,Controls and procedures.,Securities and Exchange Commission,Securities and Exchange Commission,,"Rules and Regulations, Investment Company Act of 1940",binding,binding,generally-accepted-accounting,False,False,https://www.ecfr.gov/current/title-17/section-270.30a-3,2026-09-11,,false
17,Section,270,270.3a-8,,17 C.F.R. 270.3a-8,Certain research and development companies.,Securities and Exchange Commission,Securities and Exchange Commission,,"Rules and Regulations, Investment Company Act of 1940",permissive,permissive,FASB;FASB ASC,False,False,https://www.ecfr.gov/current/title-17/section-270.3a-8,2026-09-11,,true
17,Section,270,270.8b-2,,17 C.F.R. 270.8b-2,Definitions.,Securities and Exchange Commission,Securities and Exchange Commission,,"Rules and Regulations, Investment Company Act of 1940",other,other,generally-accepted-accounting,False,False,https://www.ecfr.gov/current/title-17/section-270.8b-2,2026-09-11,,false
17,Section,275,275.206(4)-2,,17 C.F.R. 275.206(4)-2,Custody of funds or securities of clients by investment advisers.,Securities and Exchange Commission,Securities and Exchange Commission,,"Rules and Regulations, Investment Advisers Act of 1940",binding,binding,generally-accepted-accounting,False,False,https://www.ecfr.gov/current/title-17/section-275.206(4)-2,2026-09-11,,false
17,Section,275,275.206(4)-2,,17 C.F.R. 275.206(4)-2,Custody of funds or securities of clients by investment advisers.,Securities and Exchange Commission,Securities and Exchange Commission,,"Rules and Regulations, Investment Advisers Act of 1940",binding,binding,generally-accepted-accounting,False,False,https://www.ecfr.gov/current/title-17/section-275.206(4)-2,2026-09-11,,false
17,Section,31,31.13,,17 C.F.R. 31.13,Financial reports of leverage transaction merchants.,Commodity Futures Trading Commission,Commodity Futures Trading Commission,,Leverage Transactions,permissive,permissive,generally-accepted-accounting,False,False,https://www.ecfr.gov/current/title-17/section-31.13,2026-09-11,,false
17,Section,31,31.9,,17 C.F.R. 31.9,Minimum financial requirements.,Commodity Futures Trading Commission,Commodity Futures Trading Commission,,Leverage Transactions,binding,binding,generally-accepted-accounting,False,False,https://www.ecfr.gov/current/title-17/section-31.9,2026-09-11,,false
17,Section,37,37.1302,,17 C.F.R. 37.1302,Types of financial resources.,Commodity Futures Trading Commission,Commodity Futures Trading Commission,,Swap Execution Facilities,binding,binding,generally-accepted-accounting,False,False,https://www.ecfr.gov/current/title-17/section-37.1302,2026-09-11,,false
17,Section,37,37.1306,,17 C.F.R. 37.1306,Reporting to the Commission.,Commodity Futures Trading Commission,Commodity Futures Trading Commission,,Swap Execution Facilities,binding,binding,generally-accepted-accounting,False,False,https://www.ecfr.gov/current/title-17/section-37.1306,2026-09-11,,false
17,Section,37,37.1306,,17 C.F.R. 37.1306,Reporting to the Commission.,Commodity Futures Trading Commission,Commodity Futures Trading Commission,,Swap Execution Facilities,permissive,binding,generally-accepted-accounting,False,False,https://www.ecfr.gov/current/title-17/section-37.1306,2026-09-11,,false
17,Section,38,38.1101,,17 C.F.R. 38.1101,General requirements.,Commodity Futures Trading Commission,Commodity Futures Trading Commission,,Designated Contract Markets,binding,binding,generally-accepted-accounting,False,False,https://www.ecfr.gov/current/title-17/section-38.1101,2026-09-11,,false
17,Section,39,39.11,,17 C.F.R. 39.11,Financial resources.,Commodity Futures Trading Commission,Commodity Futures Trading Commission,,Derivatives Clearing Organizations,permissive,binding,generally-accepted-accounting,False,False,https://www.ecfr.gov/current/title-17/section-39.11,2026-09-11,,false
17,Section,39,39.11,,17 C.F.R. 39.11,Financial resources.,Commodity Futures Trading Commission,Commodity Futures Trading Commission,,Derivatives Clearing Organizations,binding,binding,generally-accepted-accounting,False,False,https://www.ecfr.gov/current/title-17/section-39.11,2026-09-11,,false
17,Section,4,4.10,,17 C.F.R. 4.10,Definitions.,Commodity Futures Trading Commission,Commodity Futures Trading Commission,,Commodity Pool Operators and Commodity Trading Advisors,definition,definition,generally-accepted-accounting,False,False,https://www.ecfr.gov/current/title-17/section-4.10,2026-09-11,,false
17,Section,4,4.12,,17 C.F.R. 4.12,Exemption from provisions of this part.,Commodity Futures Trading Commission,Commodity Futures Trading Commission,,Commodity Pool Operators and Commodity Trading Advisors,binding,binding,generally-accepted-accounting,False,False,https://www.ecfr.gov/current/title-17/section-4.12,2026-09-11,,false
17,Section,4,4.13,,17 C.F.R. 4.13,Exemption from registration as a commodity pool operator.,Commodity Futures Trading Commission,Commodity Futures Trading Commission,,Commodity Pool Operators and Commodity Trading Advisors,binding,binding,generally-accepted-accounting,False,False,https://www.ecfr.gov/current/title-17/section-4.13,2026-09-11,,false
17,Section,4,4.22,,17 C.F.R. 4.22,Reporting to pool participants.,Commodity Futures Trading Commission,Commodity Futures Trading Commission,,Commodity Pool Operators and Commodity Trading Advisors,binding,binding,generally-accepted-accounting,False,False,https://www.ecfr.gov/current/title-17/section-4.22,2026-09-11,,false
17,Section,4,4.22,,17 C.F.R. 4.22,Reporting to pool participants.,Commodity Futures Trading Commission,Commodity Futures Trading Commission,,Commodity Pool Operators and Commodity Trading Advisors,binding,binding,generally-accepted-accounting,False,False,https://www.ecfr.gov/current/title-17/section-4.22,2026-09-11,,false
17,Section,4,4.22,,17 C.F.R. 4.22,Reporting to pool participants.,Commodity Futures Trading Commission,Commodity Futures Trading Commission,,Commodity Pool Operators and Commodity Trading Advisors,permissive,binding,generally-accepted-accounting,False,False,https://www.ecfr.gov/current/title-17/section-4.22,2026-09-11,,false
17,Section,4,4.22,,17 C.F.R. 4.22,Reporting to pool participants.,Commodity Futures Trading Commission,Commodity Futures Trading Commission,,Commodity Pool Operators and Commodity Trading Advisors,binding,binding,generally-accepted-accounting,False,False,https://www.ecfr.gov/current/title-17/section-4.22,2026-09-11,,false
17,Section,4,4.22,,17 C.F.R. 4.22,Reporting to pool participants.,Commodity Futures Trading Commission,Commodity Futures Trading Commission,,Commodity Pool Operators and Commodity Trading Advisors,other,binding,generally-accepted-accounting,False,False,https://www.ecfr.gov/current/title-17/section-4.22,2026-09-11,,false
17,Section,4,4.24,,17 C.F.R. 4.24,General disclosures required.,Commodity Futures Trading Commission,Commodity Futures Trading Commission,,Commodity Pool Operators and Commodity Trading Advisors,binding,binding,generally-accepted-accounting,False,False,https://www.ecfr.gov/current/title-17/section-4.24,2026-09-11,,false
17,Section,4,4.25,,17 C.F.R. 4.25,Performance disclosures.,Commodity Futures Trading Commission,Commodity Futures Trading Commission,,Commodity Pool Operators and Commodity Trading Advisors,binding,binding,generally-accepted-accounting,False,False,https://www.ecfr.gov/current/title-17/section-4.25,2026-09-11,,false
17,Section,4,4.27,,17 C.F.R. 4.27,Additional reporting by commodity pool operators and commodity trading advisors.,Commodity Futures Trading Commission,Commodity Futures Trading Commission,,Commodity Pool Operators and Commodity Trading Advisors,binding,binding,generally-accepted-accounting,False,False,https://www.ecfr.gov/current/title-17/section-4.27,2026-09-11,,false
17,Section,4,4.27,,17 C.F.R. 4.27,Additional reporting by commodity pool operators and commodity trading advisors.,Commodity Futures Trading Commission,Commodity Futures Trading Commission,,Commodity Pool Operators and Commodity Trading Advisors,binding,binding,generally-accepted-accounting,False,False,https://www.ecfr.gov/current/title-17/section-4.27,2026-09-11,,false
17,Section,4,4.34,,17 C.F.R. 4.34,General disclosures required.,Commodity Futures Trading Commission,Commodity Futures Trading Commission,,Commodity Pool Operators and Commodity Trading Advisors,binding,binding,generally-accepted-accounting,False,False,https://www.ecfr.gov/current/title-17/section-4.34,2026-09-11,,false
17,Section,4,4.35,,17 C.F.R. 4.35,Performance disclosures.,Commodity Futures Trading Commission,Commodity Futures Trading Commission,,Commodity Pool Operators and Commodity Trading Advisors,binding,binding,generally-accepted-accounting,False,False,https://www.ecfr.gov/current/title-17/section-4.35,2026-09-11,,false
17,Section,4,4.7,,17 C.F.R. 4.7,Exemption from certain part 4 requirements for commodity pool operators with respect to offerings to qualified eligible persons and for commodity trading advisors with respect to advising qualified eligible persons.,Commodity Futures Trading Commission,Commodity Futures Trading Commission,,Commodity Pool Operators and Commodity Trading Advisors,binding,binding,generally-accepted-accounting,False,False,https://www.ecfr.gov/current/title-17/section-4.7,2026-09-11,,false
17,Section,4,4.7,,17 C.F.R. 4.7,Exemption from certain part 4 requirements for commodity pool operators with respect to offerings to qualified eligible persons and for commodity trading advisors with respect to advising qualified eligible persons.,Commodity Futures Trading Commission,Commodity Futures Trading Commission,,Commodity Pool Operators and Commodity Trading Advisors,permissive,binding,generally-accepted-accounting,False,False,https://www.ecfr.gov/current/title-17/section-4.7,2026-09-11,,false
17,Section,404,404.2,,17 C.F.R. 404.2,Records to be made and kept current by registered government securities brokers and dealers; records of non-resident registered government securities brokers and dealers.,Department of the Treasury,Department of the Treasury,Regulations Under Section 15C of the Securities Exchange Act of 1934,Recordkeeping and Preservation of Records,binding,binding,generally-accepted-accounting,False,False,https://www.ecfr.gov/current/title-17/section-404.2,2026-09-11,,false
17,Section,404,404.2,,17 C.F.R. 404.2,Records to be made and kept current by registered government securities brokers and dealers; records of non-resident registered government securities brokers and dealers.,Department of the Treasury,Department of the Treasury,Regulations Under Section 15C of the Securities Exchange Act of 1934,Recordkeeping and Preservation of Records,binding,binding,generally-accepted-accounting,False,False,https://www.ecfr.gov/current/title-17/section-404.2,2026-09-11,,false
17,Section,405,405.1,,17 C.F.R. 405.1,Application of part to registered brokers and dealers and to financial institutions; transition rule.,Department of the Treasury,Department of the Treasury,Regulations Under Section 15C of the Securities Exchange Act of 1934,Reports and Audit,binding,binding,generally-accepted-accounting,False,False,https://www.ecfr.gov/current/title-17/section-405.1,2026-09-11,,false
17,Section,49,49.25,,17 C.F.R. 49.25,Financial resources.,Commodity Futures Trading Commission,Commodity Futures Trading Commission,,Swap Data Repositories,binding,binding,GAAP;generally-accepted-accounting,False,False,https://www.ecfr.gov/current/title-17/section-49.25,2026-09-11,,false
17,Section,5,5.10,,17 C.F.R. 5.10,Risk assessment recordkeeping requirements for retail foreign exchange dealers.,Commodity Futures Trading Commission,Commodity Futures Trading Commission,,Off-Exchange Foreign Currency Transactions,binding,binding,generally-accepted-accounting,False,False,https://www.ecfr.gov/current/title-17/section-5.10,2026-09-11,,false
17,Section,5,5.10,,17 C.F.R. 5.10,Risk assessment recordkeeping requirements for retail foreign exchange dealers.,Commodity Futures Trading Commission,Commodity Futures Trading Commission,,Off-Exchange Foreign Currency Transactions,binding,binding,generally-accepted-accounting,False,False,https://www.ecfr.gov/current/title-17/section-5.10,2026-09-11,,false
17,Section,5,5.11,,17 C.F.R. 5.11,Risk assessment reporting requirements for retail foreign exchange dealers.,Commodity Futures Trading Commission,Commodity Futures Trading Commission,,Off-Exchange Foreign Currency Transactions,binding,binding,generally-accepted-accounting,False,False,https://www.ecfr.gov/current/title-17/section-5.11,2026-09-11,,false
17,Section,5,5.11,,17 C.F.R. 5.11,Risk assessment reporting requirements for retail foreign exchange dealers.,Commodity Futures Trading Commission,Commodity Futures Trading Commission,,Off-Exchange Foreign Currency Transactions,binding,binding,generally-accepted-accounting,False,False,https://www.ecfr.gov/current/title-17/section-5.11,2026-09-11,,false
17,Section,5,5.12,,17 C.F.R. 5.12,Financial reports of retail foreign exchange dealers.,Commodity Futures Trading Commission,Commodity Futures Trading Commission,,Off-Exchange Foreign Currency Transactions,permissive,permissive,generally-accepted-accounting,False,False,https://www.ecfr.gov/current/title-17/section-5.12,2026-09-11,,false
17,Section,5,5.14,,17 C.F.R. 5.14,Records to be kept by retail foreign exchange dealers and futures commission merchants.,Commodity Futures Trading Commission,Commodity Futures Trading Commission,,Off-Exchange Foreign Currency Transactions,binding,binding,generally-accepted-accounting,False,False,https://www.ecfr.gov/current/title-17/section-5.14,2026-09-11,,false
17,Section,5,5.1,,17 C.F.R. 5.1,Definitions.,Commodity Futures Trading Commission,Commodity Futures Trading Commission,,Off-Exchange Foreign Currency Transactions,binding,binding,generally-accepted-accounting,False,False,https://www.ecfr.gov/current/title-17/section-5.1,2026-09-11,,false
17,Section,5,5.1,,17 C.F.R. 5.1,Definitions.,Commodity Futures Trading Commission,Commodity Futures Trading Commission,,Off-Exchange Foreign Currency Transactions,binding,binding,generally-accepted-accounting,False,False,https://www.ecfr.gov/current/title-17/section-5.1,2026-09-11,,false
17,Section,50,50.50,,17 C.F.R. 50.50,Non-financial end-user exception to the clearing requirement.,Commodity Futures Trading Commission,Commodity Futures Trading Commission,,Clearing Requirement and Related Rules,other,other,Accounting Standards Codification;Financial Accounting Standards Board,False,False,https://www.ecfr.gov/current/title-17/section-50.50,2026-09-11,,true
17,Section,50,50.52,,17 C.F.R. 50.52,Affiliated entities exempt from the clearing requirement.,Commodity Futures Trading Commission,Commodity Futures Trading Commission,,Clearing Requirement and Related Rules,other,other,generally-accepted-accounting,False,False,https://www.ecfr.gov/current/title-17/section-50.52,2026-09-11,,false
17,Section,75,75.10,,17 C.F.R. 75.10,Prohibition on acquiring or retaining an ownership interest in and having certain relationships with a covered fund.,Commodity Futures Trading Commission,Commodity Futures Trading Commission,,Proprietary Trading and Certain Interests in and Relationships with Covered Funds,definition,definition,generally-accepted-accounting,False,False,https://www.ecfr.gov/current/title-17/section-75.10,2026-09-11,,false
18,Section,301,301.6,,18 C.F.R. 301.6,Appendix 1 instructions.,"Federal Energy Regulatory Commission, Department of Energy","Federal Energy Regulatory Commission, Department of Energy",Regulations for Federal Power Marketing Administrations,Average System Cost Methodology for Sales from Utilities to Bonneville Power Administration Under Northwest Power Act,binding,binding,generally-accepted-accounting,False,False,https://www.ecfr.gov/current/title-18/section-301.6,2026-09-11,,false
18,Section,351,351.1,,18 C.F.R. 351.1,Financial statements released by carriers.,"Federal Energy Regulatory Commission, Department of Energy","Federal Energy Regulatory Commission, Department of Energy",Accounts Under the Interstate Commerce Act,Financial Statements Released by Carriers,permissive,permissive,generally-accepted-accounting,False,False,https://www.ecfr.gov/current/title-18/section-351.1,2026-09-11,,false
18,Section,367,367.51,,18 C.F.R. 367.51,Components of construction.,"Federal Energy Regulatory Commission, Department of Energy","Federal Energy Regulatory Commission, Department of Energy","Regulations Under the Public Utility Holding Company Act of 2005, Federal Power Act and Natural Gas Act","Uniform System of Accounts for Centralized Service Companies Subject to the Provisions of the Public Utility Holding Company Act of 2005, Federal Power Act and Natural Gas Act",other,other,generally-accepted-accounting,False,False,https://www.ecfr.gov/current/title-18/section-367.51,2026-09-11,,false
18,Section,367,367.8,,18 C.F.R. 367.8,Extraordinary items.,"Federal Energy Regulatory Commission, Department of Energy","Federal Energy Regulatory Commission, Department of Energy","Regulations Under the Public Utility Holding Company Act of 2005, Federal Power Act and Natural Gas Act","Uniform System of Accounts for Centralized Service Companies Subject to the Provisions of the Public Utility Holding Company Act of 2005, Federal Power Act and Natural Gas Act",other,other,generally-accepted-accounting,False,False,https://www.ecfr.gov/current/title-18/section-367.8,2026-09-11,,false
19,Appendix,181,,Appendix to Part 181,"19 C.F.R. pt. 181, Appendix to Part 181",,"U.S. Customs and Border Protection, Department of Homeland Security; Department of the Treasury","U.S. Customs and Border Protection, Department of Homeland Security; Department of the Treasury",,North American Free Trade Agreement,other,binding,FASB;Financial Accounting Standards Board;generally-accepted-accounting,True,False,https://www.ecfr.gov/current/title-19/part-181,2026-09-11,,true
19,Appendix,181,,Appendix to Part 181,"19 C.F.R. pt. 181, Appendix to Part 181",,"U.S. Customs and Border Protection, Department of Homeland Security; Department of the Treasury","U.S. Customs and Border Protection, Department of Homeland Security; Department of the Treasury",,North American Free Trade Agreement,binding,binding,FASB;Financial Accounting Standards Board;generally-accepted-accounting,True,False,https://www.ecfr.gov/current/title-19/part-181,2026-09-11,,true
19,Appendix,182,,Appendix A to Part 182,"19 C.F.R. pt. 182, Appendix A to Part 182",,"U.S. Customs and Border Protection, Department of Homeland Security; Department of the Treasury","U.S. Customs and Border Protection, Department of Homeland Security; Department of the Treasury",,United States-Mexico-Canada Agreement,other,other,Accounting Standards Codification;FASB;Financial Accounting Standards Board;GAAP;generally-accepted-accounting,True,False,https://www.ecfr.gov/current/title-19/part-182,2026-09-11,,true
19,Appendix,182,,Appendix A to Part 182,"19 C.F.R. pt. 182, Appendix A to Part 182",,"U.S. Customs and Border Protection, Department of Homeland Security; Department of the Treasury","U.S. Customs and Border Protection, Department of Homeland Security; Department of the Treasury",,United States-Mexico-Canada Agreement,other,other,Accounting Standards Codification;FASB;Financial Accounting Standards Board;GAAP;generally-accepted-accounting,True,False,https://www.ecfr.gov/current/title-19/part-182,2026-09-11,,false
19,Appendix,182,,Appendix A to Part 182,"19 C.F.R. pt. 182, Appendix A to Part 182",,"U.S. Customs and Border Protection, Department of Homeland Security; Department of the Treasury","U.S. Customs and Border Protection, Department of Homeland Security; Department of the Treasury",,United States-Mexico-Canada Agreement,other,other,Accounting Standards Codification;FASB;Financial Accounting Standards Board;GAAP;generally-accepted-accounting,True,False,https://www.ecfr.gov/current/title-19/part-182,2026-09-11,,true
19,Section,10,10.1013,,19 C.F.R. 10.1013,Definitions.,"U.S. Customs and Border Protection, Department of Homeland Security; Department of the Treasury","U.S. Customs and Border Protection, Department of Homeland Security; Department of the Treasury",,"Articles Conditionally Free, Subject to a Reduced Rate, Etc.",definition,definition,accounting;generally-accepted-accounting,False,False,https://www.ecfr.gov/current/title-19/section-10.1013,2026-09-11,,false
19,Section,10,10.1013,,19 C.F.R. 10.1013,Definitions.,"U.S. Customs and Border Protection, Department of Homeland Security; Department of the Treasury","U.S. Customs and Border Protection, Department of Homeland Security; Department of the Treasury",,"Articles Conditionally Free, Subject to a Reduced Rate, Etc.",definition,definition,accounting;generally-accepted-accounting,False,False,https://www.ecfr.gov/current/title-19/section-10.1013,2026-09-11,,false
19,Section,10,10.1015,,19 C.F.R. 10.1015,Regional value content.,"U.S. Customs and Border Protection, Department of Homeland Security; Department of the Treasury","U.S. Customs and Border Protection, Department of Homeland Security; Department of the Treasury",,"Articles Conditionally Free, Subject to a Reduced Rate, Etc.",binding,binding,generally-accepted-accounting,False,False,https://www.ecfr.gov/current/title-19/section-10.1015,2026-09-11,,false
19,Section,10,10.1016,,19 C.F.R. 10.1016,Value of materials.,"U.S. Customs and Border Protection, Department of Homeland Security; Department of the Treasury","U.S. Customs and Border Protection, Department of Homeland Security; Department of the Treasury",,"Articles Conditionally Free, Subject to a Reduced Rate, Etc.",binding,binding,generally-accepted-accounting,False,False,https://www.ecfr.gov/current/title-19/section-10.1016,2026-09-11,,false
19,Section,10,10.1019,,19 C.F.R. 10.1019,Fungible goods and materials.,"U.S. Customs and Border Protection, Department of Homeland Security; Department of the Treasury","U.S. Customs and Border Protection, Department of Homeland Security; Department of the Treasury",,"Articles Conditionally Free, Subject to a Reduced Rate, Etc.",other,other,generally-accepted-accounting,False,False,https://www.ecfr.gov/current/title-19/section-10.1019,2026-09-11,,false
19,Section,10,10.1026,,19 C.F.R. 10.1026,Verification and justification of claim for preferential tariff treatment.,"U.S. Customs and Border Protection, Department of Homeland Security; Department of the Treasury","U.S. Customs and Border Protection, Department of Homeland Security; Department of the Treasury",,"Articles Conditionally Free, Subject to a Reduced Rate, Etc.",permissive,permissive,generally-accepted-accounting,False,False,https://www.ecfr.gov/current/title-19/section-10.1026,2026-09-11,,false
19,Section,10,10.2013,,19 C.F.R. 10.2013,Definitions.,"U.S. Customs and Border Protection, Department of Homeland Security; Department of the Treasury","U.S. Customs and Border Protection, Department of Homeland Security; Department of the Treasury",,"Articles Conditionally Free, Subject to a Reduced Rate, Etc.",definition,definition,accounting;generally-accepted-accounting,False,False,https://www.ecfr.gov/current/title-19/section-10.2013,2026-09-11,,false
19,Section,10,10.2013,,19 C.F.R. 10.2013,Definitions.,"U.S. Customs and Border Protection, Department of Homeland Security; Department of the Treasury","U.S. Customs and Border Protection, Department of Homeland Security; Department of the Treasury",,"Articles Conditionally Free, Subject to a Reduced Rate, Etc.",definition,definition,accounting;generally-accepted-accounting,False,False,https://www.ecfr.gov/current/title-19/section-10.2013,2026-09-11,,false
19,Section,10,10.2015,,19 C.F.R. 10.2015,Regional value content.,"U.S. Customs and Border Protection, Department of Homeland Security; Department of the Treasury","U.S. Customs and Border Protection, Department of Homeland Security; Department of the Treasury",,"Articles Conditionally Free, Subject to a Reduced Rate, Etc.",binding,binding,generally-accepted-accounting,False,False,https://www.ecfr.gov/current/title-19/section-10.2015,2026-09-11,,false
19,Section,10,10.2016,,19 C.F.R. 10.2016,Value of materials.,"U.S. Customs and Border Protection, Department of Homeland Security; Department of the Treasury","U.S. Customs and Border Protection, Department of Homeland Security; Department of the Treasury",,"Articles Conditionally Free, Subject to a Reduced Rate, Etc.",binding,binding,generally-accepted-accounting,False,False,https://www.ecfr.gov/current/title-19/section-10.2016,2026-09-11,,false
19,Section,10,10.2019,,19 C.F.R. 10.2019,Fungible goods and materials.,"U.S. Customs and Border Protection, Department of Homeland Security; Department of the Treasury","U.S. Customs and Border Protection, Department of Homeland Security; Department of the Treasury",,"Articles Conditionally Free, Subject to a Reduced Rate, Etc.",other,other,generally-accepted-accounting,False,False,https://www.ecfr.gov/current/title-19/section-10.2019,2026-09-11,,false
19,Section,10,10.2026,,19 C.F.R. 10.2026,Verification and justification of claim for preferential tariff treatment.,"U.S. Customs and Border Protection, Department of Homeland Security; Department of the Treasury","U.S. Customs and Border Protection, Department of Homeland Security; Department of the Treasury",,"Articles Conditionally Free, Subject to a Reduced Rate, Etc.",permissive,permissive,generally-accepted-accounting,False,False,https://www.ecfr.gov/current/title-19/section-10.2026,2026-09-11,,false
19,Section,10,10.3013,,19 C.F.R. 10.3013,Definitions.,"U.S. Customs and Border Protection, Department of Homeland Security; Department of the Treasury","U.S. Customs and Border Protection, Department of Homeland Security; Department of the Treasury",,"Articles Conditionally Free, Subject to a Reduced Rate, Etc.",definition,definition,accounting;generally-accepted-accounting,False,False,https://www.ecfr.gov/current/title-19/section-10.3013,2026-09-11,,false
19,Section,10,10.3013,,19 C.F.R. 10.3013,Definitions.,"U.S. Customs and Border Protection, Department of Homeland Security; Department of the Treasury","U.S. Customs and Border Protection, Department of Homeland Security; Department of the Treasury",,"Articles Conditionally Free, Subject to a Reduced Rate, Etc.",definition,definition,accounting;generally-accepted-accounting,False,False,https://www.ecfr.gov/current/title-19/section-10.3013,2026-09-11,,false
19,Section,10,10.3015,,19 C.F.R. 10.3015,Regional value content.,"U.S. Customs and Border Protection, Department of Homeland Security; Department of the Treasury","U.S. Customs and Border Protection, Department of Homeland Security; Department of the Treasury",,"Articles Conditionally Free, Subject to a Reduced Rate, Etc.",binding,binding,generally-accepted-accounting,False,False,https://www.ecfr.gov/current/title-19/section-10.3015,2026-09-11,,false
19,Section,10,10.3016,,19 C.F.R. 10.3016,Value of materials.,"U.S. Customs and Border Protection, Department of Homeland Security; Department of the Treasury","U.S. Customs and Border Protection, Department of Homeland Security; Department of the Treasury",,"Articles Conditionally Free, Subject to a Reduced Rate, Etc.",binding,binding,generally-accepted-accounting,False,False,https://www.ecfr.gov/current/title-19/section-10.3016,2026-09-11,,false
19,Section,10,10.3019,,19 C.F.R. 10.3019,Fungible goods and materials.,"U.S. Customs and Border Protection, Department of Homeland Security; Department of the Treasury","U.S. Customs and Border Protection, Department of Homeland Security; Department of the Treasury",,"Articles Conditionally Free, Subject to a Reduced Rate, Etc.",other,other,generally-accepted-accounting,False,False,https://www.ecfr.gov/current/title-19/section-10.3019,2026-09-11,,false
19,Section,10,10.3026,,19 C.F.R. 10.3026,Verification and justification of claim for preferential tariff treatment.,"U.S. Customs and Border Protection, Department of Homeland Security; Department of the Treasury","U.S. Customs and Border Protection, Department of Homeland Security; Department of the Treasury",,"Articles Conditionally Free, Subject to a Reduced Rate, Etc.",permissive,permissive,generally-accepted-accounting,False,False,https://www.ecfr.gov/current/title-19/section-10.3026,2026-09-11,,false
19,Section,10,10.430,,19 C.F.R. 10.430,Export requirements.,"U.S. Customs and Border Protection, Department of Homeland Security; Department of the Treasury","U.S. Customs and Border Protection, Department of Homeland Security; Department of the Treasury",,"Articles Conditionally Free, Subject to a Reduced Rate, Etc.",binding,binding,generally-accepted-accounting,False,False,https://www.ecfr.gov/current/title-19/section-10.430,2026-09-11,,false
19,Section,10,10.450,,19 C.F.R. 10.450,Definitions.,"U.S. Customs and Border Protection, Department of Homeland Security; Department of the Treasury","U.S. Customs and Border Protection, Department of Homeland Security; Department of the Treasury",,"Articles Conditionally Free, Subject to a Reduced Rate, Etc.",definition,definition,accounting;generally-accepted-accounting,False,False,https://www.ecfr.gov/current/title-19/section-10.450,2026-09-11,,false
19,Section,10,10.455,,19 C.F.R. 10.455,Value of materials.,"U.S. Customs and Border Protection, Department of Homeland Security; Department of the Treasury","U.S. Customs and Border Protection, Department of Homeland Security; Department of the Treasury",,"Articles Conditionally Free, Subject to a Reduced Rate, Etc.",binding,binding,generally-accepted-accounting,False,False,https://www.ecfr.gov/current/title-19/section-10.455,2026-09-11,,false
19,Section,10,10.457,,19 C.F.R. 10.457,Fungible goods and materials.,"U.S. Customs and Border Protection, Department of Homeland Security; Department of the Treasury","U.S. Customs and Border Protection, Department of Homeland Security; Department of the Treasury",,"Articles Conditionally Free, Subject to a Reduced Rate, Etc.",definition,definition,generally-accepted-accounting,False,False,https://www.ecfr.gov/current/title-19/section-10.457,2026-09-11,,false
19,Section,10,10.470,,19 C.F.R. 10.470,Verification and justification of claim for preferential tariff treatment.,"U.S. Customs and Border Protection, Department of Homeland Security; Department of the Treasury","U.S. Customs and Border Protection, Department of Homeland Security; Department of the Treasury",,"Articles Conditionally Free, Subject to a Reduced Rate, Etc.",permissive,permissive,generally-accepted-accounting,False,False,https://www.ecfr.gov/current/title-19/section-10.470,2026-09-11,,false
19,Section,10,10.530,,19 C.F.R. 10.530,Definitions.,"U.S. Customs and Border Protection, Department of Homeland Security; Department of the Treasury","U.S. Customs and Border Protection, Department of Homeland Security; Department of the Treasury",,"Articles Conditionally Free, Subject to a Reduced Rate, Etc.",definition,definition,accounting;generally-accepted-accounting,False,False,https://www.ecfr.gov/current/title-19/section-10.530,2026-09-11,,false
19,Section,10,10.536,,19 C.F.R. 10.536,Value of materials.,"U.S. Customs and Border Protection, Department of Homeland Security; Department of the Treasury","U.S. Customs and Border Protection, Department of Homeland Security; Department of the Treasury",,"Articles Conditionally Free, Subject to a Reduced Rate, Etc.",binding,binding,generally-accepted-accounting,False,False,https://www.ecfr.gov/current/title-19/section-10.536,2026-09-11,,false
19,Section,10,10.538,,19 C.F.R. 10.538,Fungible goods and materials.,"U.S. Customs and Border Protection, Department of Homeland Security; Department of the Treasury","U.S. Customs and Border Protection, Department of Homeland Security; Department of the Treasury",,"Articles Conditionally Free, Subject to a Reduced Rate, Etc.",other,other,generally-accepted-accounting,False,False,https://www.ecfr.gov/current/title-19/section-10.538,2026-09-11,,false
19,Section,10,10.550,,19 C.F.R. 10.550,Verification and justification of claim for preferential treatment.,"U.S. Customs and Border Protection, Department of Homeland Security; Department of the Treasury","U.S. Customs and Border Protection, Department of Homeland Security; Department of the Treasury",,"Articles Conditionally Free, Subject to a Reduced Rate, Etc.",permissive,permissive,generally-accepted-accounting,False,False,https://www.ecfr.gov/current/title-19/section-10.550,2026-09-11,,false
19,Section,10,10.593,,19 C.F.R. 10.593,Definitions.,"U.S. Customs and Border Protection, Department of Homeland Security; Department of the Treasury","U.S. Customs and Border Protection, Department of Homeland Security; Department of the Treasury",,"Articles Conditionally Free, Subject to a Reduced Rate, Etc.",definition,definition,accounting;generally-accepted-accounting,False,False,https://www.ecfr.gov/current/title-19/section-10.593,2026-09-11,,false
19,Section,10,10.593,,19 C.F.R. 10.593,Definitions.,"U.S. Customs and Border Protection, Department of Homeland Security; Department of the Treasury","U.S. Customs and Border Protection, Department of Homeland Security; Department of the Treasury",,"Articles Conditionally Free, Subject to a Reduced Rate, Etc.",definition,definition,accounting;generally-accepted-accounting,False,False,https://www.ecfr.gov/current/title-19/section-10.593,2026-09-11,,false
19,Section,10,10.595,,19 C.F.R. 10.595,Regional value content.,"U.S. Customs and Border Protection, Department of Homeland Security; Department of the Treasury","U.S. Customs and Border Protection, Department of Homeland Security; Department of the Treasury",,"Articles Conditionally Free, Subject to a Reduced Rate, Etc.",binding,binding,generally-accepted-accounting,False,False,https://www.ecfr.gov/current/title-19/section-10.595,2026-09-11,,false
19,Section,10,10.596,,19 C.F.R. 10.596,Value of materials.,"U.S. Customs and Border Protection, Department of Homeland Security; Department of the Treasury","U.S. Customs and Border Protection, Department of Homeland Security; Department of the Treasury",,"Articles Conditionally Free, Subject to a Reduced Rate, Etc.",binding,binding,generally-accepted-accounting,False,False,https://www.ecfr.gov/current/title-19/section-10.596,2026-09-11,,false
19,Section,10,10.599,,19 C.F.R. 10.599,Fungible goods and materials.,"U.S. Customs and Border Protection, Department of Homeland Security; Department of the Treasury","U.S. Customs and Border Protection, Department of Homeland Security; Department of the Treasury",,"Articles Conditionally Free, Subject to a Reduced Rate, Etc.",other,other,generally-accepted-accounting,False,False,https://www.ecfr.gov/current/title-19/section-10.599,2026-09-11,,false
19,Section,10,10.616,,19 C.F.R. 10.616,Verification and justification of claim for preferential tariff treatment.,"U.S. Customs and Border Protection, Department of Homeland Security; Department of the Treasury","U.S. Customs and Border Protection, Department of Homeland Security; Department of the Treasury",,"Articles Conditionally Free, Subject to a Reduced Rate, Etc.",permissive,permissive,generally-accepted-accounting,False,False,https://www.ecfr.gov/current/title-19/section-10.616,2026-09-11,,false
19,Section,10,10.729,,19 C.F.R. 10.729,Definitions.,"U.S. Customs and Border Protection, Department of Homeland Security; Department of the Treasury","U.S. Customs and Border Protection, Department of Homeland Security; Department of the Treasury",,"Articles Conditionally Free, Subject to a Reduced Rate, Etc.",definition,definition,accounting;generally-accepted-accounting,False,False,https://www.ecfr.gov/current/title-19/section-10.729,2026-09-11,,false
19,Section,10,10.729,,19 C.F.R. 10.729,Definitions.,"U.S. Customs and Border Protection, Department of Homeland Security; Department of the Treasury","U.S. Customs and Border Protection, Department of Homeland Security; Department of the Treasury",,"Articles Conditionally Free, Subject to a Reduced Rate, Etc.",definition,definition,accounting;generally-accepted-accounting,False,False,https://www.ecfr.gov/current/title-19/section-10.729,2026-09-11,,false
19,Section,10,10.734,,19 C.F.R. 10.734,Regional value content.,"U.S. Customs and Border Protection, Department of Homeland Security; Department of the Treasury","U.S. Customs and Border Protection, Department of Homeland Security; Department of the Treasury",,"Articles Conditionally Free, Subject to a Reduced Rate, Etc.",binding,binding,generally-accepted-accounting,False,False,https://www.ecfr.gov/current/title-19/section-10.734,2026-09-11,,false
19,Section,10,10.735,,19 C.F.R. 10.735,Value of materials.,"U.S. Customs and Border Protection, Department of Homeland Security; Department of the Treasury","U.S. Customs and Border Protection, Department of Homeland Security; Department of the Treasury",,"Articles Conditionally Free, Subject to a Reduced Rate, Etc.",binding,binding,generally-accepted-accounting,False,False,https://www.ecfr.gov/current/title-19/section-10.735,2026-09-11,,false
19,Section,10,10.737,,19 C.F.R. 10.737,Fungible goods and materials.,"U.S. Customs and Border Protection, Department of Homeland Security; Department of the Treasury","U.S. Customs and Border Protection, Department of Homeland Security; Department of the Treasury",,"Articles Conditionally Free, Subject to a Reduced Rate, Etc.",other,other,generally-accepted-accounting,False,False,https://www.ecfr.gov/current/title-19/section-10.737,2026-09-11,,false
19,Section,10,10.742,,19 C.F.R. 10.742,Verification and justification of claim for preferential treatment.,"U.S. Customs and Border Protection, Department of Homeland Security; Department of the Treasury","U.S. Customs and Border Protection, Department of Homeland Security; Department of the Treasury",,"Articles Conditionally Free, Subject to a Reduced Rate, Etc.",permissive,permissive,generally-accepted-accounting,False,False,https://www.ecfr.gov/current/title-19/section-10.742,2026-09-11,,false
19,Section,10,10.769,,19 C.F.R. 10.769,Definitions.,"U.S. Customs and Border Protection, Department of Homeland Security; Department of the Treasury","U.S. Customs and Border Protection, Department of Homeland Security; Department of the Treasury",,"Articles Conditionally Free, Subject to a Reduced Rate, Etc.",definition,definition,accounting;generally-accepted-accounting,False,False,https://www.ecfr.gov/current/title-19/section-10.769,2026-09-11,,false
19,Section,10,10.784,,19 C.F.R. 10.784,Verification and justification of claim for preferential treatment.,"U.S. Customs and Border Protection, Department of Homeland Security; Department of the Treasury","U.S. Customs and Border Protection, Department of Homeland Security; Department of the Treasury",,"Articles Conditionally Free, Subject to a Reduced Rate, Etc.",permissive,permissive,generally-accepted-accounting,False,False,https://www.ecfr.gov/current/title-19/section-10.784,2026-09-11,,false
19,Section,10,10.809,,19 C.F.R. 10.809,Definitions.,"U.S. Customs and Border Protection, Department of Homeland Security; Department of the Treasury","U.S. Customs and Border Protection, Department of Homeland Security; Department of the Treasury",,"Articles Conditionally Free, Subject to a Reduced Rate, Etc.",definition,definition,accounting;generally-accepted-accounting,False,False,https://www.ecfr.gov/current/title-19/section-10.809,2026-09-11,,false
19,Section,10,10.824,,19 C.F.R. 10.824,Verification and justification of claim for preferential treatment.,"U.S. Customs and Border Protection, Department of Homeland Security; Department of the Treasury","U.S. Customs and Border Protection, Department of Homeland Security; Department of the Treasury",,"Articles Conditionally Free, Subject to a Reduced Rate, Etc.",permissive,permissive,generally-accepted-accounting,False,False,https://www.ecfr.gov/current/title-19/section-10.824,2026-09-11,,false
19,Section,10,10.872,,19 C.F.R. 10.872,Definitions.,"U.S. Customs and Border Protection, Department of Homeland Security; Department of the Treasury","U.S. Customs and Border Protection, Department of Homeland Security; Department of the Treasury",,"Articles Conditionally Free, Subject to a Reduced Rate, Etc.",definition,definition,accounting;generally-accepted-accounting,False,False,https://www.ecfr.gov/current/title-19/section-10.872,2026-09-11,2026-09-11,false
19,Section,10,10.887,,19 C.F.R. 10.887,Verification and justification of claim for preferential treatment.,"U.S. Customs and Border Protection, Department of Homeland Security; Department of the Treasury","U.S. Customs and Border Protection, Department of Homeland Security; Department of the Treasury",,"Articles Conditionally Free, Subject to a Reduced Rate, Etc.",permissive,permissive,generally-accepted-accounting,False,False,https://www.ecfr.gov/current/title-19/section-10.887,2026-09-11,,false
19,Section,10,10.913,,19 C.F.R. 10.913,Definitions.,"U.S. Customs and Border Protection, Department of Homeland Security; Department of the Treasury","U.S. Customs and Border Protection, Department of Homeland Security; Department of the Treasury",,"Articles Conditionally Free, Subject to a Reduced Rate, Etc.",definition,definition,accounting;generally-accepted-accounting,False,False,https://www.ecfr.gov/current/title-19/section-10.913,2026-09-11,,false
19,Section,10,10.913,,19 C.F.R. 10.913,Definitions.,"U.S. Customs and Border Protection, Department of Homeland Security; Department of the Treasury","U.S. Customs and Border Protection, Department of Homeland Security; Department of the Treasury",,"Articles Conditionally Free, Subject to a Reduced Rate, Etc.",definition,definition,accounting;generally-accepted-accounting,False,False,https://www.ecfr.gov/current/title-19/section-10.913,2026-09-11,,false
19,Section,10,10.915,,19 C.F.R. 10.915,Regional value content.,"U.S. Customs and Border Protection, Department of Homeland Security; Department of the Treasury","U.S. Customs and Border Protection, Department of Homeland Security; Department of the Treasury",,"Articles Conditionally Free, Subject to a Reduced Rate, Etc.",binding,binding,generally-accepted-accounting,False,False,https://www.ecfr.gov/current/title-19/section-10.915,2026-09-11,,false
19,Section,10,10.916,,19 C.F.R. 10.916,Value of materials.,"U.S. Customs and Border Protection, Department of Homeland Security; Department of the Treasury","U.S. Customs and Border Protection, Department of Homeland Security; Department of the Treasury",,"Articles Conditionally Free, Subject to a Reduced Rate, Etc.",binding,binding,generally-accepted-accounting,False,False,https://www.ecfr.gov/current/title-19/section-10.916,2026-09-11,,false
19,Section,10,10.919,,19 C.F.R. 10.919,Fungible goods and materials.,"U.S. Customs and Border Protection, Department of Homeland Security; Department of the Treasury","U.S. Customs and Border Protection, Department of Homeland Security; Department of the Treasury",,"Articles Conditionally Free, Subject to a Reduced Rate, Etc.",other,other,generally-accepted-accounting,False,False,https://www.ecfr.gov/current/title-19/section-10.919,2026-09-11,,false
19,Section,10,10.926,,19 C.F.R. 10.926,Verification and justification of claim for preferential tariff treatment.,"U.S. Customs and Border Protection, Department of Homeland Security; Department of the Treasury","U.S. Customs and Border Protection, Department of Homeland Security; Department of the Treasury",,"Articles Conditionally Free, Subject to a Reduced Rate, Etc.",permissive,permissive,generally-accepted-accounting,False,False,https://www.ecfr.gov/current/title-19/section-10.926,2026-09-11,2026-09-11,false
19,Section,102,102.1,,19 C.F.R. 102.1,Definitions.,"U.S. Customs and Border Protection, Department of Homeland Security; Department of the Treasury","U.S. Customs and Border Protection, Department of Homeland Security; Department of the Treasury",,Rules of Origin,other,other,GAAP;generally-accepted-accounting,False,False,https://www.ecfr.gov/current/title-19/section-102.1,2026-09-11,,false
19,Section,152,152.102,,19 C.F.R. 152.102,Definitions.,"U.S. Customs and Border Protection, Department of Homeland Security; Department of the Treasury","U.S. Customs and Border Protection, Department of Homeland Security; Department of the Treasury",,Classification and Appraisement of Merchandise,other,definition,generally-accepted-accounting,False,False,https://www.ecfr.gov/current/title-19/section-152.102,2026-09-11,,false
19,Section,152,152.102,,19 C.F.R. 152.102,Definitions.,"U.S. Customs and Border Protection, Department of Homeland Security; Department of the Treasury","U.S. Customs and Border Protection, Department of Homeland Security; Department of the Treasury",,Classification and Appraisement of Merchandise,definition,definition,generally-accepted-accounting,False,False,https://www.ecfr.gov/current/title-19/section-152.102,2026-09-11,,false
19,Section,152,152.102,,19 C.F.R. 152.102,Definitions.,"U.S. Customs and Border Protection, Department of Homeland Security; Department of the Treasury","U.S. Customs and Border Protection, Department of Homeland Security; Department of the Treasury",,Classification and Appraisement of Merchandise,other,definition,generally-accepted-accounting,False,False,https://www.ecfr.gov/current/title-19/section-152.102,2026-09-11,,false
19,Section,152,152.102,,19 C.F.R. 152.102,Definitions.,"U.S. Customs and Border Protection, Department of Homeland Security; Department of the Treasury","U.S. Customs and Border Protection, Department of Homeland Security; Department of the Treasury",,Classification and Appraisement of Merchandise,permissive,definition,generally-accepted-accounting,False,False,https://www.ecfr.gov/current/title-19/section-152.102,2026-09-11,,false
19,Section,152,152.103,,19 C.F.R. 152.103,Transaction value.,"U.S. Customs and Border Protection, Department of Homeland Security; Department of the Treasury","U.S. Customs and Border Protection, Department of Homeland Security; Department of the Treasury",,Classification and Appraisement of Merchandise,binding,binding,generally-accepted-accounting,False,False,https://www.ecfr.gov/current/title-19/section-152.103,2026-09-11,,false
19,Section,152,152.103,,19 C.F.R. 152.103,Transaction value.,"U.S. Customs and Border Protection, Department of Homeland Security; Department of the Treasury","U.S. Customs and Border Protection, Department of Homeland Security; Department of the Treasury",,Classification and Appraisement of Merchandise,permissive,binding,generally-accepted-accounting,False,False,https://www.ecfr.gov/current/title-19/section-152.103,2026-09-11,,false
19,Section,152,152.103,,19 C.F.R. 152.103,Transaction value.,"U.S. Customs and Border Protection, Department of Homeland Security; Department of the Treasury","U.S. Customs and Border Protection, Department of Homeland Security; Department of the Treasury",,Classification and Appraisement of Merchandise,permissive,binding,generally-accepted-accounting,False,False,https://www.ecfr.gov/current/title-19/section-152.103,2026-09-11,,false
19,Section,181,181.12,,19 C.F.R. 181.12,Maintenance and availability of records.,"U.S. Customs and Border Protection, Department of Homeland Security; Department of the Treasury","U.S. Customs and Border Protection, Department of Homeland Security; Department of the Treasury",,North American Free Trade Agreement,binding,binding,generally-accepted-accounting,False,False,https://www.ecfr.gov/current/title-19/section-181.12,2026-09-11,,false
19,Section,181,181.12,,19 C.F.R. 181.12,Maintenance and availability of records.,"U.S. Customs and Border Protection, Department of Homeland Security; Department of the Treasury","U.S. Customs and Border Protection, Department of Homeland Security; Department of the Treasury",,North American Free Trade Agreement,binding,binding,generally-accepted-accounting,False,False,https://www.ecfr.gov/current/title-19/section-181.12,2026-09-11,,false
19,Section,181,181.12,,19 C.F.R. 181.12,Maintenance and availability of records.,"U.S. Customs and Border Protection, Department of Homeland Security; Department of the Treasury","U.S. Customs and Border Protection, Department of Homeland Security; Department of the Treasury",,North American Free Trade Agreement,permissive,binding,generally-accepted-accounting,False,False,https://www.ecfr.gov/current/title-19/section-181.12,2026-09-11,,false
19,Section,181,181.1,,19 C.F.R. 181.1,Definitions.,"U.S. Customs and Border Protection, Department of Homeland Security; Department of the Treasury","U.S. Customs and Border Protection, Department of Homeland Security; Department of the Treasury",,North American Free Trade Agreement,other,definition,accounting;generally-accepted-accounting,False,False,https://www.ecfr.gov/current/title-19/section-181.1,2026-09-11,,false
19,Section,181,181.1,,19 C.F.R. 181.1,Definitions.,"U.S. Customs and Border Protection, Department of Homeland Security; Department of the Treasury","U.S. Customs and Border Protection, Department of Homeland Security; Department of the Treasury",,North American Free Trade Agreement,definition,definition,accounting;generally-accepted-accounting,False,False,https://www.ecfr.gov/current/title-19/section-181.1,2026-09-11,,false
19,Section,181,181.1,,19 C.F.R. 181.1,Definitions.,"U.S. Customs and Border Protection, Department of Homeland Security; Department of the Treasury","U.S. Customs and Border Protection, Department of Homeland Security; Department of the Treasury",,North American Free Trade Agreement,permissive,definition,accounting;generally-accepted-accounting,False,False,https://www.ecfr.gov/current/title-19/section-181.1,2026-09-11,,false
19,Section,181,181.72,,19 C.F.R. 181.72,Verification scope and method.,"U.S. Customs and Border Protection, Department of Homeland Security; Department of the Treasury","U.S. Customs and Border Protection, Department of Homeland Security; Department of the Treasury",,North American Free Trade Agreement,permissive,permissive,generally-accepted-accounting,False,False,https://www.ecfr.gov/current/title-19/section-181.72,2026-09-11,,false
19,Section,181,181.74,,19 C.F.R. 181.74,Verification visit procedures.,"U.S. Customs and Border Protection, Department of Homeland Security; Department of the Treasury","U.S. Customs and Border Protection, Department of Homeland Security; Department of the Treasury",,North American Free Trade Agreement,permissive,permissive,generally-accepted-accounting,False,False,https://www.ecfr.gov/current/title-19/section-181.74,2026-09-11,,false
19,Section,182,182.72,,19 C.F.R. 182.72,Verification of claim for preferential tariff treatment.,"U.S. Customs and Border Protection, Department of Homeland Security; Department of the Treasury","U.S. Customs and Border Protection, Department of Homeland Security; Department of the Treasury",,United States-Mexico-Canada Agreement,permissive,permissive,generally-accepted-accounting,False,False,https://www.ecfr.gov/current/title-19/section-182.72,2026-09-11,,false
19,Section,190,190.11,,19 C.F.R. 190.11,Valuation of merchandise.,"U.S. Customs and Border Protection, Department of Homeland Security; Department of the Treasury","U.S. Customs and Border Protection, Department of Homeland Security; Department of the Treasury",,Modernized Drawback,binding,binding,generally-accepted-accounting,False,False,https://www.ecfr.gov/current/title-19/section-190.11,2026-09-11,,false
19,Section,351,351.507,,19 C.F.R. 351.507,Equity.,"International Trade Administration, Department of Commerce","International Trade Administration, Department of Commerce",,Antidumping and Countervailing Duties,binding,binding,generally-accepted-accounting,False,False,https://www.ecfr.gov/current/title-19/section-351.507,2026-09-11,,false
20,Section,684,684.630,,20 C.F.R. 684.630,What are the requirements for preventing fraud and abuse under the WIOA?,"Employment and Training Administration, Department of Labor","Employment and Training Administration, Department of Labor",,Indian and Native American Programs Under Title I of the Workforce Innovation and Opportunity Act,binding,binding,generally-accepted-accounting,False,False,https://www.ecfr.gov/current/title-20/section-684.630,2026-09-11,,false
21,Section,316,316.21,,21 C.F.R. 316.21,Verification of orphan-drug status.,"Food and Drug Administration, Department of Health and Human Services","Food and Drug Administration, Department of Health and Human Services",Drugs for Human Use,Orphan Drugs,binding,binding,generally-accepted-accounting,False,False,https://www.ecfr.gov/current/title-21/section-316.21,2026-09-11,,false
23,Section,140,140.907,,23 C.F.R. 140.907,Overhead and indirect construction costs.,"Federal Highway Administration, Department of Transportation","Federal Highway Administration, Department of Transportation",Payment Procedures,Reimbursement,binding,binding,generally-accepted-accounting,False,False,https://www.ecfr.gov/current/title-23/section-140.907,2026-09-11,,false
24,Section,1000,1000.139,,24 C.F.R. 1000.139,What are the standards for insurance entities owned and controlled by recipients?,"Office of Assistant Secretary for Public and Indian Housing, Department of Housing and Urban Development","Office of Assistant Secretary for Public and Indian Housing, Department of Housing and Urban Development",,Native American Housing Activities,binding,binding,GAAP;generally-accepted-accounting,False,False,https://www.ecfr.gov/current/title-24/section-1000.139,2026-09-11,,false
24,Section,1000,1000.139,,24 C.F.R. 1000.139,What are the standards for insurance entities owned and controlled by recipients?,"Office of Assistant Secretary for Public and Indian Housing, Department of Housing and Urban Development","Office of Assistant Secretary for Public and Indian Housing, Department of Housing and Urban Development",,Native American Housing Activities,binding,binding,GAAP;generally-accepted-accounting,False,False,https://www.ecfr.gov/current/title-24/section-1000.139,2026-09-11,,false
24,Section,203,203.43c,,24 C.F.R. 203.43c,Eligibility of mortgages involving a dwelling unit in a cooperative housing development.,"Office of Assistant Secretary for Housing - Federal Housing Commissioner, Department of Housing and Urban Development","Office of Assistant Secretary for Housing - Federal Housing Commissioner, Department of Housing and Urban Development",Mortgage and Loan Insurance Programs Under National Housing Act and Other Authorities,Single Family Mortgage Insurance,binding,binding,generally-accepted-accounting,False,False,https://www.ecfr.gov/current/title-24/section-203.43c,2026-09-11,,false
24,Section,242,242.58,,24 C.F.R. 242.58,"Books, accounts, and financial statements.","Office of Assistant Secretary for Housing - Federal Housing Commissioner, Department of Housing and Urban Development","Office of Assistant Secretary for Housing - Federal Housing Commissioner, Department of Housing and Urban Development",Mortgage and Loan Insurance Programs Under National Housing Act and Other Authorities,Mortgage Insurance for Hospitals,binding,binding,GAAP;generally-accepted-accounting,False,False,https://www.ecfr.gov/current/title-24/section-242.58,2026-09-11,,false
24,Section,267,267.14,,24 C.F.R. 267.14,"Definitions applicable to qualifying commercial loans, qualifying commercial real estate loans, and qualifying automobile loans.","Office of Assistant Secretary for Housing - Federal Housing Commissioner, Department of Housing and Urban Development","Office of Assistant Secretary for Housing - Federal Housing Commissioner, Department of Housing and Urban Development",Mortgage and Loan Insurance Programs Under National Housing Act and Other Authorities,Credit Risk Retention,binding,binding,GAAP,False,False,https://www.ecfr.gov/current/title-24/section-267.14,2026-09-11,,false
24,Section,267,267.14,,24 C.F.R. 267.14,"Definitions applicable to qualifying commercial loans, qualifying commercial real estate loans, and qualifying automobile loans.","Office of Assistant Secretary for Housing - Federal Housing Commissioner, Department of Housing and Urban Development","Office of Assistant Secretary for Housing - Federal Housing Commissioner, Department of Housing and Urban Development",Mortgage and Loan Insurance Programs Under National Housing Act and Other Authorities,Credit Risk Retention,binding,binding,GAAP,False,False,https://www.ecfr.gov/current/title-24/section-267.14,2026-09-11,,false
24,Section,267,267.2,,24 C.F.R. 267.2,Definitions.,"Office of Assistant Secretary for Housing - Federal Housing Commissioner, Department of Housing and Urban Development","Office of Assistant Secretary for Housing - Federal Housing Commissioner, Department of Housing and Urban Development",Mortgage and Loan Insurance Programs Under National Housing Act and Other Authorities,Credit Risk Retention,definition,definition,GAAP;generally-accepted-accounting,False,False,https://www.ecfr.gov/current/title-24/section-267.2,2026-09-11,,false
24,Section,267,267.2,,24 C.F.R. 267.2,Definitions.,"Office of Assistant Secretary for Housing - Federal Housing Commissioner, Department of Housing and Urban Development","Office of Assistant Secretary for Housing - Federal Housing Commissioner, Department of Housing and Urban Development",Mortgage and Loan Insurance Programs Under National Housing Act and Other Authorities,Credit Risk Retention,definition,definition,GAAP;generally-accepted-accounting,False,False,https://www.ecfr.gov/current/title-24/section-267.2,2026-09-11,,false
24,Section,267,267.4,,24 C.F.R. 267.4,Standard risk retention.,"Office of Assistant Secretary for Housing - Federal Housing Commissioner, Department of Housing and Urban Development","Office of Assistant Secretary for Housing - Federal Housing Commissioner, Department of Housing and Urban Development",Mortgage and Loan Insurance Programs Under National Housing Act and Other Authorities,Credit Risk Retention,binding,binding,GAAP,False,False,https://www.ecfr.gov/current/title-24/section-267.4,2026-09-11,,false
24,Section,267,267.5,,24 C.F.R. 267.5,Revolving pool securitizations.,"Office of Assistant Secretary for Housing—Federal Housing Commissioner, Department of Housing and Urban Development","Office of Assistant Secretary for Housing—Federal Housing Commissioner, Department of Housing and Urban Development",Mortgage and Loan Insurance Programs Under National Housing Act and Other Authorities,Credit Risk Retention,other,other,GAAP,False,False,https://www.ecfr.gov/current/title-24/section-267.5,2026-09-11,,false
24,Section,267,267.5,,24 C.F.R. 267.5,Revolving pool securitizations.,"Office of Assistant Secretary for Housing—Federal Housing Commissioner, Department of Housing and Urban Development","Office of Assistant Secretary for Housing—Federal Housing Commissioner, Department of Housing and Urban Development",Mortgage and Loan Insurance Programs Under National Housing Act and Other Authorities,Credit Risk Retention,other,other,GAAP,False,False,https://www.ecfr.gov/current/title-24/section-267.5,2026-09-11,,false
24,Section,267,267.6,,24 C.F.R. 267.6,Eligible ABCP conduits.,"Office of Assistant Secretary for Housing—Federal Housing Commissioner, Department of Housing and Urban Development","Office of Assistant Secretary for Housing—Federal Housing Commissioner, Department of Housing and Urban Development",Mortgage and Loan Insurance Programs Under National Housing Act and Other Authorities,Credit Risk Retention,other,definition,GAAP,False,False,https://www.ecfr.gov/current/title-24/section-267.6,2026-09-11,,false
24,Section,267,267.6,,24 C.F.R. 267.6,Eligible ABCP conduits.,"Office of Assistant Secretary for Housing—Federal Housing Commissioner, Department of Housing and Urban Development","Office of Assistant Secretary for Housing—Federal Housing Commissioner, Department of Housing and Urban Development",Mortgage and Loan Insurance Programs Under National Housing Act and Other Authorities,Credit Risk Retention,other,definition,GAAP,False,False,https://www.ecfr.gov/current/title-24/section-267.6,2026-09-11,,false
24,Section,267,267.6,,24 C.F.R. 267.6,Eligible ABCP conduits.,"Office of Assistant Secretary for Housing—Federal Housing Commissioner, Department of Housing and Urban Development","Office of Assistant Secretary for Housing—Federal Housing Commissioner, Department of Housing and Urban Development",Mortgage and Loan Insurance Programs Under National Housing Act and Other Authorities,Credit Risk Retention,definition,definition,GAAP,False,False,https://www.ecfr.gov/current/title-24/section-267.6,2026-09-11,,false
24,Section,291,291.5,,24 C.F.R. 291.5,Definitions.,"Office of Assistant Secretary for Housing - Federal Housing Commissioner, Department of Housing and Urban Development","Office of Assistant Secretary for Housing - Federal Housing Commissioner, Department of Housing and Urban Development",HUD-Owned Properties,Disposition of HUD-Acquired and -Owned Single Family Property,binding,binding,generally-accepted-accounting,False,False,https://www.ecfr.gov/current/title-24/section-291.5,2026-09-11,,false
24,Section,320,320.3,,24 C.F.R. 320.3,Eligible issuers of securities.,"Government National Mortgage Association, Department of Housing and Urban Development","Government National Mortgage Association, Department of Housing and Urban Development",,Guaranty of Mortgage-Backed Securities,binding,binding,generally-accepted-accounting,False,False,https://www.ecfr.gov/current/title-24/section-320.3,2026-09-11,,false
24,Section,5,5.801,,24 C.F.R. 5.801,Uniform financial reporting standards.,Housing and Urban Development,,,General HUD Program Requirements; Waivers,binding,binding,generally-accepted-accounting,False,False,https://www.ecfr.gov/current/title-24/section-5.801,2026-09-11,,false
24,Section,5,5.801,,24 C.F.R. 5.801,Uniform financial reporting standards.,Housing and Urban Development,,,General HUD Program Requirements; Waivers,permissive,binding,generally-accepted-accounting,False,False,https://www.ecfr.gov/current/title-24/section-5.801,2026-09-11,,false
24,Section,574,574.3,,24 C.F.R. 574.3,Definitions.,"Office of Assistant Secretary for Community Planning and Development, Department of Housing and Urban Development","Office of Assistant Secretary for Community Planning and Development, Department of Housing and Urban Development",Community Facilities,Housing Opportunities for Persons with AIDS,binding,binding,generally-accepted-accounting,False,False,https://www.ecfr.gov/current/title-24/section-574.3,2026-09-11,,false
24,Section,578,578.23,,24 C.F.R. 578.23,Executing grant agreements.,"Office of Assistant Secretary for Community Planning and Development, Department of Housing and Urban Development","Office of Assistant Secretary for Community Planning and Development, Department of Housing and Urban Development",Community Facilities,Continuum of Care Program,permissive,permissive,generally-accepted-accounting,False,False,https://www.ecfr.gov/current/title-24/section-578.23,2026-09-11,,false
24,Section,578,578.3,,24 C.F.R. 578.3,Definitions.,"Office of Assistant Secretary for Community Planning and Development, Department of Housing and Urban Development","Office of Assistant Secretary for Community Planning and Development, Department of Housing and Urban Development",Community Facilities,Continuum of Care Program,binding,binding,generally-accepted-accounting,False,False,https://www.ecfr.gov/current/title-24/section-578.3,2026-09-11,,false
24,Section,578,578.41,,24 C.F.R. 578.41,Unified Funding Agency costs.,"Office of Assistant Secretary for Community Planning and Development, Department of Housing and Urban Development","Office of Assistant Secretary for Community Planning and Development, Department of Housing and Urban Development",Community Facilities,Continuum of Care Program,binding,binding,generally-accepted-accounting,False,False,https://www.ecfr.gov/current/title-24/section-578.41,2026-09-11,,false
24,Section,583,583.5,,24 C.F.R. 583.5,Definitions.,"Office of Assistant Secretary for Community Planning and Development, Department of Housing and Urban Development","Office of Assistant Secretary for Community Planning and Development, Department of Housing and Urban Development",Community Facilities,Supportive Housing Program,binding,binding,generally-accepted-accounting,True,False,https://www.ecfr.gov/current/title-24/section-583.5,2026-09-11,,false
24,Section,882,882.802,,24 C.F.R. 882.802,Definitions.,"Office of the Assistant Secretary for Housing-Federal Housing Commissioner, Department of Housing and Urban Development (Section 8 Housing Assistance Programs, Section 202 Direct Loan Program, Section 202 Supportive Housing for the Elderly Program and Section 811 Supportive Housing for Persons with Disabilities Program)","Office of the Assistant Secretary for Housing-Federal Housing Commissioner, Department of Housing and Urban Development (Section 8 Housing Assistance Programs, Section 202 Direct Loan Program, Section 202 Supportive Housing for the Elderly Program and Section 811 Supportive Housing for Persons with Disabilities Program)",,Section 8 Moderate Rehabilitation Programs,binding,binding,generally-accepted-accounting,False,False,https://www.ecfr.gov/current/title-24/section-882.802,2026-09-11,,false
24,Section,902,902.33,,24 C.F.R. 902.33,Financial reporting requirements.,"Office of Assistant Secretary for Public and Indian Housing, Department of Housing and Urban Development","Office of Assistant Secretary for Public and Indian Housing, Department of Housing and Urban Development",,Public Housing Assessment System,binding,binding,GAAP;generally-accepted-accounting,False,False,https://www.ecfr.gov/current/title-24/section-902.33,2026-09-11,2026-09-11,false
24,Section,902,902.64,,24 C.F.R. 902.64,PHAS scoring and audit reviews.,"Office of Assistant Secretary for Public and Indian Housing, Department of Housing and Urban Development","Office of Assistant Secretary for Public and Indian Housing, Department of Housing and Urban Development",,Public Housing Assessment System,binding,binding,Financial Accounting Standards Board;accounting,False,False,https://www.ecfr.gov/current/title-24/section-902.64,2026-09-11,,true
24,Section,943,943.130,,24 C.F.R. 943.130,What are the responsibilities of participating PHAs?,"Office of Assistant Secretary for Public and Indian Housing, Department of Housing and Urban Development","Office of Assistant Secretary for Public and Indian Housing, Department of Housing and Urban Development",,Public Housing Agency Consortia and Joint Ventures,binding,binding,generally-accepted-accounting,False,False,https://www.ecfr.gov/current/title-24/section-943.130,2026-09-11,,false
24,Section,965,965.205,,24 C.F.R. 965.205,Qualified PHA-owned insurance entity.,"Office of Assistant Secretary for Public and Indian Housing, Department of Housing and Urban Development","Office of Assistant Secretary for Public and Indian Housing, Department of Housing and Urban Development",,PHA-Owned or Leased Projects - General Provisions,binding,binding,generally-accepted-accounting,False,False,https://www.ecfr.gov/current/title-24/section-965.205,2026-09-11,,false
24,Section,965,965.205,,24 C.F.R. 965.205,Qualified PHA-owned insurance entity.,"Office of Assistant Secretary for Public and Indian Housing, Department of Housing and Urban Development","Office of Assistant Secretary for Public and Indian Housing, Department of Housing and Urban Development",,PHA-Owned or Leased Projects - General Provisions,binding,binding,generally-accepted-accounting,False,False,https://www.ecfr.gov/current/title-24/section-965.205,2026-09-11,,false
24,Section,990,990.280,,24 C.F.R. 990.280,Project-based budgeting and accounting.,"Office of Assistant Secretary for Public and Indian Housing, Department of Housing and Urban Development","Office of Assistant Secretary for Public and Indian Housing, Department of Housing and Urban Development",,The Public Housing Operating Fund Program,binding,binding,GAAP;accounting,False,False,https://www.ecfr.gov/current/title-24/section-990.280,2026-09-11,,false
24,Section,990,990.280,,24 C.F.R. 990.280,Project-based budgeting and accounting.,"Office of Assistant Secretary for Public and Indian Housing, Department of Housing and Urban Development","Office of Assistant Secretary for Public and Indian Housing, Department of Housing and Urban Development",,The Public Housing Operating Fund Program,binding,binding,GAAP;accounting,False,False,https://www.ecfr.gov/current/title-24/section-990.280,2026-09-11,,false
24,Section,990,990.285,,24 C.F.R. 990.285,Records and reports.,"Office of Assistant Secretary for Public and Indian Housing, Department of Housing and Urban Development","Office of Assistant Secretary for Public and Indian Housing, Department of Housing and Urban Development",,The Public Housing Operating Fund Program,binding,binding,GAAP,False,False,https://www.ecfr.gov/current/title-24/section-990.285,2026-09-11,,false
25,Appendix,276,,Appendix A to Part 276,"25 C.F.R. pt. 276, Appendix A to Part 276",,"Bureau of Indian Affairs, Department of the Interior","Bureau of Indian Affairs, Department of the Interior",Indian Self-Determination and Education Assistance Act Program,Uniform Administrative Requirements for Grants,other,other,generally-accepted-accounting,True,False,https://www.ecfr.gov/current/title-25/part-276,2026-09-11,,false
25,Section,141,141.58,,25 C.F.R. 141.58,"Records, reports, and obligations of reservation business owners.","Bureau of Indian Affairs, Department of the Interior","Bureau of Indian Affairs, Department of the Interior",Financial Activities,"Business Practices on the Navajo, Hopi and Zuni Reservations",binding,binding,generally-accepted-accounting,False,False,https://www.ecfr.gov/current/title-25/section-141.58,2026-09-11,,false
25,Section,291,291.4,,25 C.F.R. 291.4,What must a proposal requesting Class III gaming procedures contain?,"Bureau of Indian Affairs, Department of the Interior","Bureau of Indian Affairs, Department of the Interior",Economic Enterprises,Class III Gaming Procedures,binding,binding,generally-accepted-accounting,False,False,https://www.ecfr.gov/current/title-25/section-291.4,2026-09-11,,false
25,Section,514,514.4,,25 C.F.R. 514.4,How does a gaming operation calculate the amount of the annual fee it owes?,"National Indian Gaming Commission, Department of the Interior","National Indian Gaming Commission, Department of the Interior",General Provisions,Fees,binding,binding,generally-accepted-accounting,False,False,https://www.ecfr.gov/current/title-25/section-514.4,2026-09-11,,false
25,Section,531,531.1,,25 C.F.R. 531.1,Required provisions.,"National Indian Gaming Commission, Department of the Interior","National Indian Gaming Commission, Department of the Interior",Management Contract Provisions,Content of Management Contracts,binding,binding,generally-accepted-accounting,False,False,https://www.ecfr.gov/current/title-25/section-531.1,2026-09-11,,false
25,Section,542,542.19,,25 C.F.R. 542.19,What are the minimum internal control standards for accounting?,"National Indian Gaming Commission, Department of the Interior","National Indian Gaming Commission, Department of the Interior",Human Services,Minimum Internal Control Standards,binding,binding,generally-accepted-accounting,False,False,https://www.ecfr.gov/current/title-25/section-542.19,2026-09-11,,false
25,Section,543,543.23,,25 C.F.R. 543.23,What are the minimum internal control standards for audit and accounting?,"National Indian Gaming Commission, Department of the Interior","National Indian Gaming Commission, Department of the Interior",Human Services,Minimum Internal Control Standards for Class II Gaming,other,other,FASB;GAAP,False,False,https://www.ecfr.gov/current/title-25/section-543.23,2026-09-11,,true
25,Section,543,543.2,,25 C.F.R. 543.2,What are the definitions for this part?,"National Indian Gaming Commission, Department of the Interior","National Indian Gaming Commission, Department of the Interior",Human Services,Minimum Internal Control Standards for Class II Gaming,other,other,FASB;Financial Accounting Standards Board;GAAP;generally-accepted-accounting,False,False,https://www.ecfr.gov/current/title-25/section-543.2,2026-09-11,,false
25,Section,543,543.2,,25 C.F.R. 543.2,What are the definitions for this part?,"National Indian Gaming Commission, Department of the Interior","National Indian Gaming Commission, Department of the Interior",Human Services,Minimum Internal Control Standards for Class II Gaming,other,other,FASB;Financial Accounting Standards Board;GAAP;generally-accepted-accounting,False,False,https://www.ecfr.gov/current/title-25/section-543.2,2026-09-11,,true
25,Section,543,543.2,,25 C.F.R. 543.2,What are the definitions for this part?,"National Indian Gaming Commission, Department of the Interior","National Indian Gaming Commission, Department of the Interior",Human Services,Minimum Internal Control Standards for Class II Gaming,other,other,FASB;Financial Accounting Standards Board;GAAP;generally-accepted-accounting,False,False,https://www.ecfr.gov/current/title-25/section-543.2,2026-09-11,,false
25,Section,543,543.4,,25 C.F.R. 543.4,Does this part apply to small and charitable gaming operations?,"National Indian Gaming Commission, Department of the Interior","National Indian Gaming Commission, Department of the Interior",Human Services,Minimum Internal Control Standards for Class II Gaming,binding,binding,generally-accepted-accounting,False,False,https://www.ecfr.gov/current/title-25/section-543.4,2026-09-11,,false
25,Section,543,543.4,,25 C.F.R. 543.4,Does this part apply to small and charitable gaming operations?,"National Indian Gaming Commission, Department of the Interior","National Indian Gaming Commission, Department of the Interior",Human Services,Minimum Internal Control Standards for Class II Gaming,binding,binding,generally-accepted-accounting,False,False,https://www.ecfr.gov/current/title-25/section-543.4,2026-09-11,,false
25,Section,571,571.12,,25 C.F.R. 571.12,Audit standards.,"National Indian Gaming Commission, Department of the Interior","National Indian Gaming Commission, Department of the Interior",Compliance and Enforcement Provisions,Monitoring and Investigations,binding,binding,FASB;Financial Accounting Standards Board;GAAP;generally-accepted-accounting,False,False,https://www.ecfr.gov/current/title-25/section-571.12,2026-09-11,,false
25,Section,571,571.12,,25 C.F.R. 571.12,Audit standards.,"National Indian Gaming Commission, Department of the Interior","National Indian Gaming Commission, Department of the Interior",Compliance and Enforcement Provisions,Monitoring and Investigations,binding,binding,FASB;Financial Accounting Standards Board;GAAP;generally-accepted-accounting,False,False,https://www.ecfr.gov/current/title-25/section-571.12,2026-09-11,,true
25,Section,571,571.12,,25 C.F.R. 571.12,Audit standards.,"National Indian Gaming Commission, Department of the Interior","National Indian Gaming Commission, Department of the Interior",Compliance and Enforcement Provisions,Monitoring and Investigations,binding,binding,FASB;Financial Accounting Standards Board;GAAP;generally-accepted-accounting,False,False,https://www.ecfr.gov/current/title-25/section-571.12,2026-09-11,,false
26,Section,1,1.1297-0,,26 C.F.R. 1.1297-0,Table of contents.,"Internal Revenue Service, Department of the Treasury","Internal Revenue Service, Department of the Treasury",Income Tax,Income Taxes,other,other,GAAP;generally-accepted-accounting,False,False,https://www.ecfr.gov/current/title-26/section-1.1297-0,2026-09-11,2026-09-11,false
26,Section,1,1.1297-0,,26 C.F.R. 1.1297-0,Table of contents.,"Internal Revenue Service, Department of the Treasury","Internal Revenue Service, Department of the Treasury",Income Tax,Income Taxes,other,other,GAAP;generally-accepted-accounting,False,False,https://www.ecfr.gov/current/title-26/section-1.1297-0,2026-09-11,2026-09-11,false
26,Section,1,1.1297-4,,26 C.F.R. 1.1297-4,Qualifying insurance corporation.,"Internal Revenue Service, Department of the Treasury","Internal Revenue Service, Department of the Treasury",Income Tax,Income Taxes,other,binding,Financial Accounting Standards Board;GAAP;generally-accepted-accounting,False,False,https://www.ecfr.gov/current/title-26/section-1.1297-4,2026-09-11,,false
26,Section,1,1.1297-4,,26 C.F.R. 1.1297-4,Qualifying insurance corporation.,"Internal Revenue Service, Department of the Treasury","Internal Revenue Service, Department of the Treasury",Income Tax,Income Taxes,permissive,binding,Financial Accounting Standards Board;GAAP;generally-accepted-accounting,False,False,https://www.ecfr.gov/current/title-26/section-1.1297-4,2026-09-11,,false
26,Section,1,1.1297-4,,26 C.F.R. 1.1297-4,Qualifying insurance corporation.,"Internal Revenue Service, Department of the Treasury","Internal Revenue Service, Department of the Treasury",Income Tax,Income Taxes,permissive,binding,Financial Accounting Standards Board;GAAP;generally-accepted-accounting,False,False,https://www.ecfr.gov/current/title-26/section-1.1297-4,2026-09-11,,false
26,Section,1,1.1297-4,,26 C.F.R. 1.1297-4,Qualifying insurance corporation.,"Internal Revenue Service, Department of the Treasury","Internal Revenue Service, Department of the Treasury",Income Tax,Income Taxes,other,binding,Financial Accounting Standards Board;GAAP;generally-accepted-accounting,False,False,https://www.ecfr.gov/current/title-26/section-1.1297-4,2026-09-11,,false
26,Section,1,1.1297-4,,26 C.F.R. 1.1297-4,Qualifying insurance corporation.,"Internal Revenue Service, Department of the Treasury","Internal Revenue Service, Department of the Treasury",Income Tax,Income Taxes,binding,binding,Financial Accounting Standards Board;GAAP;generally-accepted-accounting,False,False,https://www.ecfr.gov/current/title-26/section-1.1297-4,2026-09-11,,false
26,Section,1,1.1297-4,,26 C.F.R. 1.1297-4,Qualifying insurance corporation.,"Internal Revenue Service, Department of the Treasury","Internal Revenue Service, Department of the Treasury",Income Tax,Income Taxes,other,binding,Financial Accounting Standards Board;GAAP;generally-accepted-accounting,False,False,https://www.ecfr.gov/current/title-26/section-1.1297-4,2026-09-11,,false
26,Section,1,1.1297-4,,26 C.F.R. 1.1297-4,Qualifying insurance corporation.,"Internal Revenue Service, Department of the Treasury","Internal Revenue Service, Department of the Treasury",Income Tax,Income Taxes,definition,binding,Financial Accounting Standards Board;GAAP;generally-accepted-accounting,False,False,https://www.ecfr.gov/current/title-26/section-1.1297-4,2026-09-11,,true
26,Section,1,1.132-0,,26 C.F.R. 1.132-0,Outline of regulations under section 132.,"Internal Revenue Service, Department of the Treasury","Internal Revenue Service, Department of the Treasury",Income Tax,Income Taxes,other,other,generally-accepted-accounting,False,False,https://www.ecfr.gov/current/title-26/section-1.132-0,2026-09-11,,false
26,Section,1,1.132-3,,26 C.F.R. 1.132-3,Qualified employee discounts.,"Internal Revenue Service, Department of the Treasury","Internal Revenue Service, Department of the Treasury",Income Tax,Income Taxes,other,binding,generally-accepted-accounting,False,False,https://www.ecfr.gov/current/title-26/section-1.132-3,2026-09-11,,false
26,Section,1,1.132-3,,26 C.F.R. 1.132-3,Qualified employee discounts.,"Internal Revenue Service, Department of the Treasury","Internal Revenue Service, Department of the Treasury",Income Tax,Income Taxes,binding,binding,generally-accepted-accounting,False,False,https://www.ecfr.gov/current/title-26/section-1.132-3,2026-09-11,,false
26,Section,1,1.1361-1,,26 C.F.R. 1.1361-1,S corporation defined.,"Internal Revenue Service, Department of the Treasury","Internal Revenue Service, Department of the Treasury",Income Tax,Income Taxes,binding,binding,generally-accepted-accounting,False,False,https://www.ecfr.gov/current/title-26/section-1.1361-1,2026-09-11,,false
26,Section,1,1.1400Z2(d)-1,,26 C.F.R. 1.1400Z2(d)-1,Qualified opportunity funds and qualified opportunity zone businesses.,"Internal Revenue Service, Department of the Treasury","Internal Revenue Service, Department of the Treasury",Income Tax,Income Taxes,permissive,permissive,GAAP;generally-accepted-accounting,False,False,https://www.ecfr.gov/current/title-26/section-1.1400Z2(d)-1,2026-09-11,,false
26,Section,1,1.162-27,,26 C.F.R. 1.162-27,"Certain employee remuneration in excess of $1,000,000 not deductible for taxable years beginning on or after January 1, 1994, and for taxable years beginning prior to January 1, 2018.","Internal Revenue Service, Department of the Treasury","Internal Revenue Service, Department of the Treasury",Income Tax,Income Taxes,permissive,permissive,Financial Accounting Standards Board,False,False,https://www.ecfr.gov/current/title-26/section-1.162-27,2026-09-11,,true
26,Section,1,1.162-31,,26 C.F.R. 1.162-31,"The $500,000 deduction limitation for remuneration provided by certain health insurance providers.","Internal Revenue Service, Department of the Treasury","Internal Revenue Service, Department of the Treasury",Income Tax,Income Taxes,binding,binding,generally-accepted-accounting,False,False,https://www.ecfr.gov/current/title-26/section-1.162-31,2026-09-11,,false
26,Section,1,1.263A-9,,26 C.F.R. 1.263A-9,The avoided cost method.,"Internal Revenue Service, Department of the Treasury","Internal Revenue Service, Department of the Treasury",Income Tax,Income Taxes,binding,binding,FASB;Financial Accounting Standards Board,False,False,https://www.ecfr.gov/current/title-26/section-1.263A-9,2026-09-11,,true
26,Section,1,1.263A-9,,26 C.F.R. 1.263A-9,The avoided cost method.,"Internal Revenue Service, Department of the Treasury","Internal Revenue Service, Department of the Treasury",Income Tax,Income Taxes,binding,binding,FASB;Financial Accounting Standards Board,False,False,https://www.ecfr.gov/current/title-26/section-1.263A-9,2026-09-11,,true
26,Section,1,1.279-5,,26 C.F.R. 1.279-5,Rules for application of section 279(b).,"Internal Revenue Service, Department of the Treasury","Internal Revenue Service, Department of the Treasury",Income Tax,Income Taxes,binding,binding,generally-accepted-accounting,False,False,https://www.ecfr.gov/current/title-26/section-1.279-5,2026-09-11,,false
26,Section,1,1.280G-1,,26 C.F.R. 1.280G-1,Golden parachute payments.,"Internal Revenue Service, Department of the Treasury","Internal Revenue Service, Department of the Treasury",Income Tax,Income Taxes,binding,binding,generally-accepted-accounting,False,False,https://www.ecfr.gov/current/title-26/section-1.280G-1,2026-09-11,,false
26,Section,1,1.385-3,,26 C.F.R. 1.385-3,Certain distributions of debt instruments and similar transactions.,"Internal Revenue Service, Department of the Treasury","Internal Revenue Service, Department of the Treasury",Income Tax,Income Taxes,definition,definition,accounting,False,False,https://www.ecfr.gov/current/title-26/section-1.385-3,2026-09-11,,false
26,Section,1,1.408-2,,26 C.F.R. 1.408-2,Individual retirement accounts.,"Internal Revenue Service, Department of the Treasury","Internal Revenue Service, Department of the Treasury",Income Tax,Income Taxes,binding,binding,generally-accepted-accounting,False,False,https://www.ecfr.gov/current/title-26/section-1.408-2,2026-09-11,,false
26,Section,1,1.446-1,,26 C.F.R. 1.446-1,General rule for methods of accounting.,"Internal Revenue Service, Department of the Treasury","Internal Revenue Service, Department of the Treasury",Income Tax,Income Taxes,binding,binding,generally-accepted-accounting,False,False,https://www.ecfr.gov/current/title-26/section-1.446-1,2026-09-11,,false
26,Section,1,1.446-1,,26 C.F.R. 1.446-1,General rule for methods of accounting.,"Internal Revenue Service, Department of the Treasury","Internal Revenue Service, Department of the Treasury",Income Tax,Income Taxes,binding,binding,generally-accepted-accounting,False,False,https://www.ecfr.gov/current/title-26/section-1.446-1,2026-09-11,,false
26,Section,1,1.451-3,,26 C.F.R. 1.451-3,Timing of income inclusion for taxpayers with an applicable financial statement using an accrual method of accounting.,"Internal Revenue Service, Department of the Treasury","Internal Revenue Service, Department of the Treasury",Income Tax,Income Taxes,other,binding,GAAP;generally-accepted-accounting,False,False,https://www.ecfr.gov/current/title-26/section-1.451-3,2026-09-11,,false
26,Section,1,1.451-3,,26 C.F.R. 1.451-3,Timing of income inclusion for taxpayers with an applicable financial statement using an accrual method of accounting.,"Internal Revenue Service, Department of the Treasury","Internal Revenue Service, Department of the Treasury",Income Tax,Income Taxes,binding,binding,GAAP;generally-accepted-accounting,False,False,https://www.ecfr.gov/current/title-26/section-1.451-3,2026-09-11,,false
26,Section,1,1.451-3,,26 C.F.R. 1.451-3,Timing of income inclusion for taxpayers with an applicable financial statement using an accrual method of accounting.,"Internal Revenue Service, Department of the Treasury","Internal Revenue Service, Department of the Treasury",Income Tax,Income Taxes,binding,binding,GAAP;generally-accepted-accounting,False,False,https://www.ecfr.gov/current/title-26/section-1.451-3,2026-09-11,,false
26,Section,1,1.451-3,,26 C.F.R. 1.451-3,Timing of income inclusion for taxpayers with an applicable financial statement using an accrual method of accounting.,"Internal Revenue Service, Department of the Treasury","Internal Revenue Service, Department of the Treasury",Income Tax,Income Taxes,binding,binding,GAAP;generally-accepted-accounting,False,False,https://www.ecfr.gov/current/title-26/section-1.451-3,2026-09-11,,false
26,Section,1,1.460-4,,26 C.F.R. 1.460-4,Methods of accounting for long-term contracts.,"Internal Revenue Service, Department of the Treasury","Internal Revenue Service, Department of the Treasury",Income Tax,Income Taxes,other,other,generally-accepted-accounting,False,False,https://www.ecfr.gov/current/title-26/section-1.460-4,2026-09-11,,false
26,Section,1,1.461-5,,26 C.F.R. 1.461-5,Recurring item exception.,"Internal Revenue Service, Department of the Treasury","Internal Revenue Service, Department of the Treasury",Income Tax,Income Taxes,permissive,permissive,generally-accepted-accounting,False,False,https://www.ecfr.gov/current/title-26/section-1.461-5,2026-09-11,,false
26,Section,1,1.461-5,,26 C.F.R. 1.461-5,Recurring item exception.,"Internal Revenue Service, Department of the Treasury","Internal Revenue Service, Department of the Treasury",Income Tax,Income Taxes,other,permissive,generally-accepted-accounting,False,False,https://www.ecfr.gov/current/title-26/section-1.461-5,2026-09-11,,false
26,Section,1,1.471-11,,26 C.F.R. 1.471-11,Inventories of manufacturers.,"Internal Revenue Service, Department of the Treasury","Internal Revenue Service, Department of the Treasury",Income Tax,Income Taxes,binding,binding,generally-accepted-accounting,False,False,https://www.ecfr.gov/current/title-26/section-1.471-11,2026-09-11,,false
26,Section,1,1.471-11,,26 C.F.R. 1.471-11,Inventories of manufacturers.,"Internal Revenue Service, Department of the Treasury","Internal Revenue Service, Department of the Treasury",Income Tax,Income Taxes,binding,binding,generally-accepted-accounting,False,False,https://www.ecfr.gov/current/title-26/section-1.471-11,2026-09-11,,false
26,Section,1,1.475(a)-4,,26 C.F.R. 1.475(a)-4,Valuation safe harbor.,"Internal Revenue Service, Department of the Treasury","Internal Revenue Service, Department of the Treasury",Income Tax,Income Taxes,other,binding,GAAP;U.S. GAAP;generally-accepted-accounting,False,False,https://www.ecfr.gov/current/title-26/section-1.475(a)-4,2026-09-11,,false
26,Section,1,1.475(a)-4,,26 C.F.R. 1.475(a)-4,Valuation safe harbor.,"Internal Revenue Service, Department of the Treasury","Internal Revenue Service, Department of the Treasury",Income Tax,Income Taxes,other,binding,GAAP;U.S. GAAP;generally-accepted-accounting,False,False,https://www.ecfr.gov/current/title-26/section-1.475(a)-4,2026-09-11,,false
26,Section,1,1.475(a)-4,,26 C.F.R. 1.475(a)-4,Valuation safe harbor.,"Internal Revenue Service, Department of the Treasury","Internal Revenue Service, Department of the Treasury",Income Tax,Income Taxes,other,binding,GAAP;U.S. GAAP;generally-accepted-accounting,False,False,https://www.ecfr.gov/current/title-26/section-1.475(a)-4,2026-09-11,,false
26,Section,1,1.475(a)-4,,26 C.F.R. 1.475(a)-4,Valuation safe harbor.,"Internal Revenue Service, Department of the Treasury","Internal Revenue Service, Department of the Treasury",Income Tax,Income Taxes,binding,binding,GAAP;U.S. GAAP;generally-accepted-accounting,False,False,https://www.ecfr.gov/current/title-26/section-1.475(a)-4,2026-09-11,,false
26,Section,1,1.475(a)-4,,26 C.F.R. 1.475(a)-4,Valuation safe harbor.,"Internal Revenue Service, Department of the Treasury","Internal Revenue Service, Department of the Treasury",Income Tax,Income Taxes,binding,binding,GAAP;U.S. GAAP;generally-accepted-accounting,False,False,https://www.ecfr.gov/current/title-26/section-1.475(a)-4,2026-09-11,,false
26,Section,1,1.475(a)-4,,26 C.F.R. 1.475(a)-4,Valuation safe harbor.,"Internal Revenue Service, Department of the Treasury","Internal Revenue Service, Department of the Treasury",Income Tax,Income Taxes,other,binding,GAAP;U.S. GAAP;generally-accepted-accounting,False,False,https://www.ecfr.gov/current/title-26/section-1.475(a)-4,2026-09-11,,false
26,Section,1,1.482-0,,26 C.F.R. 1.482-0,Outline of regulations under section 482.,"Internal Revenue Service, Department of the Treasury","Internal Revenue Service, Department of the Treasury",Income Tax,Income Taxes,other,other,generally-accepted-accounting,False,False,https://www.ecfr.gov/current/title-26/section-1.482-0,2026-09-11,,false
26,Section,1,1.482-0,,26 C.F.R. 1.482-0,Outline of regulations under section 482.,"Internal Revenue Service, Department of the Treasury","Internal Revenue Service, Department of the Treasury",Income Tax,Income Taxes,other,other,generally-accepted-accounting,False,False,https://www.ecfr.gov/current/title-26/section-1.482-0,2026-09-11,,false
26,Section,1,1.482-7A,,26 C.F.R. 1.482-7A,Methods to determine taxable income in connection with a cost sharing arrangement.,"Internal Revenue Service, Department of the Treasury","Internal Revenue Service, Department of the Treasury",Income Tax,Income Taxes,permissive,binding,generally-accepted-accounting,False,False,https://www.ecfr.gov/current/title-26/section-1.482-7A,2026-09-11,,false
26,Section,1,1.482-7A,,26 C.F.R. 1.482-7A,Methods to determine taxable income in connection with a cost sharing arrangement.,"Internal Revenue Service, Department of the Treasury","Internal Revenue Service, Department of the Treasury",Income Tax,Income Taxes,binding,binding,generally-accepted-accounting,False,False,https://www.ecfr.gov/current/title-26/section-1.482-7A,2026-09-11,,false
26,Section,1,1.482-7A,,26 C.F.R. 1.482-7A,Methods to determine taxable income in connection with a cost sharing arrangement.,"Internal Revenue Service, Department of the Treasury","Internal Revenue Service, Department of the Treasury",Income Tax,Income Taxes,other,binding,generally-accepted-accounting,False,False,https://www.ecfr.gov/current/title-26/section-1.482-7A,2026-09-11,,false
26,Section,1,1.482-7A,,26 C.F.R. 1.482-7A,Methods to determine taxable income in connection with a cost sharing arrangement.,"Internal Revenue Service, Department of the Treasury","Internal Revenue Service, Department of the Treasury",Income Tax,Income Taxes,binding,binding,generally-accepted-accounting,False,False,https://www.ecfr.gov/current/title-26/section-1.482-7A,2026-09-11,,false
26,Section,1,1.482-7A,,26 C.F.R. 1.482-7A,Methods to determine taxable income in connection with a cost sharing arrangement.,"Internal Revenue Service, Department of the Treasury","Internal Revenue Service, Department of the Treasury",Income Tax,Income Taxes,other,binding,generally-accepted-accounting,False,False,https://www.ecfr.gov/current/title-26/section-1.482-7A,2026-09-11,,false
26,Section,1,1.482-7,,26 C.F.R. 1.482-7,Methods to determine taxable income in connection with a cost sharing arrangement.,"Internal Revenue Service, Department of the Treasury","Internal Revenue Service, Department of the Treasury",Income Tax,Income Taxes,permissive,binding,generally-accepted-accounting,False,False,https://www.ecfr.gov/current/title-26/section-1.482-7,2026-09-11,,false
26,Section,1,1.482-7,,26 C.F.R. 1.482-7,Methods to determine taxable income in connection with a cost sharing arrangement.,"Internal Revenue Service, Department of the Treasury","Internal Revenue Service, Department of the Treasury",Income Tax,Income Taxes,permissive,binding,generally-accepted-accounting,False,False,https://www.ecfr.gov/current/title-26/section-1.482-7,2026-09-11,,false
26,Section,1,1.482-7,,26 C.F.R. 1.482-7,Methods to determine taxable income in connection with a cost sharing arrangement.,"Internal Revenue Service, Department of the Treasury","Internal Revenue Service, Department of the Treasury",Income Tax,Income Taxes,binding,binding,generally-accepted-accounting,False,False,https://www.ecfr.gov/current/title-26/section-1.482-7,2026-09-11,,false
26,Section,1,1.482-7,,26 C.F.R. 1.482-7,Methods to determine taxable income in connection with a cost sharing arrangement.,"Internal Revenue Service, Department of the Treasury","Internal Revenue Service, Department of the Treasury",Income Tax,Income Taxes,other,binding,generally-accepted-accounting,False,False,https://www.ecfr.gov/current/title-26/section-1.482-7,2026-09-11,,false
26,Section,1,1.482-7,,26 C.F.R. 1.482-7,Methods to determine taxable income in connection with a cost sharing arrangement.,"Internal Revenue Service, Department of the Treasury","Internal Revenue Service, Department of the Treasury",Income Tax,Income Taxes,binding,binding,generally-accepted-accounting,False,False,https://www.ecfr.gov/current/title-26/section-1.482-7,2026-09-11,,false
26,Section,1,1.482-7,,26 C.F.R. 1.482-7,Methods to determine taxable income in connection with a cost sharing arrangement.,"Internal Revenue Service, Department of the Treasury","Internal Revenue Service, Department of the Treasury",Income Tax,Income Taxes,binding,binding,generally-accepted-accounting,False,False,https://www.ecfr.gov/current/title-26/section-1.482-7,2026-09-11,,false
26,Section,1,1.482-7,,26 C.F.R. 1.482-7,Methods to determine taxable income in connection with a cost sharing arrangement.,"Internal Revenue Service, Department of the Treasury","Internal Revenue Service, Department of the Treasury",Income Tax,Income Taxes,other,binding,generally-accepted-accounting,False,False,https://www.ecfr.gov/current/title-26/section-1.482-7,2026-09-11,,false
26,Section,1,1.482-7,,26 C.F.R. 1.482-7,Methods to determine taxable income in connection with a cost sharing arrangement.,"Internal Revenue Service, Department of the Treasury","Internal Revenue Service, Department of the Treasury",Income Tax,Income Taxes,binding,binding,generally-accepted-accounting,False,False,https://www.ecfr.gov/current/title-26/section-1.482-7,2026-09-11,,false
26,Section,1,1.482-7,,26 C.F.R. 1.482-7,Methods to determine taxable income in connection with a cost sharing arrangement.,"Internal Revenue Service, Department of the Treasury","Internal Revenue Service, Department of the Treasury",Income Tax,Income Taxes,other,binding,generally-accepted-accounting,False,False,https://www.ecfr.gov/current/title-26/section-1.482-7,2026-09-11,,false
26,Section,1,1.482-9,,26 C.F.R. 1.482-9,Methods to determine taxable income in connection with a controlled services transaction.,"Internal Revenue Service, Department of the Treasury","Internal Revenue Service, Department of the Treasury",Income Tax,Income Taxes,permissive,binding,generally-accepted-accounting,False,False,https://www.ecfr.gov/current/title-26/section-1.482-9,2026-09-11,,false
26,Section,1,1.482-9,,26 C.F.R. 1.482-9,Methods to determine taxable income in connection with a controlled services transaction.,"Internal Revenue Service, Department of the Treasury","Internal Revenue Service, Department of the Treasury",Income Tax,Income Taxes,binding,binding,generally-accepted-accounting,False,False,https://www.ecfr.gov/current/title-26/section-1.482-9,2026-09-11,,false
26,Section,1,1.482-9,,26 C.F.R. 1.482-9,Methods to determine taxable income in connection with a controlled services transaction.,"Internal Revenue Service, Department of the Treasury","Internal Revenue Service, Department of the Treasury",Income Tax,Income Taxes,binding,binding,generally-accepted-accounting,False,False,https://www.ecfr.gov/current/title-26/section-1.482-9,2026-09-11,,false
26,Section,1,1.482-9,,26 C.F.R. 1.482-9,Methods to determine taxable income in connection with a controlled services transaction.,"Internal Revenue Service, Department of the Treasury","Internal Revenue Service, Department of the Treasury",Income Tax,Income Taxes,binding,binding,generally-accepted-accounting,False,False,https://www.ecfr.gov/current/title-26/section-1.482-9,2026-09-11,,false
26,Section,1,1.482-9,,26 C.F.R. 1.482-9,Methods to determine taxable income in connection with a controlled services transaction.,"Internal Revenue Service, Department of the Treasury","Internal Revenue Service, Department of the Treasury",Income Tax,Income Taxes,binding,binding,generally-accepted-accounting,False,False,https://www.ecfr.gov/current/title-26/section-1.482-9,2026-09-11,,false
26,Section,1,1.482-9,,26 C.F.R. 1.482-9,Methods to determine taxable income in connection with a controlled services transaction.,"Internal Revenue Service, Department of the Treasury","Internal Revenue Service, Department of the Treasury",Income Tax,Income Taxes,binding,binding,generally-accepted-accounting,False,False,https://www.ecfr.gov/current/title-26/section-1.482-9,2026-09-11,,false
26,Section,1,1.482-9,,26 C.F.R. 1.482-9,Methods to determine taxable income in connection with a controlled services transaction.,"Internal Revenue Service, Department of the Treasury","Internal Revenue Service, Department of the Treasury",Income Tax,Income Taxes,binding,binding,generally-accepted-accounting,False,False,https://www.ecfr.gov/current/title-26/section-1.482-9,2026-09-11,,false
26,Section,1,1.482-9,,26 C.F.R. 1.482-9,Methods to determine taxable income in connection with a controlled services transaction.,"Internal Revenue Service, Department of the Treasury","Internal Revenue Service, Department of the Treasury",Income Tax,Income Taxes,binding,binding,generally-accepted-accounting,False,False,https://www.ecfr.gov/current/title-26/section-1.482-9,2026-09-11,,false
26,Section,1,1.482-9,,26 C.F.R. 1.482-9,Methods to determine taxable income in connection with a controlled services transaction.,"Internal Revenue Service, Department of the Treasury","Internal Revenue Service, Department of the Treasury",Income Tax,Income Taxes,binding,binding,generally-accepted-accounting,False,False,https://www.ecfr.gov/current/title-26/section-1.482-9,2026-09-11,,false
26,Section,1,1.482-9,,26 C.F.R. 1.482-9,Methods to determine taxable income in connection with a controlled services transaction.,"Internal Revenue Service, Department of the Treasury","Internal Revenue Service, Department of the Treasury",Income Tax,Income Taxes,permissive,binding,generally-accepted-accounting,False,False,https://www.ecfr.gov/current/title-26/section-1.482-9,2026-09-11,,false
26,Section,1,1.5000A-3,,26 C.F.R. 1.5000A-3,Exempt individuals.,"Internal Revenue Service, Department of the Treasury","Internal Revenue Service, Department of the Treasury",Income Tax,Income Taxes,binding,binding,generally-accepted-accounting,False,False,https://www.ecfr.gov/current/title-26/section-1.5000A-3,2026-09-11,,false
26,Section,1,1.56(g)-1,,26 C.F.R. 1.56(g)-1,Adjusted current earnings.,"Internal Revenue Service, Department of the Treasury","Internal Revenue Service, Department of the Treasury",Income Tax,Income Taxes,other,permissive,FASB;Financial Accounting Standards Board;generally-accepted-accounting,False,False,https://www.ecfr.gov/current/title-26/section-1.56(g)-1,2026-09-11,,false
26,Section,1,1.56(g)-1,,26 C.F.R. 1.56(g)-1,Adjusted current earnings.,"Internal Revenue Service, Department of the Treasury","Internal Revenue Service, Department of the Treasury",Income Tax,Income Taxes,permissive,permissive,FASB;Financial Accounting Standards Board;generally-accepted-accounting,False,False,https://www.ecfr.gov/current/title-26/section-1.56(g)-1,2026-09-11,,true
26,Section,1,1.56(g)-1,,26 C.F.R. 1.56(g)-1,Adjusted current earnings.,"Internal Revenue Service, Department of the Treasury","Internal Revenue Service, Department of the Treasury",Income Tax,Income Taxes,permissive,permissive,FASB;Financial Accounting Standards Board;generally-accepted-accounting,False,False,https://www.ecfr.gov/current/title-26/section-1.56(g)-1,2026-09-11,,true
26,Section,1,1.6038-1,,26 C.F.R. 1.6038-1,"Information returns required of domestic corporations with respect to annual accounting periods of certain foreign corporations beginning before January 1, 1963.","Internal Revenue Service, Department of the Treasury","Internal Revenue Service, Department of the Treasury",Income Tax,Income Taxes,binding,binding,generally-accepted-accounting,False,False,https://www.ecfr.gov/current/title-26/section-1.6038-1,2026-09-11,,false
26,Section,1,1.6038-2,,26 C.F.R. 1.6038-2,Information returns required of United States persons with respect to annual accounting periods of certain foreign corporations.,"Internal Revenue Service, Department of the Treasury","Internal Revenue Service, Department of the Treasury",Income Tax,Income Taxes,binding,binding,generally-accepted-accounting,False,False,https://www.ecfr.gov/current/title-26/section-1.6038-2,2026-09-11,,false
26,Section,1,1.6038-2,,26 C.F.R. 1.6038-2,Information returns required of United States persons with respect to annual accounting periods of certain foreign corporations.,"Internal Revenue Service, Department of the Treasury","Internal Revenue Service, Department of the Treasury",Income Tax,Income Taxes,binding,binding,generally-accepted-accounting,False,False,https://www.ecfr.gov/current/title-26/section-1.6038-2,2026-09-11,,false
26,Section,1,1.6038-4,,26 C.F.R. 1.6038-4,Information returns required of certain United States persons with respect to such person's U.S. multinational enterprise group.,"Internal Revenue Service, Department of the Treasury","Internal Revenue Service, Department of the Treasury",Income Tax,Income Taxes,binding,binding,generally-accepted-accounting,False,False,https://www.ecfr.gov/current/title-26/section-1.6038-4,2026-09-11,,false
26,Section,1,1.6038-4,,26 C.F.R. 1.6038-4,Information returns required of certain United States persons with respect to such person's U.S. multinational enterprise group.,"Internal Revenue Service, Department of the Treasury","Internal Revenue Service, Department of the Treasury",Income Tax,Income Taxes,definition,binding,generally-accepted-accounting,False,False,https://www.ecfr.gov/current/title-26/section-1.6038-4,2026-09-11,,false
26,Section,1,1.6038-4,,26 C.F.R. 1.6038-4,Information returns required of certain United States persons with respect to such person's U.S. multinational enterprise group.,"Internal Revenue Service, Department of the Treasury","Internal Revenue Service, Department of the Treasury",Income Tax,Income Taxes,definition,binding,generally-accepted-accounting,False,False,https://www.ecfr.gov/current/title-26/section-1.6038-4,2026-09-11,,false
26,Section,1,1.6038-4,,26 C.F.R. 1.6038-4,Information returns required of certain United States persons with respect to such person's U.S. multinational enterprise group.,"Internal Revenue Service, Department of the Treasury","Internal Revenue Service, Department of the Treasury",Income Tax,Income Taxes,binding,binding,generally-accepted-accounting,False,False,https://www.ecfr.gov/current/title-26/section-1.6038-4,2026-09-11,,false
26,Section,1,1.6038-4,,26 C.F.R. 1.6038-4,Information returns required of certain United States persons with respect to such person's U.S. multinational enterprise group.,"Internal Revenue Service, Department of the Treasury","Internal Revenue Service, Department of the Treasury",Income Tax,Income Taxes,permissive,binding,generally-accepted-accounting,False,False,https://www.ecfr.gov/current/title-26/section-1.6038-4,2026-09-11,,false
26,Section,1,1.6038A-3,,26 C.F.R. 1.6038A-3,Record maintenance.,"Internal Revenue Service, Department of the Treasury","Internal Revenue Service, Department of the Treasury",Income Tax,Income Taxes,binding,binding,generally-accepted-accounting,False,False,https://www.ecfr.gov/current/title-26/section-1.6038A-3,2026-09-11,,false
26,Section,1,1.6046-1,,26 C.F.R. 1.6046-1,Returns as to organization or reorganization of foreign corporations and as to acquisitions of their stock.,"Internal Revenue Service, Department of the Treasury","Internal Revenue Service, Department of the Treasury",Income Tax,Income Taxes,binding,binding,generally-accepted-accounting,False,False,https://www.ecfr.gov/current/title-26/section-1.6046-1,2026-09-11,,false
26,Section,1,1.6046-1,,26 C.F.R. 1.6046-1,Returns as to organization or reorganization of foreign corporations and as to acquisitions of their stock.,"Internal Revenue Service, Department of the Treasury","Internal Revenue Service, Department of the Treasury",Income Tax,Income Taxes,binding,binding,generally-accepted-accounting,False,False,https://www.ecfr.gov/current/title-26/section-1.6046-1,2026-09-11,,false
26,Section,1,1.7874-3,,26 C.F.R. 1.7874-3,Substantial business activities.,"Internal Revenue Service, Department of the Treasury","Internal Revenue Service, Department of the Treasury",Income Tax,Income Taxes,other,binding,GAAP;U.S. GAAP;generally-accepted-accounting,False,False,https://www.ecfr.gov/current/title-26/section-1.7874-3,2026-09-11,,false
26,Section,1,1.7874-3,,26 C.F.R. 1.7874-3,Substantial business activities.,"Internal Revenue Service, Department of the Treasury","Internal Revenue Service, Department of the Treasury",Income Tax,Income Taxes,binding,binding,GAAP;U.S. GAAP;generally-accepted-accounting,False,False,https://www.ecfr.gov/current/title-26/section-1.7874-3,2026-09-11,,false
26,Section,1,1.7874-3,,26 C.F.R. 1.7874-3,Substantial business activities.,"Internal Revenue Service, Department of the Treasury","Internal Revenue Service, Department of the Treasury",Income Tax,Income Taxes,binding,binding,GAAP;U.S. GAAP;generally-accepted-accounting,False,False,https://www.ecfr.gov/current/title-26/section-1.7874-3,2026-09-11,,false
26,Section,1,1.7874-3,,26 C.F.R. 1.7874-3,Substantial business activities.,"Internal Revenue Service, Department of the Treasury","Internal Revenue Service, Department of the Treasury",Income Tax,Income Taxes,other,binding,GAAP;U.S. GAAP;generally-accepted-accounting,False,False,https://www.ecfr.gov/current/title-26/section-1.7874-3,2026-09-11,,false
26,Section,1,1.856-10,,26 C.F.R. 1.856-10,Definition of real property.,"Internal Revenue Service, Department of the Treasury","Internal Revenue Service, Department of the Treasury",Income Tax,Income Taxes,other,other,GAAP;generally-accepted-accounting,False,False,https://www.ecfr.gov/current/title-26/section-1.856-10,2026-09-11,,false
26,Section,1,1.856-10,,26 C.F.R. 1.856-10,Definition of real property.,"Internal Revenue Service, Department of the Treasury","Internal Revenue Service, Department of the Treasury",Income Tax,Income Taxes,other,other,GAAP;generally-accepted-accounting,False,False,https://www.ecfr.gov/current/title-26/section-1.856-10,2026-09-11,,false
26,Section,1,1.856-2,,26 C.F.R. 1.856-2,Limitations.,"Internal Revenue Service, Department of the Treasury","Internal Revenue Service, Department of the Treasury",Income Tax,Income Taxes,binding,binding,generally-accepted-accounting,False,False,https://www.ecfr.gov/current/title-26/section-1.856-2,2026-09-11,,false
26,Section,1,1.861-12T,,26 C.F.R. 1.861-12T,Characterization rules and adjustments for certain assets (temporary).,"Internal Revenue Service, Department of the Treasury","Internal Revenue Service, Department of the Treasury",Income Tax,Income Taxes,permissive,permissive,generally-accepted-accounting,False,False,https://www.ecfr.gov/current/title-26/section-1.861-12T,2026-09-11,,false
26,Section,1,1.861-9,,26 C.F.R. 1.861-9,Allocation and apportionment of interest expense and rules for asset-based apportionment.,"Internal Revenue Service, Department of the Treasury","Internal Revenue Service, Department of the Treasury",Income Tax,Income Taxes,other,other,generally-accepted-accounting,False,False,https://www.ecfr.gov/current/title-26/section-1.861-9,2026-09-11,,false
26,Section,1,1.864-4,,26 C.F.R. 1.864-4,U.S. source income effectively connected with U.S. business.,"Internal Revenue Service, Department of the Treasury","Internal Revenue Service, Department of the Treasury",Income Tax,Income Taxes,binding,binding,generally-accepted-accounting,False,False,https://www.ecfr.gov/current/title-26/section-1.864-4,2026-09-11,,false
26,Section,1,1.897-1,,26 C.F.R. 1.897-1,"Taxation of foreign investment in United States real property interests, definition of terms.","Internal Revenue Service, Department of the Treasury","Internal Revenue Service, Department of the Treasury",Income Tax,Income Taxes,binding,binding,generally-accepted-accounting,False,False,https://www.ecfr.gov/current/title-26/section-1.897-1,2026-09-11,,false
26,Section,1,1.897-1,,26 C.F.R. 1.897-1,"Taxation of foreign investment in United States real property interests, definition of terms.","Internal Revenue Service, Department of the Treasury","Internal Revenue Service, Department of the Treasury",Income Tax,Income Taxes,permissive,binding,generally-accepted-accounting,False,False,https://www.ecfr.gov/current/title-26/section-1.897-1,2026-09-11,,false
26,Section,1,1.897-2,,26 C.F.R. 1.897-2,United States real property holding corporations.,"Internal Revenue Service, Department of the Treasury","Internal Revenue Service, Department of the Treasury",Income Tax,Income Taxes,binding,binding,generally-accepted-accounting,False,False,https://www.ecfr.gov/current/title-26/section-1.897-2,2026-09-11,,false
26,Section,1,1.897-2,,26 C.F.R. 1.897-2,United States real property holding corporations.,"Internal Revenue Service, Department of the Treasury","Internal Revenue Service, Department of the Treasury",Income Tax,Income Taxes,binding,binding,generally-accepted-accounting,False,False,https://www.ecfr.gov/current/title-26/section-1.897-2,2026-09-11,,false
26,Section,1,1.952-2,,26 C.F.R. 1.952-2,Determination of gross income and taxable income of a foreign corporation.,"Internal Revenue Service, Department of the Treasury","Internal Revenue Service, Department of the Treasury",Income Tax,Income Taxes,other,other,accounting,False,False,https://www.ecfr.gov/current/title-26/section-1.952-2,2026-09-11,,false
26,Section,1,1.964-1,,26 C.F.R. 1.964-1,Determination of the earnings and profits of a foreign corporation.,"Internal Revenue Service, Department of the Treasury","Internal Revenue Service, Department of the Treasury",Income Tax,Income Taxes,binding,binding,accounting,False,False,https://www.ecfr.gov/current/title-26/section-1.964-1,2026-09-11,,false
26,Section,1,1.964-1,,26 C.F.R. 1.964-1,Determination of the earnings and profits of a foreign corporation.,"Internal Revenue Service, Department of the Treasury","Internal Revenue Service, Department of the Treasury",Income Tax,Income Taxes,other,binding,accounting,False,False,https://www.ecfr.gov/current/title-26/section-1.964-1,2026-09-11,,false
26,Section,1,1.964-1,,26 C.F.R. 1.964-1,Determination of the earnings and profits of a foreign corporation.,"Internal Revenue Service, Department of the Treasury","Internal Revenue Service, Department of the Treasury",Income Tax,Income Taxes,other,binding,accounting,False,False,https://www.ecfr.gov/current/title-26/section-1.964-1,2026-09-11,,false
26,Section,1,1.985-1,,26 C.F.R. 1.985-1,Functional currency.,"Internal Revenue Service, Department of the Treasury","Internal Revenue Service, Department of the Treasury",Income Tax,Income Taxes,permissive,permissive,GAAP;generally-accepted-accounting,False,False,https://www.ecfr.gov/current/title-26/section-1.985-1,2026-09-11,,false
26,Section,1,1.985-1,,26 C.F.R. 1.985-1,Functional currency.,"Internal Revenue Service, Department of the Treasury","Internal Revenue Service, Department of the Treasury",Income Tax,Income Taxes,other,permissive,GAAP;generally-accepted-accounting,False,False,https://www.ecfr.gov/current/title-26/section-1.985-1,2026-09-11,,false
26,Section,1,1.985-1,,26 C.F.R. 1.985-1,Functional currency.,"Internal Revenue Service, Department of the Treasury","Internal Revenue Service, Department of the Treasury",Income Tax,Income Taxes,other,permissive,GAAP;generally-accepted-accounting,False,False,https://www.ecfr.gov/current/title-26/section-1.985-1,2026-09-11,,false
26,Section,1,1.985-1,,26 C.F.R. 1.985-1,Functional currency.,"Internal Revenue Service, Department of the Treasury","Internal Revenue Service, Department of the Treasury",Income Tax,Income Taxes,other,permissive,GAAP;generally-accepted-accounting,False,False,https://www.ecfr.gov/current/title-26/section-1.985-1,2026-09-11,,false
26,Section,1,1.985-1,,26 C.F.R. 1.985-1,Functional currency.,"Internal Revenue Service, Department of the Treasury","Internal Revenue Service, Department of the Treasury",Income Tax,Income Taxes,other,permissive,GAAP;generally-accepted-accounting,False,False,https://www.ecfr.gov/current/title-26/section-1.985-1,2026-09-11,,false
26,Section,1,1.985-1,,26 C.F.R. 1.985-1,Functional currency.,"Internal Revenue Service, Department of the Treasury","Internal Revenue Service, Department of the Treasury",Income Tax,Income Taxes,other,permissive,GAAP;generally-accepted-accounting,False,False,https://www.ecfr.gov/current/title-26/section-1.985-1,2026-09-11,,false
26,Section,1,1.985-1,,26 C.F.R. 1.985-1,Functional currency.,"Internal Revenue Service, Department of the Treasury","Internal Revenue Service, Department of the Treasury",Income Tax,Income Taxes,other,permissive,GAAP;generally-accepted-accounting,False,False,https://www.ecfr.gov/current/title-26/section-1.985-1,2026-09-11,,false
26,Section,1,1.985-1,,26 C.F.R. 1.985-1,Functional currency.,"Internal Revenue Service, Department of the Treasury","Internal Revenue Service, Department of the Treasury",Income Tax,Income Taxes,other,permissive,GAAP;generally-accepted-accounting,False,False,https://www.ecfr.gov/current/title-26/section-1.985-1,2026-09-11,,false
26,Section,1,1.985-3,,26 C.F.R. 1.985-3,United States dollar approximate separate transactions method.,"Internal Revenue Service, Department of the Treasury","Internal Revenue Service, Department of the Treasury",Income Tax,Income Taxes,other,binding,generally-accepted-accounting,False,False,https://www.ecfr.gov/current/title-26/section-1.985-3,2026-09-11,,false
26,Section,1,1.985-3,,26 C.F.R. 1.985-3,United States dollar approximate separate transactions method.,"Internal Revenue Service, Department of the Treasury","Internal Revenue Service, Department of the Treasury",Income Tax,Income Taxes,binding,binding,generally-accepted-accounting,False,False,https://www.ecfr.gov/current/title-26/section-1.985-3,2026-09-11,,false
26,Section,1,1.985-4,,26 C.F.R. 1.985-4,Method of accounting.,"Internal Revenue Service, Department of the Treasury","Internal Revenue Service, Department of the Treasury",Income Tax,Income Taxes,other,binding,GAAP;generally-accepted-accounting,False,False,https://www.ecfr.gov/current/title-26/section-1.985-4,2026-09-11,,false
26,Section,1,1.985-4,,26 C.F.R. 1.985-4,Method of accounting.,"Internal Revenue Service, Department of the Treasury","Internal Revenue Service, Department of the Treasury",Income Tax,Income Taxes,binding,binding,GAAP;generally-accepted-accounting,False,False,https://www.ecfr.gov/current/title-26/section-1.985-4,2026-09-11,,false
26,Section,1,1.987-0,,26 C.F.R. 1.987-0,Table of contents.,"Internal Revenue Service, Department of the Treasury","Internal Revenue Service, Department of the Treasury",Income Tax,Income Taxes,other,other,generally-accepted-accounting,False,False,https://www.ecfr.gov/current/title-26/section-1.987-0,2026-09-11,,false
26,Section,1,1.987-14,,26 C.F.R. 1.987-14,Section 987 hedging transactions.,"Internal Revenue Service, Department of the Treasury","Internal Revenue Service, Department of the Treasury",Income Tax,Income Taxes,other,binding,generally-accepted-accounting,False,False,https://www.ecfr.gov/current/title-26/section-1.987-14,2026-09-11,,false
26,Section,1,1.987-14,,26 C.F.R. 1.987-14,Section 987 hedging transactions.,"Internal Revenue Service, Department of the Treasury","Internal Revenue Service, Department of the Treasury",Income Tax,Income Taxes,binding,binding,generally-accepted-accounting,False,False,https://www.ecfr.gov/current/title-26/section-1.987-14,2026-09-11,,false
26,Section,1,1.987-14,,26 C.F.R. 1.987-14,Section 987 hedging transactions.,"Internal Revenue Service, Department of the Treasury","Internal Revenue Service, Department of the Treasury",Income Tax,Income Taxes,other,binding,generally-accepted-accounting,False,False,https://www.ecfr.gov/current/title-26/section-1.987-14,2026-09-11,,false
26,Section,1,1.987-1,,26 C.F.R. 1.987-1,"Scope, definitions, and special rules.","Internal Revenue Service, Department of the Treasury","Internal Revenue Service, Department of the Treasury",Income Tax,Income Taxes,other,definition,Financial Accounting Standards Board;accounting;generally-accepted-accounting,False,False,https://www.ecfr.gov/current/title-26/section-1.987-1,2026-09-11,,false
26,Section,1,1.987-1,,26 C.F.R. 1.987-1,"Scope, definitions, and special rules.","Internal Revenue Service, Department of the Treasury","Internal Revenue Service, Department of the Treasury",Income Tax,Income Taxes,definition,definition,Financial Accounting Standards Board;accounting;generally-accepted-accounting,False,False,https://www.ecfr.gov/current/title-26/section-1.987-1,2026-09-11,,true
26,Section,1,1.987-2,,26 C.F.R. 1.987-2,Attribution of items to eligible QBUs; definition of a transfer and related rules.,"Internal Revenue Service, Department of the Treasury","Internal Revenue Service, Department of the Treasury",Income Tax,Income Taxes,binding,binding,generally-accepted-accounting,False,False,https://www.ecfr.gov/current/title-26/section-1.987-2,2026-09-11,,false
26,Section,1,1.988-1,,26 C.F.R. 1.988-1,Certain definitions and special rules.,"Internal Revenue Service, Department of the Treasury","Internal Revenue Service, Department of the Treasury",Income Tax,Income Taxes,permissive,permissive,generally-accepted-accounting,False,False,https://www.ecfr.gov/current/title-26/section-1.988-1,2026-09-11,,false
26,Section,301,301.7705-2,,26 C.F.R. 301.7705-2,CPEO certification process.,"Internal Revenue Service, Department of the Treasury","Internal Revenue Service, Department of the Treasury",Procedure and Administration,Procedure and Administration,binding,binding,GAAP;generally-accepted-accounting,False,False,https://www.ecfr.gov/current/title-26/section-301.7705-2,2026-09-11,,false
26,Section,301,301.7705-2,,26 C.F.R. 301.7705-2,CPEO certification process.,"Internal Revenue Service, Department of the Treasury","Internal Revenue Service, Department of the Treasury",Procedure and Administration,Procedure and Administration,permissive,binding,GAAP;generally-accepted-accounting,False,False,https://www.ecfr.gov/current/title-26/section-301.7705-2,2026-09-11,,false
26,Section,53,53.4960-3,,26 C.F.R. 53.4960-3,Determination of whether there is a parachute payment.,"Internal Revenue Service, Department of the Treasury","Internal Revenue Service, Department of the Treasury",Miscellaneous Excise Taxes,Foundation and Similar Excise Taxes,binding,binding,generally-accepted-accounting,False,False,https://www.ecfr.gov/current/title-26/section-53.4960-3,2026-09-11,,false
27,Section,19,19.73,,27 C.F.R. 19.73,Information required in application for registration.,"Alcohol and Tobacco Tax and Trade Bureau, Department of the Treasury","Alcohol and Tobacco Tax and Trade Bureau, Department of the Treasury",Alcohol,Distilled Spirits Plants,binding,binding,generally-accepted-accounting,False,False,https://www.ecfr.gov/current/title-27/section-19.73,2026-09-11,,false
28,Section,0,0.75,,28 C.F.R. 0.75,Policy functions.,Department of Justice,Department of Justice,,Organization of the Department of Justice,other,other,generally-accepted-accounting,False,False,https://www.ecfr.gov/current/title-28/section-0.75,2026-09-11,,false
28,Section,58,58.12,,28 C.F.R. 58.12,Definitions.,Department of Justice,Department of Justice,,Regulations Relating to the Bankruptcy Reform Acts of 1978 and 1994,binding,binding,generally-accepted-accounting,False,False,https://www.ecfr.gov/current/title-28/section-58.12,2026-09-11,,false
28,Section,58,58.23,,28 C.F.R. 58.23,Minimum financial requirements and bonding and insurance requirements for agencies offering debt repayment plans.,Department of Justice,Department of Justice,,Regulations Relating to the Bankruptcy Reform Acts of 1978 and 1994,binding,binding,generally-accepted-accounting,False,False,https://www.ecfr.gov/current/title-28/section-58.23,2026-09-11,,false
28,Section,58,58.8,,28 C.F.R. 58.8,Uniform Periodic Reports in Cases Filed Under Chapter 11 of Title 11.,Department of Justice,Department of Justice,,Regulations Relating to the Bankruptcy Reform Acts of 1978 and 1994,binding,binding,Accounting Standards Codification;GAAP;generally-accepted-accounting,False,False,https://www.ecfr.gov/current/title-28/section-58.8,2026-09-11,2026-09-11,false
28,Section,58,58.8,,28 C.F.R. 58.8,Uniform Periodic Reports in Cases Filed Under Chapter 11 of Title 11.,Department of Justice,Department of Justice,,Regulations Relating to the Bankruptcy Reform Acts of 1978 and 1994,binding,binding,Accounting Standards Codification;GAAP;generally-accepted-accounting,False,False,https://www.ecfr.gov/current/title-28/section-58.8,2026-09-11,2026-09-11,true
29,Section,2520,2520.103-1,,29 C.F.R. 2520.103-1,Contents of the annual report.,"Employee Benefits Security Administration, Department of Labor","Employee Benefits Security Administration, Department of Labor",Reporting and Disclosure Under the Employee Retirement Income Security Act of 1974,Rules and Regulations for Reporting and Disclosure,binding,binding,generally-accepted-accounting,False,False,https://www.ecfr.gov/current/title-29/section-2520.103-1,2026-09-11,,false
29,Section,2520,2520.103-2,,29 C.F.R. 2520.103-2,Contents of the annual report for a group insurance arrangement.,"Employee Benefits Security Administration, Department of Labor","Employee Benefits Security Administration, Department of Labor",Reporting and Disclosure Under the Employee Retirement Income Security Act of 1974,Rules and Regulations for Reporting and Disclosure,binding,binding,generally-accepted-accounting,False,False,https://www.ecfr.gov/current/title-29/section-2520.103-2,2026-09-11,,false
29,Section,4043,4043.31,,29 C.F.R. 4043.31,Extraordinary dividend or stock redemption.,Pension Benefit Guaranty Corporation,Pension Benefit Guaranty Corporation,Plan Terminations,Reportable Events and Certain Other Notification Requirements,binding,binding,generally-accepted-accounting,False,False,https://www.ecfr.gov/current/title-29/section-4043.31,2026-09-11,,false
29,Section,4044,4044.41,,29 C.F.R. 4044.41,General valuation rules.,Pension Benefit Guaranty Corporation,Pension Benefit Guaranty Corporation,Plan Terminations,Allocation of Assets in Single-Employer Plans,binding,binding,GAAP;U.S. GAAP;accounting,False,False,https://www.ecfr.gov/current/title-29/section-4044.41,2026-09-11,,false
29,Section,4044,4044.41,,29 C.F.R. 4044.41,General valuation rules.,Pension Benefit Guaranty Corporation,Pension Benefit Guaranty Corporation,Plan Terminations,Allocation of Assets in Single-Employer Plans,other,binding,GAAP;U.S. GAAP;accounting,False,False,https://www.ecfr.gov/current/title-29/section-4044.41,2026-09-11,,false
29,Section,4062,4062.4,,29 C.F.R. 4062.4,Determinations of net worth and collective net worth.,Pension Benefit Guaranty Corporation,Pension Benefit Guaranty Corporation,Liability,Liability for Termination of Single-Employer Plans,binding,binding,GAAP;U.S. GAAP;accounting,False,False,https://www.ecfr.gov/current/title-29/section-4062.4,2026-09-11,,false
29,Section,4062,4062.4,,29 C.F.R. 4062.4,Determinations of net worth and collective net worth.,Pension Benefit Guaranty Corporation,Pension Benefit Guaranty Corporation,Liability,Liability for Termination of Single-Employer Plans,other,binding,GAAP;U.S. GAAP;accounting,False,False,https://www.ecfr.gov/current/title-29/section-4062.4,2026-09-11,,false
29,Section,4204,4204.2,,29 C.F.R. 4204.2,Definitions.,Pension Benefit Guaranty Corporation,Pension Benefit Guaranty Corporation,Withdrawal Liability for Multiemployer Plans,Variances for Sale of Assets,definition,definition,generally-accepted-accounting,False,False,https://www.ecfr.gov/current/title-29/section-4204.2,2026-09-11,,false
29,Section,4204,4204.2,,29 C.F.R. 4204.2,Definitions.,Pension Benefit Guaranty Corporation,Pension Benefit Guaranty Corporation,Withdrawal Liability for Multiemployer Plans,Variances for Sale of Assets,definition,definition,generally-accepted-accounting,False,False,https://www.ecfr.gov/current/title-29/section-4204.2,2026-09-11,,false
2,Appendix,200,,Appendix V to Part 200,"2 C.F.R. pt. 200, Appendix V to Part 200",,Office of Management and Budget Guidance,Office of Management and Budget Guidance,,"Uniform Administrative Requirements, Cost Principles, and Audit Requirements for Federal Awards",other,other,GAAP,True,False,https://www.ecfr.gov/current/title-2/part-200,2026-09-11,,false
2,Appendix,300,,Appendix IX to Part 300,"2 C.F.R. pt. 300, Appendix IX to Part 300",,Department of Health and Human Services,Department of Health and Human Services,,"Uniform Administrative Requirements, Cost Principles, and Audit Requirements for Federal Awards",other,other,generally-accepted-accounting,True,False,https://www.ecfr.gov/current/title-2/part-300,2026-09-11,,false
2,Appendix,300,,Appendix IX to Part 300,"2 C.F.R. pt. 300, Appendix IX to Part 300",,Department of Health and Human Services,Department of Health and Human Services,,"Uniform Administrative Requirements, Cost Principles, and Audit Requirements for Federal Awards",other,other,generally-accepted-accounting,True,False,https://www.ecfr.gov/current/title-2/part-300,2026-09-11,,false
2,Section,1108,1108.20,,2 C.F.R. 1108.20,Acquisition cost.,Department of Defense,Department of Defense,General Matters and Definitions,Definitions of Terms Used in Subchapters a Through F of This Chapter,binding,binding,GAAP;generally-accepted-accounting,False,False,https://www.ecfr.gov/current/title-2/section-1108.20,2026-09-11,,false
2,Section,1108,1108.75,,2 C.F.R. 1108.75,Capital asset.,Department of Defense,Department of Defense,General Matters and Definitions,Definitions of Terms Used in Subchapters a Through F of This Chapter,binding,binding,GAAP,False,False,https://www.ecfr.gov/current/title-2/section-1108.75,2026-09-11,,false
2,Section,1402,1402.102,,2 C.F.R. 1402.102,Are there any exceptions to this part?,Department of the Interior,Department of the Interior,,"Financial Assistance Interior Regulation, Supplementing the Uniform Administrative Requirements, Cost Principles, and Audit Requirements for Federal Awards",permissive,permissive,GAAP;generally-accepted-accounting,False,False,https://www.ecfr.gov/current/title-2/section-1402.102,2026-09-11,,false
2,Section,200,200.0,,2 C.F.R. 200.0,Acronyms.,Office of Management and Budget Guidance,Office of Management and Budget Guidance,,"Uniform Administrative Requirements, Cost Principles, and Audit Requirements for Federal Awards",other,other,FASB;Financial Accounting Standards Board;GAAP;generally-accepted-accounting,False,False,https://www.ecfr.gov/current/title-2/section-200.0,2026-09-11,,true
2,Section,200,200.1,,2 C.F.R. 200.1,Definitions.,Office of Management and Budget Guidance,Office of Management and Budget Guidance,,"Uniform Administrative Requirements, Cost Principles, and Audit Requirements for Federal Awards",binding,binding,FASB;Financial Accounting Standards Board;GAAP;generally-accepted-accounting,False,False,https://www.ecfr.gov/current/title-2/section-200.1,2026-09-11,,false
2,Section,200,200.1,,2 C.F.R. 200.1,Definitions.,Office of Management and Budget Guidance,Office of Management and Budget Guidance,,"Uniform Administrative Requirements, Cost Principles, and Audit Requirements for Federal Awards",binding,binding,FASB;Financial Accounting Standards Board;GAAP;generally-accepted-accounting,False,False,https://www.ecfr.gov/current/title-2/section-200.1,2026-09-11,,false
2,Section,200,200.1,,2 C.F.R. 200.1,Definitions.,Office of Management and Budget Guidance,Office of Management and Budget Guidance,,"Uniform Administrative Requirements, Cost Principles, and Audit Requirements for Federal Awards",other,binding,FASB;Financial Accounting Standards Board;GAAP;generally-accepted-accounting,False,False,https://www.ecfr.gov/current/title-2/section-200.1,2026-09-11,,true
2,Section,200,200.1,,2 C.F.R. 200.1,Definitions.,Office of Management and Budget Guidance,Office of Management and Budget Guidance,,"Uniform Administrative Requirements, Cost Principles, and Audit Requirements for Federal Awards",other,binding,FASB;Financial Accounting Standards Board;GAAP;generally-accepted-accounting,False,False,https://www.ecfr.gov/current/title-2/section-200.1,2026-09-11,,true
2,Section,200,200.1,,2 C.F.R. 200.1,Definitions.,Office of Management and Budget Guidance,Office of Management and Budget Guidance,,"Uniform Administrative Requirements, Cost Principles, and Audit Requirements for Federal Awards",definition,binding,FASB;Financial Accounting Standards Board;GAAP;generally-accepted-accounting,False,False,https://www.ecfr.gov/current/title-2/section-200.1,2026-09-11,,true
2,Section,200,200.403,,2 C.F.R. 200.403,Factors affecting allowability of costs.,Office of Management and Budget Guidance,Office of Management and Budget Guidance,,"Uniform Administrative Requirements, Cost Principles, and Audit Requirements for Federal Awards",binding,binding,GAAP;generally-accepted-accounting,False,False,https://www.ecfr.gov/current/title-2/section-200.403,2026-09-11,2026-09-11,false
2,Section,200,200.431,,2 C.F.R. 200.431,Compensation—fringe benefits.,Office of Management and Budget Guidance,Office of Management and Budget Guidance,,"Uniform Administrative Requirements, Cost Principles, and Audit Requirements for Federal Awards",permissive,binding,GAAP,False,False,https://www.ecfr.gov/current/title-2/section-200.431,2026-09-11,,false
2,Section,200,200.431,,2 C.F.R. 200.431,Compensation—fringe benefits.,Office of Management and Budget Guidance,Office of Management and Budget Guidance,,"Uniform Administrative Requirements, Cost Principles, and Audit Requirements for Federal Awards",binding,binding,GAAP,False,False,https://www.ecfr.gov/current/title-2/section-200.431,2026-09-11,,false
2,Section,200,200.431,,2 C.F.R. 200.431,Compensation—fringe benefits.,Office of Management and Budget Guidance,Office of Management and Budget Guidance,,"Uniform Administrative Requirements, Cost Principles, and Audit Requirements for Federal Awards",permissive,binding,GAAP,False,False,https://www.ecfr.gov/current/title-2/section-200.431,2026-09-11,,false
2,Section,200,200.431,,2 C.F.R. 200.431,Compensation—fringe benefits.,Office of Management and Budget Guidance,Office of Management and Budget Guidance,,"Uniform Administrative Requirements, Cost Principles, and Audit Requirements for Federal Awards",other,binding,GAAP,False,False,https://www.ecfr.gov/current/title-2/section-200.431,2026-09-11,,false
2,Section,200,200.431,,2 C.F.R. 200.431,Compensation—fringe benefits.,Office of Management and Budget Guidance,Office of Management and Budget Guidance,,"Uniform Administrative Requirements, Cost Principles, and Audit Requirements for Federal Awards",binding,binding,GAAP,False,False,https://www.ecfr.gov/current/title-2/section-200.431,2026-09-11,,false
2,Section,200,200.431,,2 C.F.R. 200.431,Compensation—fringe benefits.,Office of Management and Budget Guidance,Office of Management and Budget Guidance,,"Uniform Administrative Requirements, Cost Principles, and Audit Requirements for Federal Awards",permissive,binding,GAAP,False,False,https://www.ecfr.gov/current/title-2/section-200.431,2026-09-11,,false
2,Section,200,200.431,,2 C.F.R. 200.431,Compensation—fringe benefits.,Office of Management and Budget Guidance,Office of Management and Budget Guidance,,"Uniform Administrative Requirements, Cost Principles, and Audit Requirements for Federal Awards",other,binding,GAAP,False,False,https://www.ecfr.gov/current/title-2/section-200.431,2026-09-11,,false
2,Section,200,200.431,,2 C.F.R. 200.431,Compensation—fringe benefits.,Office of Management and Budget Guidance,Office of Management and Budget Guidance,,"Uniform Administrative Requirements, Cost Principles, and Audit Requirements for Federal Awards",binding,binding,GAAP,False,False,https://www.ecfr.gov/current/title-2/section-200.431,2026-09-11,,false
2,Section,200,200.436,,2 C.F.R. 200.436,Depreciation.,Office of Management and Budget Guidance,Office of Management and Budget Guidance,,"Uniform Administrative Requirements, Cost Principles, and Audit Requirements for Federal Awards",permissive,permissive,GAAP,False,False,https://www.ecfr.gov/current/title-2/section-200.436,2026-09-11,,false
2,Section,200,200.449,,2 C.F.R. 200.449,Interest.,Office of Management and Budget Guidance,Office of Management and Budget Guidance,,"Uniform Administrative Requirements, Cost Principles, and Audit Requirements for Federal Awards",binding,binding,GAAP,False,False,https://www.ecfr.gov/current/title-2/section-200.449,2026-09-11,,false
2,Section,200,200.449,,2 C.F.R. 200.449,Interest.,Office of Management and Budget Guidance,Office of Management and Budget Guidance,,"Uniform Administrative Requirements, Cost Principles, and Audit Requirements for Federal Awards",binding,binding,GAAP,False,False,https://www.ecfr.gov/current/title-2/section-200.449,2026-09-11,,false
2,Section,200,200.449,,2 C.F.R. 200.449,Interest.,Office of Management and Budget Guidance,Office of Management and Budget Guidance,,"Uniform Administrative Requirements, Cost Principles, and Audit Requirements for Federal Awards",binding,binding,GAAP,False,False,https://www.ecfr.gov/current/title-2/section-200.449,2026-09-11,,false
2,Section,200,200.465,,2 C.F.R. 200.465,Rental costs of real property and equipment.,Office of Management and Budget Guidance,Office of Management and Budget Guidance,,"Uniform Administrative Requirements, Cost Principles, and Audit Requirements for Federal Awards",binding,binding,FASB;GAAP,False,False,https://www.ecfr.gov/current/title-2/section-200.465,2026-09-11,,true
2,Section,200,200.465,,2 C.F.R. 200.465,Rental costs of real property and equipment.,Office of Management and Budget Guidance,Office of Management and Budget Guidance,,"Uniform Administrative Requirements, Cost Principles, and Audit Requirements for Federal Awards",binding,binding,FASB;GAAP,False,False,https://www.ecfr.gov/current/title-2/section-200.465,2026-09-11,,true
2,Section,200,200.470,,2 C.F.R. 200.470,Taxes (including Value Added Tax).,Office of Management and Budget Guidance,Office of Management and Budget Guidance,,"Uniform Administrative Requirements, Cost Principles, and Audit Requirements for Federal Awards",binding,binding,GAAP,False,False,https://www.ecfr.gov/current/title-2/section-200.470,2026-09-11,,false
2,Section,200,200.514,,2 C.F.R. 200.514,Standards and scope of audit.,Office of Management and Budget Guidance,Office of Management and Budget Guidance,,"Uniform Administrative Requirements, Cost Principles, and Audit Requirements for Federal Awards",binding,binding,generally-accepted-accounting,False,False,https://www.ecfr.gov/current/title-2/section-200.514,2026-09-11,,false
2,Section,200,200.515,,2 C.F.R. 200.515,Audit reporting.,Office of Management and Budget Guidance,Office of Management and Budget Guidance,,"Uniform Administrative Requirements, Cost Principles, and Audit Requirements for Federal Awards",binding,binding,GAAP;generally-accepted-accounting,False,False,https://www.ecfr.gov/current/title-2/section-200.515,2026-09-11,,false
2,Section,200,200.515,,2 C.F.R. 200.515,Audit reporting.,Office of Management and Budget Guidance,Office of Management and Budget Guidance,,"Uniform Administrative Requirements, Cost Principles, and Audit Requirements for Federal Awards",binding,binding,GAAP;generally-accepted-accounting,False,False,https://www.ecfr.gov/current/title-2/section-200.515,2026-09-11,,false
2,Section,200,200.520,,2 C.F.R. 200.520,Criteria for a low-risk auditee.,Office of Management and Budget Guidance,Office of Management and Budget Guidance,,"Uniform Administrative Requirements, Cost Principles, and Audit Requirements for Federal Awards",binding,binding,generally-accepted-accounting,False,False,https://www.ecfr.gov/current/title-2/section-200.520,2026-09-11,,false
2,Section,910,910.515,,2 C.F.R. 910.515,Audit reporting.,Department of Energy,Department of Energy,,"Uniform Administrative Requirements, Cost Principles, and Audit Requirements for Federal Awards",binding,binding,GAAP;generally-accepted-accounting,False,False,https://www.ecfr.gov/current/title-2/section-910.515,2026-09-11,,false
2,Section,910,910.515,,2 C.F.R. 910.515,Audit reporting.,Department of Energy,Department of Energy,,"Uniform Administrative Requirements, Cost Principles, and Audit Requirements for Federal Awards",binding,binding,GAAP;generally-accepted-accounting,False,False,https://www.ecfr.gov/current/title-2/section-910.515,2026-09-11,,false
2,Section,910,910.520,,2 C.F.R. 910.520,Criteria for a low-risk auditee.,Department of Energy,Department of Energy,,"Uniform Administrative Requirements, Cost Principles, and Audit Requirements for Federal Awards",binding,binding,GAAP,False,False,https://www.ecfr.gov/current/title-2/section-910.520,2026-09-11,,false
30,Section,1206,1206.161,,30 C.F.R. 1206.161,How do I determine a processing allowance if I have a non-arm's-length processing contract?,"Office of Natural Resources Revenue, Department of the Interior","Office of Natural Resources Revenue, Department of the Interior",Natural Resources Revenue,Product Valuation,binding,binding,generally-accepted-accounting,False,False,https://www.ecfr.gov/current/title-30/section-1206.161,2026-09-11,,false
30,Section,1206,1206.180,,30 C.F.R. 1206.180,How do I determine an actual processing allowance?,"Office of Natural Resources Revenue, Department of the Interior","Office of Natural Resources Revenue, Department of the Interior",Natural Resources Revenue,Product Valuation,binding,binding,generally-accepted-accounting,False,False,https://www.ecfr.gov/current/title-30/section-1206.180,2026-09-11,,false
30,Section,1220,1220.011,,30 C.F.R. 1220.011,Schedule of allowable direct and allocable joint costs and credits.,"Office of Natural Resources Revenue, Department of the Interior","Office of Natural Resources Revenue, Department of the Interior",Natural Resources Revenue,Accounting Procedures for Determining Net Profit Share Payment for Outer Continental Shelf Oil and Gas Leases,permissive,permissive,generally-accepted-accounting,False,False,https://www.ecfr.gov/current/title-30/section-1220.011,2026-09-11,,false
30,Section,1227,1227.200,,30 C.F.R. 1227.200,What are a State's general responsibilities if it accepts a delegation?,"Office of Natural Resources Revenue, Department of the Interior","Office of Natural Resources Revenue, Department of the Interior",Natural Resources Revenue,Delegation to States,binding,binding,GAAP;generally-accepted-accounting,False,False,https://www.ecfr.gov/current/title-30/section-1227.200,2026-09-11,,false
30,Section,1229,1229.121,,30 C.F.R. 1229.121,Recordkeeping requirements.,"Office of Natural Resources Revenue, Department of the Interior","Office of Natural Resources Revenue, Department of the Interior",Natural Resources Revenue,Delegation to States,binding,binding,generally-accepted-accounting,False,False,https://www.ecfr.gov/current/title-30/section-1229.121,2026-09-11,,false
30,Section,553,553.23,,30 C.F.R. 553.23,What information must I submit to support my net worth demonstration?,"Bureau of Ocean Energy Management, Department of the Interior","Bureau of Ocean Energy Management, Department of the Interior",Offshore,Oil Spill Financial Responsibility for Offshore Facilities,binding,binding,GAAP,False,False,https://www.ecfr.gov/current/title-30/section-553.23,2026-09-11,,false
30,Section,725,725.22,,30 C.F.R. 725.22,Financial management.,"Office of Surface Mining Reclamation and Enforcement, Department of the Interior","Office of Surface Mining Reclamation and Enforcement, Department of the Interior",Initial Program Regulations,Reimbursements to States,binding,binding,generally-accepted-accounting,False,False,https://www.ecfr.gov/current/title-30/section-725.22,2026-09-11,,false
30,Section,735,735.25,,30 C.F.R. 735.25,Financial management.,"Office of Surface Mining Reclamation and Enforcement, Department of the Interior","Office of Surface Mining Reclamation and Enforcement, Department of the Interior",Permanent Regulatory Programs for Non-Federal and Non-Indian Lands,Grants for Program Development and Administration and Enforcement,binding,binding,generally-accepted-accounting,False,False,https://www.ecfr.gov/current/title-30/section-735.25,2026-09-11,,false
30,Section,800,800.23,,30 C.F.R. 800.23,Self-bonding.,"Office of Surface Mining Reclamation and Enforcement, Department of the Interior","Office of Surface Mining Reclamation and Enforcement, Department of the Interior","Performance Bond, Financial Assurance, and Insurance Requirements for Surface Coal Mining and Reclamation Operations",Bond and Insurance Requirements for Surface Coal Mining and Reclamation Operations Under Regulatory Programs,other,other,generally-accepted-accounting,False,False,https://www.ecfr.gov/current/title-30/section-800.23,2026-09-11,,false
31,Appendix,148,,Appendix A to Part 148,"31 C.F.R. pt. 148, Appendix A to Part 148",,"Monetary Offices, Department of the Treasury","Monetary Offices, Department of the Treasury",,Qualified Financial Contracts Recordkeeping Related to the FDIC Orderly Liquidation Authority,other,other,GAAP,True,False,https://www.ecfr.gov/current/title-31/part-148,2026-09-11,,false
31,Section,148,148.2,,31 C.F.R. 148.2,Definitions.,"Monetary Offices, Department of the Treasury","Monetary Offices, Department of the Treasury",,Qualified Financial Contracts Recordkeeping Related to the FDIC Orderly Liquidation Authority,binding,binding,generally-accepted-accounting,False,False,https://www.ecfr.gov/current/title-31/section-148.2,2026-09-11,,false
31,Section,148,148.2,,31 C.F.R. 148.2,Definitions.,"Monetary Offices, Department of the Treasury","Monetary Offices, Department of the Treasury",,Qualified Financial Contracts Recordkeeping Related to the FDIC Orderly Liquidation Authority,binding,binding,generally-accepted-accounting,False,False,https://www.ecfr.gov/current/title-31/section-148.2,2026-09-11,,false
31,Section,148,148.2,,31 C.F.R. 148.2,Definitions.,"Monetary Offices, Department of the Treasury","Monetary Offices, Department of the Treasury",,Qualified Financial Contracts Recordkeeping Related to the FDIC Orderly Liquidation Authority,binding,binding,generally-accepted-accounting,False,False,https://www.ecfr.gov/current/title-31/section-148.2,2026-09-11,,false
31,Section,148,148.2,,31 C.F.R. 148.2,Definitions.,"Monetary Offices, Department of the Treasury","Monetary Offices, Department of the Treasury",,Qualified Financial Contracts Recordkeeping Related to the FDIC Orderly Liquidation Authority,binding,binding,generally-accepted-accounting,False,False,https://www.ecfr.gov/current/title-31/section-148.2,2026-09-11,,false
31,Section,148,148.2,,31 C.F.R. 148.2,Definitions.,"Monetary Offices, Department of the Treasury","Monetary Offices, Department of the Treasury",,Qualified Financial Contracts Recordkeeping Related to the FDIC Orderly Liquidation Authority,binding,binding,generally-accepted-accounting,False,False,https://www.ecfr.gov/current/title-31/section-148.2,2026-09-11,,false
31,Section,148,148.3,,31 C.F.R. 148.3,"Form, availability and maintenance of records.","Monetary Offices, Department of the Treasury","Monetary Offices, Department of the Treasury",,Qualified Financial Contracts Recordkeeping Related to the FDIC Orderly Liquidation Authority,binding,binding,generally-accepted-accounting,False,False,https://www.ecfr.gov/current/title-31/section-148.3,2026-09-11,,false
31,Section,150,150.3,,31 C.F.R. 150.3,Determination of assessed companies.,"Monetary Offices, Department of the Treasury","Monetary Offices, Department of the Treasury",,Financial Research Fund,permissive,permissive,GAAP;U.S. GAAP;generally-accepted-accounting,False,False,https://www.ecfr.gov/current/title-31/section-150.3,2026-09-11,,false
31,Section,205,205.2,,31 C.F.R. 205.2,What definitions apply to this part?,"Fiscal Service, Department of the Treasury","Fiscal Service, Department of the Treasury",Bureau of the Fiscal Service,Rules and Procedures for Efficient Federal-State Funds Transfers,other,other,generally-accepted-accounting,False,False,https://www.ecfr.gov/current/title-31/section-205.2,2026-09-11,,false
31,Section,800,800.1103,,31 C.F.R. 800.1103,Valuation.,"Office of Investment Security, Department of the Treasury","Office of Investment Security, Department of the Treasury",,Regulations Pertaining to Certain Investments in the United States by Foreign Persons,binding,binding,Financial Accounting Standards Board;GAAP;generally-accepted-accounting,False,False,https://www.ecfr.gov/current/title-31/section-800.1103,2026-09-11,,false
31,Section,800,800.1103,,31 C.F.R. 800.1103,Valuation.,"Office of Investment Security, Department of the Treasury","Office of Investment Security, Department of the Treasury",,Regulations Pertaining to Certain Investments in the United States by Foreign Persons,binding,binding,Financial Accounting Standards Board;GAAP;generally-accepted-accounting,False,False,https://www.ecfr.gov/current/title-31/section-800.1103,2026-09-11,,false
31,Section,800,800.1103,,31 C.F.R. 800.1103,Valuation.,"Office of Investment Security, Department of the Treasury","Office of Investment Security, Department of the Treasury",,Regulations Pertaining to Certain Investments in the United States by Foreign Persons,other,binding,Financial Accounting Standards Board;GAAP;generally-accepted-accounting,False,False,https://www.ecfr.gov/current/title-31/section-800.1103,2026-09-11,,true
31,Section,802,802.1103,,31 C.F.R. 802.1103,Valuation.,"Office of Investment Security, Department of the Treasury","Office of Investment Security, Department of the Treasury",,Regulations Pertaining to Certain Transactions by Foreign Persons Involving Real Estate in the United States,binding,binding,generally-accepted-accounting,False,False,https://www.ecfr.gov/current/title-31/section-802.1103,2026-09-11,,false
32,Section,34,34.11,,32 C.F.R. 34.11,Standards for financial management systems.,Office of the Secretary of Defense,Office of the Secretary of Defense,DoD Grant and Agreement Regulations,Administrative Requirements for Grants and Agreements with For-Profit Organizations,binding,binding,GAAP;generally-accepted-accounting,False,False,https://www.ecfr.gov/current/title-32/section-34.11,2026-09-11,,false
32,Section,37,37.615,,32 C.F.R. 37.615,What standards do I include for financial systems of for-profit firms?,Office of the Secretary of Defense,Office of the Secretary of Defense,DoD Grant and Agreement Regulations,Technology Investment Agreements,other,other,generally-accepted-accounting,False,False,https://www.ecfr.gov/current/title-32/section-37.615,2026-09-11,,false
32,Section,37,37.625,,32 C.F.R. 37.625,What cost principles or standards do I require for for-profit participants?,Office of the Secretary of Defense,Office of the Secretary of Defense,DoD Grant and Agreement Regulations,Technology Investment Agreements,other,binding,FASB;Financial Accounting Standards Board;generally-accepted-accounting,False,False,https://www.ecfr.gov/current/title-32/section-37.625,2026-09-11,,false
32,Section,37,37.625,,32 C.F.R. 37.625,What cost principles or standards do I require for for-profit participants?,Office of the Secretary of Defense,Office of the Secretary of Defense,DoD Grant and Agreement Regulations,Technology Investment Agreements,binding,binding,FASB;Financial Accounting Standards Board;generally-accepted-accounting,False,False,https://www.ecfr.gov/current/title-32/section-37.625,2026-09-11,,true
32,Section,37,37.625,,32 C.F.R. 37.625,What cost principles or standards do I require for for-profit participants?,Office of the Secretary of Defense,Office of the Secretary of Defense,DoD Grant and Agreement Regulations,Technology Investment Agreements,permissive,binding,FASB;Financial Accounting Standards Board;generally-accepted-accounting,False,False,https://www.ecfr.gov/current/title-32/section-37.625,2026-09-11,,true
33,Section,138,138.110,,33 C.F.R. 138.110,How to establish and maintain evidence of financial responsibility.,"Coast Guard, Department of Homeland Security","Coast Guard, Department of Homeland Security",Marine Pollution Financial Responsibility and Compensation,"Evidence of Financial Responsibility for Water Pollution (Vessels) and OPA 90 Limits of Liability (Vessels, Deepwater Ports and Onshore Facilities)",binding,binding,generally-accepted-accounting,False,False,https://www.ecfr.gov/current/title-33/section-138.110,2026-09-11,,false
33,Section,148,148.105,,33 C.F.R. 148.105,What must I include in my application?,"Coast Guard, Department of Homeland Security","Coast Guard, Department of Homeland Security",Deepwater Ports,Deepwater Ports: General,permissive,permissive,generally-accepted-accounting,False,False,https://www.ecfr.gov/current/title-33/section-148.105,2026-09-11,,false
34,Section,668,668.172,,34 C.F.R. 668.172,Financial ratios.,"Office of Postsecondary Education, Department of Education","Office of Postsecondary Education, Department of Education",,Student Assistance General Provisions,other,binding,Accounting Standards Codification;FASB;Financial Accounting Standards Board;generally-accepted-accounting,False,True,https://www.ecfr.gov/current/title-34/section-668.172,2026-09-11,2026-09-11,true
34,Section,668,668.172,,34 C.F.R. 668.172,Financial ratios.,"Office of Postsecondary Education, Department of Education","Office of Postsecondary Education, Department of Education",,Student Assistance General Provisions,binding,binding,Accounting Standards Codification;FASB;Financial Accounting Standards Board;generally-accepted-accounting,False,True,https://www.ecfr.gov/current/title-34/section-668.172,2026-09-11,2026-09-11,false
34,Section,668,668.172,,34 C.F.R. 668.172,Financial ratios.,"Office of Postsecondary Education, Department of Education","Office of Postsecondary Education, Department of Education",,Student Assistance General Provisions,other,binding,Accounting Standards Codification;FASB;Financial Accounting Standards Board;generally-accepted-accounting,False,True,https://www.ecfr.gov/current/title-34/section-668.172,2026-09-11,2026-09-11,true
34,Section,668,668.172,,34 C.F.R. 668.172,Financial ratios.,"Office of Postsecondary Education, Department of Education","Office of Postsecondary Education, Department of Education",,Student Assistance General Provisions,permissive,binding,Accounting Standards Codification;FASB;Financial Accounting Standards Board;generally-accepted-accounting,False,True,https://www.ecfr.gov/current/title-34/section-668.172,2026-09-11,2026-09-11,true
34,Section,668,668.172,,34 C.F.R. 668.172,Financial ratios.,"Office of Postsecondary Education, Department of Education","Office of Postsecondary Education, Department of Education",,Student Assistance General Provisions,other,binding,Accounting Standards Codification;FASB;Financial Accounting Standards Board;generally-accepted-accounting,False,True,https://www.ecfr.gov/current/title-34/section-668.172,2026-09-11,2026-09-11,true
34,Section,668,668.172,,34 C.F.R. 668.172,Financial ratios.,"Office of Postsecondary Education, Department of Education","Office of Postsecondary Education, Department of Education",,Student Assistance General Provisions,other,binding,Accounting Standards Codification;FASB;Financial Accounting Standards Board;generally-accepted-accounting,False,True,https://www.ecfr.gov/current/title-34/section-668.172,2026-09-11,2026-09-11,true
34,Section,668,668.175,,34 C.F.R. 668.175,Alternative standards and requirements.,"Office of Postsecondary Education, Department of Education","Office of Postsecondary Education, Department of Education",,Student Assistance General Provisions,binding,binding,Accounting Standards Codification;FASB;Financial Accounting Standards Board,False,True,https://www.ecfr.gov/current/title-34/section-668.175,2026-09-11,2026-09-11,true
34,Section,668,668.175,,34 C.F.R. 668.175,Alternative standards and requirements.,"Office of Postsecondary Education, Department of Education","Office of Postsecondary Education, Department of Education",,Student Assistance General Provisions,permissive,binding,Accounting Standards Codification;FASB;Financial Accounting Standards Board,False,True,https://www.ecfr.gov/current/title-34/section-668.175,2026-09-11,2026-09-11,true
34,Section,668,668.175,,34 C.F.R. 668.175,Alternative standards and requirements.,"Office of Postsecondary Education, Department of Education","Office of Postsecondary Education, Department of Education",,Student Assistance General Provisions,other,binding,Accounting Standards Codification;FASB;Financial Accounting Standards Board,False,True,https://www.ecfr.gov/current/title-34/section-668.175,2026-09-11,2026-09-11,true
34,Section,668,668.175,,34 C.F.R. 668.175,Alternative standards and requirements.,"Office of Postsecondary Education, Department of Education","Office of Postsecondary Education, Department of Education",,Student Assistance General Provisions,other,binding,Accounting Standards Codification;FASB;Financial Accounting Standards Board,False,True,https://www.ecfr.gov/current/title-34/section-668.175,2026-09-11,2026-09-11,true
34,Section,668,668.176,,34 C.F.R. 668.176,Change in ownership.,"Office of Postsecondary Education, Department of Education","Office of Postsecondary Education, Department of Education",,Student Assistance General Provisions,binding,binding,Financial Accounting Standards Board;GAAP;generally-accepted-accounting,False,False,https://www.ecfr.gov/current/title-34/section-668.176,2026-09-11,,true
34,Section,668,668.23,,34 C.F.R. 668.23,Compliance audits and audited financial statements.,"Office of Postsecondary Education, Department of Education","Office of Postsecondary Education, Department of Education",,Student Assistance General Provisions,binding,binding,Accounting Standards Codification;FASB;Financial Accounting Standards Board;GAAP;generally-accepted-accounting,False,True,https://www.ecfr.gov/current/title-34/section-668.23,2026-09-11,2026-09-11,false
34,Section,668,668.23,,34 C.F.R. 668.23,Compliance audits and audited financial statements.,"Office of Postsecondary Education, Department of Education","Office of Postsecondary Education, Department of Education",,Student Assistance General Provisions,binding,binding,Accounting Standards Codification;FASB;Financial Accounting Standards Board;GAAP;generally-accepted-accounting,False,True,https://www.ecfr.gov/current/title-34/section-668.23,2026-09-11,2026-09-11,true
34,Section,668,668.23,,34 C.F.R. 668.23,Compliance audits and audited financial statements.,"Office of Postsecondary Education, Department of Education","Office of Postsecondary Education, Department of Education",,Student Assistance General Provisions,binding,binding,Accounting Standards Codification;FASB;Financial Accounting Standards Board;GAAP;generally-accepted-accounting,False,True,https://www.ecfr.gov/current/title-34/section-668.23,2026-09-11,2026-09-11,false
34,Section,668,668.23,,34 C.F.R. 668.23,Compliance audits and audited financial statements.,"Office of Postsecondary Education, Department of Education","Office of Postsecondary Education, Department of Education",,Student Assistance General Provisions,binding,binding,Accounting Standards Codification;FASB;Financial Accounting Standards Board;GAAP;generally-accepted-accounting,False,True,https://www.ecfr.gov/current/title-34/section-668.23,2026-09-11,2026-09-11,false
34,Section,668,668.23,,34 C.F.R. 668.23,Compliance audits and audited financial statements.,"Office of Postsecondary Education, Department of Education","Office of Postsecondary Education, Department of Education",,Student Assistance General Provisions,binding,binding,Accounting Standards Codification;FASB;Financial Accounting Standards Board;GAAP;generally-accepted-accounting,False,True,https://www.ecfr.gov/current/title-34/section-668.23,2026-09-11,2026-09-11,false
34,Section,668,668.23,,34 C.F.R. 668.23,Compliance audits and audited financial statements.,"Office of Postsecondary Education, Department of Education","Office of Postsecondary Education, Department of Education",,Student Assistance General Provisions,permissive,binding,Accounting Standards Codification;FASB;Financial Accounting Standards Board;GAAP;generally-accepted-accounting,False,True,https://www.ecfr.gov/current/title-34/section-668.23,2026-09-11,2026-09-11,false
34,Section,668,668.23,,34 C.F.R. 668.23,Compliance audits and audited financial statements.,"Office of Postsecondary Education, Department of Education","Office of Postsecondary Education, Department of Education",,Student Assistance General Provisions,binding,binding,Accounting Standards Codification;FASB;Financial Accounting Standards Board;GAAP;generally-accepted-accounting,False,True,https://www.ecfr.gov/current/title-34/section-668.23,2026-09-11,2026-09-11,false
34,Section,668,668.23,,34 C.F.R. 668.23,Compliance audits and audited financial statements.,"Office of Postsecondary Education, Department of Education","Office of Postsecondary Education, Department of Education",,Student Assistance General Provisions,permissive,binding,Accounting Standards Codification;FASB;Financial Accounting Standards Board;GAAP;generally-accepted-accounting,False,True,https://www.ecfr.gov/current/title-34/section-668.23,2026-09-11,2026-09-11,true
34,Section,668,668.23,,34 C.F.R. 668.23,Compliance audits and audited financial statements.,"Office of Postsecondary Education, Department of Education","Office of Postsecondary Education, Department of Education",,Student Assistance General Provisions,other,binding,Accounting Standards Codification;FASB;Financial Accounting Standards Board;GAAP;generally-accepted-accounting,False,True,https://www.ecfr.gov/current/title-34/section-668.23,2026-09-11,2026-09-11,true
34,Section,668,668.23,,34 C.F.R. 668.23,Compliance audits and audited financial statements.,"Office of Postsecondary Education, Department of Education","Office of Postsecondary Education, Department of Education",,Student Assistance General Provisions,other,binding,Accounting Standards Codification;FASB;Financial Accounting Standards Board;GAAP;generally-accepted-accounting,False,True,https://www.ecfr.gov/current/title-34/section-668.23,2026-09-11,2026-09-11,true
34,Section,668,668.24,,34 C.F.R. 668.24,Record retention and examinations.,"Office of Postsecondary Education, Department of Education","Office of Postsecondary Education, Department of Education",,Student Assistance General Provisions,binding,binding,generally-accepted-accounting,False,False,https://www.ecfr.gov/current/title-34/section-668.24,2026-09-11,,false
36,Section,51,51.51,,36 C.F.R. 51.51,What special terms must I know to understand leasehold surrender interest?,"National Park Service, Department of the Interior","National Park Service, Department of the Interior",,Concession Contracts,binding,binding,GAAP,False,False,https://www.ecfr.gov/current/title-36/section-51.51,2026-09-11,,false
36,Section,51,51.51,,36 C.F.R. 51.51,What special terms must I know to understand leasehold surrender interest?,"National Park Service, Department of the Interior","National Park Service, Department of the Interior",,Concession Contracts,permissive,binding,GAAP,False,False,https://www.ecfr.gov/current/title-36/section-51.51,2026-09-11,,false
36,Section,51,51.51,,36 C.F.R. 51.51,What special terms must I know to understand leasehold surrender interest?,"National Park Service, Department of the Interior","National Park Service, Department of the Interior",,Concession Contracts,permissive,binding,GAAP,False,False,https://www.ecfr.gov/current/title-36/section-51.51,2026-09-11,,false
36,Section,51,51.55,,36 C.F.R. 51.55,What must a concessioner do after substantial completion of the capital improvement?,"National Park Service, Department of the Interior","National Park Service, Department of the Interior",,Concession Contracts,binding,binding,GAAP,False,False,https://www.ecfr.gov/current/title-36/section-51.55,2026-09-11,,false
37,Appendix,385,,Appendix A to Part 385,"37 C.F.R. pt. 385, Appendix A to Part 385",,"Copyright Royalty Board, Library of Congress","Copyright Royalty Board, Library of Congress",Rates and Terms for Statutory Licenses,Rates and Terms for Use of Nondramatic Musical Works in the Making and Distributing of Physical and Digital Phonorecords,definition,binding,GAAP;generally-accepted-accounting,True,False,https://www.ecfr.gov/current/title-37/part-385,2026-09-11,,false
37,Appendix,385,,Appendix A to Part 385,"37 C.F.R. pt. 385, Appendix A to Part 385",,"Copyright Royalty Board, Library of Congress","Copyright Royalty Board, Library of Congress",Rates and Terms for Statutory Licenses,Rates and Terms for Use of Nondramatic Musical Works in the Making and Distributing of Physical and Digital Phonorecords,permissive,binding,GAAP;generally-accepted-accounting,True,False,https://www.ecfr.gov/current/title-37/part-385,2026-09-11,,false
37,Appendix,385,,Appendix A to Part 385,"37 C.F.R. pt. 385, Appendix A to Part 385",,"Copyright Royalty Board, Library of Congress","Copyright Royalty Board, Library of Congress",Rates and Terms for Statutory Licenses,Rates and Terms for Use of Nondramatic Musical Works in the Making and Distributing of Physical and Digital Phonorecords,definition,binding,GAAP;generally-accepted-accounting,True,False,https://www.ecfr.gov/current/title-37/part-385,2026-09-11,,false
37,Appendix,385,,Appendix A to Part 385,"37 C.F.R. pt. 385, Appendix A to Part 385",,"Copyright Royalty Board, Library of Congress","Copyright Royalty Board, Library of Congress",Rates and Terms for Statutory Licenses,Rates and Terms for Use of Nondramatic Musical Works in the Making and Distributing of Physical and Digital Phonorecords,other,binding,GAAP;generally-accepted-accounting,True,False,https://www.ecfr.gov/current/title-37/part-385,2026-09-11,,false
37,Appendix,385,,Appendix A to Part 385,"37 C.F.R. pt. 385, Appendix A to Part 385",,"Copyright Royalty Board, Library of Congress","Copyright Royalty Board, Library of Congress",Rates and Terms for Statutory Licenses,Rates and Terms for Use of Nondramatic Musical Works in the Making and Distributing of Physical and Digital Phonorecords,binding,binding,GAAP;generally-accepted-accounting,True,False,https://www.ecfr.gov/current/title-37/part-385,2026-09-11,,false
37,Section,210,210.10,,37 C.F.R. 210.10,Statements required for limitation on liability for digital music providers for the transition period prior to the license availability date.,"U.S. Copyright Office, Library of Congress","U.S. Copyright Office, Library of Congress",Copyright Office and Procedures,Compulsory License for Making and Distributing Physical and Digital Phonorecords of Nondramatic Musical Works,binding,binding,GAAP;generally-accepted-accounting,False,False,https://www.ecfr.gov/current/title-37/section-210.10,2026-09-11,,false
37,Section,210,210.10,,37 C.F.R. 210.10,Statements required for limitation on liability for digital music providers for the transition period prior to the license availability date.,"U.S. Copyright Office, Library of Congress","U.S. Copyright Office, Library of Congress",Copyright Office and Procedures,Compulsory License for Making and Distributing Physical and Digital Phonorecords of Nondramatic Musical Works,permissive,binding,GAAP;generally-accepted-accounting,False,False,https://www.ecfr.gov/current/title-37/section-210.10,2026-09-11,,false
37,Section,210,210.10,,37 C.F.R. 210.10,Statements required for limitation on liability for digital music providers for the transition period prior to the license availability date.,"U.S. Copyright Office, Library of Congress","U.S. Copyright Office, Library of Congress",Copyright Office and Procedures,Compulsory License for Making and Distributing Physical and Digital Phonorecords of Nondramatic Musical Works,permissive,binding,GAAP;generally-accepted-accounting,False,False,https://www.ecfr.gov/current/title-37/section-210.10,2026-09-11,,false
37,Section,210,210.22,,37 C.F.R. 210.22,Definitions.,"U.S. Copyright Office, Library of Congress","U.S. Copyright Office, Library of Congress",Copyright Office and Procedures,Compulsory License for Making and Distributing Physical and Digital Phonorecords of Nondramatic Musical Works,definition,definition,GAAP;generally-accepted-accounting,False,False,https://www.ecfr.gov/current/title-37/section-210.22,2026-09-11,,false
37,Section,210,210.22,,37 C.F.R. 210.22,Definitions.,"U.S. Copyright Office, Library of Congress","U.S. Copyright Office, Library of Congress",Copyright Office and Procedures,Compulsory License for Making and Distributing Physical and Digital Phonorecords of Nondramatic Musical Works,other,definition,GAAP;generally-accepted-accounting,False,False,https://www.ecfr.gov/current/title-37/section-210.22,2026-09-11,,false
37,Section,210,210.22,,37 C.F.R. 210.22,Definitions.,"U.S. Copyright Office, Library of Congress","U.S. Copyright Office, Library of Congress",Copyright Office and Procedures,Compulsory License for Making and Distributing Physical and Digital Phonorecords of Nondramatic Musical Works,permissive,definition,GAAP;generally-accepted-accounting,False,False,https://www.ecfr.gov/current/title-37/section-210.22,2026-09-11,,false
37,Section,210,210.27,,37 C.F.R. 210.27,Reports of usage and payment for blanket licensees.,"U.S. Copyright Office, Library of Congress","U.S. Copyright Office, Library of Congress",Copyright Office and Procedures,Compulsory License for Making and Distributing Physical and Digital Phonorecords of Nondramatic Musical Works,permissive,binding,GAAP,False,False,https://www.ecfr.gov/current/title-37/section-210.27,2026-09-11,,false
37,Section,210,210.27,,37 C.F.R. 210.27,Reports of usage and payment for blanket licensees.,"U.S. Copyright Office, Library of Congress","U.S. Copyright Office, Library of Congress",Copyright Office and Procedures,Compulsory License for Making and Distributing Physical and Digital Phonorecords of Nondramatic Musical Works,binding,binding,GAAP,False,False,https://www.ecfr.gov/current/title-37/section-210.27,2026-09-11,,false
37,Section,210,210.2,,37 C.F.R. 210.2,Definitions.,"U.S. Copyright Office, Library of Congress","U.S. Copyright Office, Library of Congress",Copyright Office and Procedures,Compulsory License for Making and Distributing Physical and Digital Phonorecords of Nondramatic Musical Works,binding,binding,GAAP;generally-accepted-accounting,False,False,https://www.ecfr.gov/current/title-37/section-210.2,2026-09-11,,false
37,Section,210,210.2,,37 C.F.R. 210.2,Definitions.,"U.S. Copyright Office, Library of Congress","U.S. Copyright Office, Library of Congress",Copyright Office and Procedures,Compulsory License for Making and Distributing Physical and Digital Phonorecords of Nondramatic Musical Works,binding,binding,GAAP;generally-accepted-accounting,False,False,https://www.ecfr.gov/current/title-37/section-210.2,2026-09-11,,false
37,Section,210,210.2,,37 C.F.R. 210.2,Definitions.,"U.S. Copyright Office, Library of Congress","U.S. Copyright Office, Library of Congress",Copyright Office and Procedures,Compulsory License for Making and Distributing Physical and Digital Phonorecords of Nondramatic Musical Works,definition,binding,GAAP;generally-accepted-accounting,False,False,https://www.ecfr.gov/current/title-37/section-210.2,2026-09-11,,false
37,Section,210,210.2,,37 C.F.R. 210.2,Definitions.,"U.S. Copyright Office, Library of Congress","U.S. Copyright Office, Library of Congress",Copyright Office and Procedures,Compulsory License for Making and Distributing Physical and Digital Phonorecords of Nondramatic Musical Works,other,binding,GAAP;generally-accepted-accounting,False,False,https://www.ecfr.gov/current/title-37/section-210.2,2026-09-11,,false
37,Section,210,210.2,,37 C.F.R. 210.2,Definitions.,"U.S. Copyright Office, Library of Congress","U.S. Copyright Office, Library of Congress",Copyright Office and Procedures,Compulsory License for Making and Distributing Physical and Digital Phonorecords of Nondramatic Musical Works,permissive,binding,GAAP;generally-accepted-accounting,False,False,https://www.ecfr.gov/current/title-37/section-210.2,2026-09-11,,false
37,Section,210,210.6,,37 C.F.R. 210.6,Monthly statements of account.,"U.S. Copyright Office, Library of Congress","U.S. Copyright Office, Library of Congress",Copyright Office and Procedures,Compulsory License for Making and Distributing Physical and Digital Phonorecords of Nondramatic Musical Works,other,permissive,GAAP,False,False,https://www.ecfr.gov/current/title-37/section-210.6,2026-09-11,2026-09-11,false
37,Section,210,210.6,,37 C.F.R. 210.6,Monthly statements of account.,"U.S. Copyright Office, Library of Congress","U.S. Copyright Office, Library of Congress",Copyright Office and Procedures,Compulsory License for Making and Distributing Physical and Digital Phonorecords of Nondramatic Musical Works,permissive,permissive,GAAP,False,False,https://www.ecfr.gov/current/title-37/section-210.6,2026-09-11,2026-09-11,false
37,Section,380,380.3,,37 C.F.R. 380.3,Delivering statements of account.,"Copyright Royalty Board, Library of Congress","Copyright Royalty Board, Library of Congress",Rates and Terms for Statutory Licenses,Rates and Terms for Transmissions by Eligible Nonsubscription Services and New Subscription Services and for the Making of Ephemeral Reproductions to Facilitate Those Transmissions,other,other,GAAP;U.S. GAAP,False,False,https://www.ecfr.gov/current/title-37/section-380.3,2026-09-11,,false
37,Section,380,380.43,,37 C.F.R. 380.43,Delivering statements of account.,"Copyright Royalty Board, Library of Congress","Copyright Royalty Board, Library of Congress",Rates and Terms for Statutory Licenses,Rates and Terms for Transmissions by Eligible Nonsubscription Services and New Subscription Services and for the Making of Ephemeral Reproductions to Facilitate Those Transmissions,other,other,GAAP;U.S. GAAP,False,False,https://www.ecfr.gov/current/title-37/section-380.43,2026-09-11,,false
37,Section,382,382.1,,37 C.F.R. 382.1,Definitions.,"Copyright Royalty Board, Library of Congress","Copyright Royalty Board, Library of Congress",Rates and Terms for Statutory Licenses,Rates and Terms for Transmissions of Sound Recordings by Preexisting Subscription Services and Preexisting Satellite Digital Audio Radio Services and for the Making of Ephemeral Reproductions to Facilitate Those Transmissions,definition,definition,GAAP;generally-accepted-accounting,False,False,https://www.ecfr.gov/current/title-37/section-382.1,2026-09-11,,false
37,Section,382,382.22,,37 C.F.R. 382.22,Calculation of Gross Revenues for SDARS.,"Copyright Royalty Board, Library of Congress","Copyright Royalty Board, Library of Congress",Rates and Terms for Statutory Licenses,Rates and Terms for Transmissions of Sound Recordings by Preexisting Subscription Services and Preexisting Satellite Digital Audio Radio Services and for the Making of Ephemeral Reproductions to Facilitate Those Transmissions,binding,binding,GAAP,False,False,https://www.ecfr.gov/current/title-37/section-382.22,2026-09-11,,false
37,Section,382,382.22,,37 C.F.R. 382.22,Calculation of Gross Revenues for SDARS.,"Copyright Royalty Board, Library of Congress","Copyright Royalty Board, Library of Congress",Rates and Terms for Statutory Licenses,Rates and Terms for Transmissions of Sound Recordings by Preexisting Subscription Services and Preexisting Satellite Digital Audio Radio Services and for the Making of Ephemeral Reproductions to Facilitate Those Transmissions,other,binding,GAAP,False,False,https://www.ecfr.gov/current/title-37/section-382.22,2026-09-11,,false
37,Section,382,382.4,,37 C.F.R. 382.4,Delivering statements of account.,"Copyright Royalty Board, Library of Congress","Copyright Royalty Board, Library of Congress",Rates and Terms for Statutory Licenses,Rates and Terms for Transmissions of Sound Recordings by Preexisting Subscription Services and Preexisting Satellite Digital Audio Radio Services and for the Making of Ephemeral Reproductions to Facilitate Those Transmissions,other,other,GAAP;U.S. GAAP,False,False,https://www.ecfr.gov/current/title-37/section-382.4,2026-09-11,,false
37,Section,385,385.2,,37 C.F.R. 385.2,Definitions.,"Copyright Royalty Board, Library of Congress","Copyright Royalty Board, Library of Congress",Rates and Terms for Statutory Licenses,Rates and Terms for Use of Nondramatic Musical Works in the Making and Distributing of Physical and Digital Phonorecords,definition,binding,GAAP;generally-accepted-accounting,False,False,https://www.ecfr.gov/current/title-37/section-385.2,2026-09-11,,false
37,Section,385,385.2,,37 C.F.R. 385.2,Definitions.,"Copyright Royalty Board, Library of Congress","Copyright Royalty Board, Library of Congress",Rates and Terms for Statutory Licenses,Rates and Terms for Use of Nondramatic Musical Works in the Making and Distributing of Physical and Digital Phonorecords,other,binding,GAAP;generally-accepted-accounting,False,False,https://www.ecfr.gov/current/title-37/section-385.2,2026-09-11,,false
37,Section,385,385.2,,37 C.F.R. 385.2,Definitions.,"Copyright Royalty Board, Library of Congress","Copyright Royalty Board, Library of Congress",Rates and Terms for Statutory Licenses,Rates and Terms for Use of Nondramatic Musical Works in the Making and Distributing of Physical and Digital Phonorecords,permissive,binding,GAAP;generally-accepted-accounting,False,False,https://www.ecfr.gov/current/title-37/section-385.2,2026-09-11,,false
37,Section,385,385.2,,37 C.F.R. 385.2,Definitions.,"Copyright Royalty Board, Library of Congress","Copyright Royalty Board, Library of Congress",Rates and Terms for Statutory Licenses,Rates and Terms for Use of Nondramatic Musical Works in the Making and Distributing of Physical and Digital Phonorecords,binding,binding,GAAP;generally-accepted-accounting,False,False,https://www.ecfr.gov/current/title-37/section-385.2,2026-09-11,,false
37,Section,385,385.2,,37 C.F.R. 385.2,Definitions.,"Copyright Royalty Board, Library of Congress","Copyright Royalty Board, Library of Congress",Rates and Terms for Statutory Licenses,Rates and Terms for Use of Nondramatic Musical Works in the Making and Distributing of Physical and Digital Phonorecords,binding,binding,GAAP;generally-accepted-accounting,False,False,https://www.ecfr.gov/current/title-37/section-385.2,2026-09-11,,false
38,Section,17,17.801,,38 C.F.R. 17.801,Definitions.,Department of Veterans Affairs,Department of Veterans Affairs,,Medical,binding,binding,generally-accepted-accounting,False,False,https://www.ecfr.gov/current/title-38/section-17.801,2026-09-11,,false
38,Section,36,36.4352,,38 C.F.R. 36.4352,Authority to close loans on the automatic basis.,Department of Veterans Affairs,Department of Veterans Affairs,,Loan Guaranty,other,binding,GAAP;generally-accepted-accounting,False,False,https://www.ecfr.gov/current/title-38/section-36.4352,2026-09-11,,false
38,Section,36,36.4352,,38 C.F.R. 36.4352,Authority to close loans on the automatic basis.,Department of Veterans Affairs,Department of Veterans Affairs,,Loan Guaranty,binding,binding,GAAP;generally-accepted-accounting,False,False,https://www.ecfr.gov/current/title-38/section-36.4352,2026-09-11,,false
38,Section,51,51.70,,38 C.F.R. 51.70,Resident rights.,Department of Veterans Affairs,Department of Veterans Affairs,,"Per Diem for Nursing Home, Domiciliary, or Adult Day Health Care of Veterans in State Homes",binding,binding,generally-accepted-accounting,False,False,https://www.ecfr.gov/current/title-38/section-51.70,2026-09-11,,false
38,Section,61,61.1,,38 C.F.R. 61.1,Definitions.,Department of Veterans Affairs,Department of Veterans Affairs,,VA Homeless Providers Grant and per Diem Program,binding,binding,generally-accepted-accounting,False,False,https://www.ecfr.gov/current/title-38/section-61.1,2026-09-11,,false
38,Section,61,61.66,,38 C.F.R. 61.66,Financial management.,Department of Veterans Affairs,Department of Veterans Affairs,,VA Homeless Providers Grant and per Diem Program,binding,binding,generally-accepted-accounting,False,False,https://www.ecfr.gov/current/title-38/section-61.66,2026-09-11,,false
40,Appendix,57,,Appendix A to Part 57,"40 C.F.R. pt. 57, Appendix A to Part 57",,Environmental Protection Agency,Environmental Protection Agency,Air Programs,Primary Nonferrous Smelter Orders,other,other,FASB;Financial Accounting Standards Board,True,False,https://www.ecfr.gov/current/title-40/part-57,2026-09-11,,true
40,Appendix,57,,Appendix A to Part 57,"40 C.F.R. pt. 57, Appendix A to Part 57",,Environmental Protection Agency,Environmental Protection Agency,Air Programs,Primary Nonferrous Smelter Orders,other,other,FASB;Financial Accounting Standards Board,True,False,https://www.ecfr.gov/current/title-40/part-57,2026-09-11,,true
40,Appendix,57,,Appendix A to Part 57,"40 C.F.R. pt. 57, Appendix A to Part 57",,Environmental Protection Agency,Environmental Protection Agency,Air Programs,Primary Nonferrous Smelter Orders,other,other,FASB;Financial Accounting Standards Board,True,False,https://www.ecfr.gov/current/title-40/part-57,2026-09-11,,true
40,Section,258,258.74,,40 C.F.R. 258.74,Allowable mechanisms.,Environmental Protection Agency,Environmental Protection Agency,Solid Wastes,Criteria for Municipal Solid Waste Landfills,binding,binding,generally-accepted-accounting,False,False,https://www.ecfr.gov/current/title-40/section-258.74,2026-09-11,,false
40,Section,307,307.32,,40 C.F.R. 307.32,"Verification, award, and administrative hearings.",Environmental Protection Agency,Environmental Protection Agency,"Superfund, Emergency Planning, and Community Right-to-Know Programs","Comprehensive Environmental Response, Compensation, and Liability Act (CERCLA) Claims Procedures",binding,binding,generally-accepted-accounting,False,False,https://www.ecfr.gov/current/title-40/section-307.32,2026-09-11,,false
40,Section,310,310.19,,40 C.F.R. 310.19,Under what conditions would EPA deny my request?,Environmental Protection Agency,Environmental Protection Agency,"Superfund, Emergency Planning, and Community Right-to-Know Programs",Reimbursement to Local Governments for Emergency Response to Hazardous Substance Releases,other,other,generally-accepted-accounting,False,False,https://www.ecfr.gov/current/title-40/section-310.19,2026-09-11,,false
40,Section,35,35.3550,,40 C.F.R. 35.3550,Specific capitalization grant agreement requirements.,Environmental Protection Agency,Environmental Protection Agency,Grants and Other Federal Assistance,State and Local Assistance,other,binding,Financial Accounting Standards Board;GAAP;generally-accepted-accounting,False,False,https://www.ecfr.gov/current/title-40/section-35.3550,2026-09-11,,false
40,Section,35,35.3550,,40 C.F.R. 35.3550,Specific capitalization grant agreement requirements.,Environmental Protection Agency,Environmental Protection Agency,Grants and Other Federal Assistance,State and Local Assistance,binding,binding,Financial Accounting Standards Board;GAAP;generally-accepted-accounting,False,False,https://www.ecfr.gov/current/title-40/section-35.3550,2026-09-11,,true
40,Section,35,35.3570,,40 C.F.R. 35.3570,Reports and audits.,Environmental Protection Agency,Environmental Protection Agency,Grants and Other Federal Assistance,State and Local Assistance,binding,binding,GAAP,False,False,https://www.ecfr.gov/current/title-40/section-35.3570,2026-09-11,,false
40,Section,85,85.2102,,40 C.F.R. 85.2102,Definitions.,Environmental Protection Agency,Environmental Protection Agency,Air Programs,Control of Air Pollution from Mobile Sources,binding,binding,generally-accepted-accounting,False,False,https://www.ecfr.gov/current/title-40/section-85.2102,2026-09-11,,false
42,Section,417,417.126,,42 C.F.R. 417.126,Recordkeeping and reporting requirements.,"Centers for Medicare & Medicaid Services, Department of Health and Human Services","Centers for Medicare & Medicaid Services, Department of Health and Human Services",Medicare Program,"Health Maintenance Organizations, Competitive Medical Plans, and Health Care Prepayment Plans",binding,binding,generally-accepted-accounting,False,False,https://www.ecfr.gov/current/title-42/section-417.126,2026-09-11,,false
42,Section,417,417.126,,42 C.F.R. 417.126,Recordkeeping and reporting requirements.,"Centers for Medicare & Medicaid Services, Department of Health and Human Services","Centers for Medicare & Medicaid Services, Department of Health and Human Services",Medicare Program,"Health Maintenance Organizations, Competitive Medical Plans, and Health Care Prepayment Plans",binding,binding,generally-accepted-accounting,False,False,https://www.ecfr.gov/current/title-42/section-417.126,2026-09-11,,false
42,Section,417,417.911,,42 C.F.R. 417.911,Definitions.,"Centers for Medicare & Medicaid Services, Department of Health and Human Services","Centers for Medicare & Medicaid Services, Department of Health and Human Services",Medicare Program,"Health Maintenance Organizations, Competitive Medical Plans, and Health Care Prepayment Plans",other,other,generally-accepted-accounting,False,False,https://www.ecfr.gov/current/title-42/section-417.911,2026-09-11,,false
42,Section,422,422.350,,42 C.F.R. 422.350,"Basis, scope, and definitions.","Centers for Medicare & Medicaid Services, Department of Health and Human Services","Centers for Medicare & Medicaid Services, Department of Health and Human Services",Medicare Program,Medicare Advantage Program,definition,definition,GAAP;generally-accepted-accounting,False,False,https://www.ecfr.gov/current/title-42/section-422.350,2026-09-11,,false
42,Section,422,422.382,,42 C.F.R. 422.382,Minimum net worth amount.,"Centers for Medicare & Medicaid Services, Department of Health and Human Services","Centers for Medicare & Medicaid Services, Department of Health and Human Services",Medicare Program,Medicare Advantage Program,permissive,permissive,GAAP;generally-accepted-accounting,False,False,https://www.ecfr.gov/current/title-42/section-422.382,2026-09-11,,false
42,Section,422,422.382,,42 C.F.R. 422.382,Minimum net worth amount.,"Centers for Medicare & Medicaid Services, Department of Health and Human Services","Centers for Medicare & Medicaid Services, Department of Health and Human Services",Medicare Program,Medicare Advantage Program,permissive,permissive,GAAP;generally-accepted-accounting,False,False,https://www.ecfr.gov/current/title-42/section-422.382,2026-09-11,,false
42,Section,422,422.516,,42 C.F.R. 422.516,Validation of Part C reporting requirements.,"Centers for Medicare & Medicaid Services, Department of Health and Human Services","Centers for Medicare & Medicaid Services, Department of Health and Human Services",Medicare Program,Medicare Advantage Program,binding,binding,generally-accepted-accounting,False,False,https://www.ecfr.gov/current/title-42/section-422.516,2026-09-11,,false
42,Section,423,423.514,,42 C.F.R. 423.514,Validation of Part D reporting requirements.,"Centers for Medicare & Medicaid Services, Department of Health and Human Services","Centers for Medicare & Medicaid Services, Department of Health and Human Services",Medicare Program,Voluntary Medicare Prescription Drug Benefit,binding,binding,generally-accepted-accounting,False,False,https://www.ecfr.gov/current/title-42/section-423.514,2026-09-11,,false
42,Section,438,438.3,,42 C.F.R. 438.3,Standard contract requirements.,"Centers for Medicare & Medicaid Services, Department of Health and Human Services","Centers for Medicare & Medicaid Services, Department of Health and Human Services",Medical Assistance Programs,Managed Care,binding,binding,generally-accepted-accounting,False,False,https://www.ecfr.gov/current/title-42/section-438.3,2026-09-11,,false
42,Section,482,482.12,,42 C.F.R. 482.12,Condition of participation: Governing body.,"Centers for Medicare & Medicaid Services, Department of Health and Human Services","Centers for Medicare & Medicaid Services, Department of Health and Human Services",Standards and Certification,Conditions of Participation for Hospitals,binding,binding,generally-accepted-accounting,False,False,https://www.ecfr.gov/current/title-42/section-482.12,2026-09-11,,false
42,Section,483,483.10,,42 C.F.R. 483.10,Resident rights.,"Centers for Medicare & Medicaid Services, Department of Health and Human Services","Centers for Medicare & Medicaid Services, Department of Health and Human Services",Standards and Certification,Requirements for States and Long Term Care Facilities,binding,binding,generally-accepted-accounting,False,False,https://www.ecfr.gov/current/title-42/section-483.10,2026-09-11,,false
42,Section,484,484.105,,42 C.F.R. 484.105,Condition of participation: Organization and administration of services.,"Centers for Medicare & Medicaid Services, Department of Health and Human Services","Centers for Medicare & Medicaid Services, Department of Health and Human Services",Standards and Certification,Home Health Services,other,other,generally-accepted-accounting,False,False,https://www.ecfr.gov/current/title-42/section-484.105,2026-09-11,,false
42,Section,484,484.105,,42 C.F.R. 484.105,Condition of participation: Organization and administration of services.,"Centers for Medicare & Medicaid Services, Department of Health and Human Services","Centers for Medicare & Medicaid Services, Department of Health and Human Services",Standards and Certification,Home Health Services,other,other,generally-accepted-accounting,False,False,https://www.ecfr.gov/current/title-42/section-484.105,2026-09-11,,false
42,Section,485,485.56,,42 C.F.R. 485.56,Condition of participation: Governing body and administration.,"Centers for Medicare & Medicaid Services, Department of Health and Human Services","Centers for Medicare & Medicaid Services, Department of Health and Human Services",Standards and Certification,Conditions of Participation: Specialized Providers,other,other,generally-accepted-accounting,False,False,https://www.ecfr.gov/current/title-42/section-485.56,2026-09-11,,false
42,Section,510,510.500,,42 C.F.R. 510.500,Sharing arrangements under the CJR model.,"Centers for Medicare & Medicaid Services, Department of Health and Human Services","Centers for Medicare & Medicaid Services, Department of Health and Human Services",Health Care Infrastructure and Model Programs,Comprehensive Care for Joint Replacement Model,binding,binding,GAAP;generally-accepted-accounting,False,False,https://www.ecfr.gov/current/title-42/section-510.500,2026-09-11,,false
42,Section,510,510.500,,42 C.F.R. 510.500,Sharing arrangements under the CJR model.,"Centers for Medicare & Medicaid Services, Department of Health and Human Services","Centers for Medicare & Medicaid Services, Department of Health and Human Services",Health Care Infrastructure and Model Programs,Comprehensive Care for Joint Replacement Model,binding,binding,GAAP;generally-accepted-accounting,False,False,https://www.ecfr.gov/current/title-42/section-510.500,2026-09-11,,false
42,Section,512,512.452,,42 C.F.R. 512.452,Financial sharing arrangements and attributed patient engagement incentives.,"Centers for Medicare & Medicaid Services, Department of Health and Human Services","Centers for Medicare & Medicaid Services, Department of Health and Human Services",Health Care Infrastructure and Model Programs,Standard Provisions for Mandatory Innovation Center Models and Specific Provisions for the Radiation Oncology Model and the End-Stage Renal Disease Treatment Choices Model,binding,binding,GAAP;generally-accepted-accounting,False,False,https://www.ecfr.gov/current/title-42/section-512.452,2026-09-11,,false
42,Section,512,512.565,,42 C.F.R. 512.565,Sharing arrangements.,"Centers for Medicare & Medicaid Services, Department of Health and Human Services","Centers for Medicare & Medicaid Services, Department of Health and Human Services",Health Care Infrastructure and Model Programs,Standard Provisions for Innovation Center Models and Specific Provisions for Certain Models,binding,binding,GAAP;generally-accepted-accounting,False,False,https://www.ecfr.gov/current/title-42/section-512.565,2026-09-11,,false
42,Section,512,512.565,,42 C.F.R. 512.565,Sharing arrangements.,"Centers for Medicare & Medicaid Services, Department of Health and Human Services","Centers for Medicare & Medicaid Services, Department of Health and Human Services",Health Care Infrastructure and Model Programs,Standard Provisions for Innovation Center Models and Specific Provisions for Certain Models,binding,binding,GAAP;generally-accepted-accounting,False,False,https://www.ecfr.gov/current/title-42/section-512.565,2026-09-11,,false
42,Section,51c,51c.303,,42 C.F.R. 51c.303,Project elements.,"Public Health Service, Department of Health and Human Services","Public Health Service, Department of Health and Human Services",Grants,Grants for Community Health Services,other,other,generally-accepted-accounting,False,False,https://www.ecfr.gov/current/title-42/section-51c.303,2026-09-11,,false
42,Section,51c,51c.303,,42 C.F.R. 51c.303,Project elements.,"Public Health Service, Department of Health and Human Services","Public Health Service, Department of Health and Human Services",Grants,Grants for Community Health Services,other,other,generally-accepted-accounting,False,False,https://www.ecfr.gov/current/title-42/section-51c.303,2026-09-11,,false
42,Section,56,56.303,,42 C.F.R. 56.303,Project elements.,"Public Health Service, Department of Health and Human Services","Public Health Service, Department of Health and Human Services",Grants,Grants for Migrant Health Services,other,other,generally-accepted-accounting,False,False,https://www.ecfr.gov/current/title-42/section-56.303,2026-09-11,,false
42,Section,56,56.303,,42 C.F.R. 56.303,Project elements.,"Public Health Service, Department of Health and Human Services","Public Health Service, Department of Health and Human Services",Grants,Grants for Migrant Health Services,other,other,generally-accepted-accounting,False,False,https://www.ecfr.gov/current/title-42/section-56.303,2026-09-11,,false
42,Section,56,56.603,,42 C.F.R. 56.603,Project elements.,"Public Health Service, Department of Health and Human Services","Public Health Service, Department of Health and Human Services",Grants,Grants for Migrant Health Services,binding,binding,generally-accepted-accounting,False,False,https://www.ecfr.gov/current/title-42/section-56.603,2026-09-11,2026-09-11,false
43,Section,3190,3190.2-3,,43 C.F.R. 3190.2-3,Audit.,"Bureau of Land Management, Department of the Interior","Bureau of Land Management, Department of the Interior",Minerals Management (3000),"Delegation of Authority, Cooperative Agreements and Contracts for Oil and Gas Inspection",binding,binding,generally-accepted-accounting,False,False,https://www.ecfr.gov/current/title-43/section-3190.2-3,2026-09-11,,false
43,Section,6100,6102.5.1,,43 C.F.R. 6102.5.1,Mitigation.,"Bureau of Land Management, Department of the Interior","Bureau of Land Management, Department of the Interior",Preservation and Conservation (6000),Ecosystem Resilience,other,other,Financial Accounting Standards Board,True,False,https://www.ecfr.gov/current/title-43/section-6102.5.1,2026-09-11,,true
44,Section,361,361.5,,44 C.F.R. 361.5,"Criteria for program assistance, matching contributions, and return of program assistance funds.","Federal Emergency Management Agency, Department of Homeland Security","Federal Emergency Management Agency, Department of Homeland Security",Preparedness,National Earthquake Hazards Reduction Assistance to State and Local Governments,other,other,generally-accepted-accounting,False,False,https://www.ecfr.gov/current/title-44/section-361.5,2026-09-11,,false
44,Section,62,62.24,,44 C.F.R. 62.24,WYO participation criteria.,"Federal Emergency Management Agency, Department of Homeland Security","Federal Emergency Management Agency, Department of Homeland Security",Insurance and Hazard Mitigation,Sale of Insurance and Adjustment of Claims,other,other,generally-accepted-accounting,False,False,https://www.ecfr.gov/current/title-44/section-62.24,2026-09-11,,false
45,Appendix,75,,Appendix IX to Part 75,"45 C.F.R. pt. 75, Appendix IX to Part 75",,Public Welfare,,General Administration,"Uniform Administrative Requirements, Cost Principles, and Audit Requirements for HHS Awards",other,other,generally-accepted-accounting,True,False,https://www.ecfr.gov/current/title-45/part-75,2026-09-11,,false
45,Appendix,75,,Appendix IX to Part 75,"45 C.F.R. pt. 75, Appendix IX to Part 75",,Public Welfare,,General Administration,"Uniform Administrative Requirements, Cost Principles, and Audit Requirements for HHS Awards",other,other,generally-accepted-accounting,True,False,https://www.ecfr.gov/current/title-45/part-75,2026-09-11,,false
45,Appendix,75,,Appendix V to Part 75,"45 C.F.R. pt. 75, Appendix V to Part 75",,Public Welfare,,General Administration,"Uniform Administrative Requirements, Cost Principles, and Audit Requirements for HHS Awards",other,other,GAAP;generally-accepted-accounting,True,False,https://www.ecfr.gov/current/title-45/part-75,2026-09-11,,false
45,Section,13,13.4,,45 C.F.R. 13.4,Eligibility of applicants.,Public Welfare,,General Administration,Implementation of the Equal Access to Justice Act in Agency Proceedings,other,other,generally-accepted-accounting,False,False,https://www.ecfr.gov/current/title-45/section-13.4,2026-09-11,,false
45,Section,155,155.1200,,45 C.F.R. 155.1200,General program integrity and oversight requirements.,Public Welfare,,Requirements Relating to Health Care Access,Exchange Establishment Standards and Other Related Standards Under the Affordable Care Act,binding,binding,GAAP;generally-accepted-accounting,False,False,https://www.ecfr.gov/current/title-45/section-155.1200,2026-09-11,,false
45,Section,155,155.1200,,45 C.F.R. 155.1200,General program integrity and oversight requirements.,Public Welfare,,Requirements Relating to Health Care Access,Exchange Establishment Standards and Other Related Standards Under the Affordable Care Act,binding,binding,GAAP;generally-accepted-accounting,False,False,https://www.ecfr.gov/current/title-45/section-155.1200,2026-09-11,,false
45,Section,1627,1627.4,,45 C.F.R. 1627.4,Requirements for all subgrants.,Legal Services Corporation,Legal Services Corporation,,Subgrants,other,other,generally-accepted-accounting,False,False,https://www.ecfr.gov/current/title-45/section-1627.4,2026-09-11,,false
45,Section,1627,1627.4,,45 C.F.R. 1627.4,Requirements for all subgrants.,Legal Services Corporation,Legal Services Corporation,,Subgrants,other,other,generally-accepted-accounting,False,False,https://www.ecfr.gov/current/title-45/section-1627.4,2026-09-11,,false
45,Section,1630,1630.5,,45 C.F.R. 1630.5,Standards governing allowability of costs under LSC grants or contracts.,Legal Services Corporation,Legal Services Corporation,,Cost Standards and Procedures,binding,binding,generally-accepted-accounting,False,False,https://www.ecfr.gov/current/title-45/section-1630.5,2026-09-11,,false
45,Section,75,75.1,,45 C.F.R. 75.1,Acronyms.,Public Welfare,,General Administration,"Uniform Administrative Requirements, Cost Principles, and Audit Requirements for HHS Awards",other,other,GAAP;generally-accepted-accounting,True,False,https://www.ecfr.gov/current/title-45/section-75.1,2026-09-11,,false
45,Section,75,75.1,,45 C.F.R. 75.1,Acronyms.,Public Welfare,,General Administration,"Uniform Administrative Requirements, Cost Principles, and Audit Requirements for HHS Awards",other,other,GAAP;generally-accepted-accounting,True,False,https://www.ecfr.gov/current/title-45/section-75.1,2026-09-11,,false
45,Section,75,75.2,,45 C.F.R. 75.2,Definitions.,Public Welfare,,General Administration,"Uniform Administrative Requirements, Cost Principles, and Audit Requirements for HHS Awards",other,binding,FASB;Financial Accounting Standards Board;GAAP;generally-accepted-accounting,True,False,https://www.ecfr.gov/current/title-45/section-75.2,2026-09-11,,true
45,Section,75,75.2,,45 C.F.R. 75.2,Definitions.,Public Welfare,,General Administration,"Uniform Administrative Requirements, Cost Principles, and Audit Requirements for HHS Awards",binding,binding,FASB;Financial Accounting Standards Board;GAAP;generally-accepted-accounting,True,False,https://www.ecfr.gov/current/title-45/section-75.2,2026-09-11,,false
45,Section,75,75.2,,45 C.F.R. 75.2,Definitions.,Public Welfare,,General Administration,"Uniform Administrative Requirements, Cost Principles, and Audit Requirements for HHS Awards",definition,binding,FASB;Financial Accounting Standards Board;GAAP;generally-accepted-accounting,True,False,https://www.ecfr.gov/current/title-45/section-75.2,2026-09-11,,false
45,Section,75,75.2,,45 C.F.R. 75.2,Definitions.,Public Welfare,,General Administration,"Uniform Administrative Requirements, Cost Principles, and Audit Requirements for HHS Awards",binding,binding,FASB;Financial Accounting Standards Board;GAAP;generally-accepted-accounting,True,False,https://www.ecfr.gov/current/title-45/section-75.2,2026-09-11,,false
45,Section,75,75.2,,45 C.F.R. 75.2,Definitions.,Public Welfare,,General Administration,"Uniform Administrative Requirements, Cost Principles, and Audit Requirements for HHS Awards",definition,binding,FASB;Financial Accounting Standards Board;GAAP;generally-accepted-accounting,True,False,https://www.ecfr.gov/current/title-45/section-75.2,2026-09-11,,false
45,Section,75,75.403,,45 C.F.R. 75.403,Factors affecting allowability of costs.,Public Welfare,,General Administration,"Uniform Administrative Requirements, Cost Principles, and Audit Requirements for HHS Awards",binding,binding,GAAP;generally-accepted-accounting,True,False,https://www.ecfr.gov/current/title-45/section-75.403,2026-09-11,,false
45,Section,75,75.431,,45 C.F.R. 75.431,Compensation—fringe benefits.,Public Welfare,,General Administration,"Uniform Administrative Requirements, Cost Principles, and Audit Requirements for HHS Awards",other,binding,GAAP,True,False,https://www.ecfr.gov/current/title-45/section-75.431,2026-09-11,,false
45,Section,75,75.431,,45 C.F.R. 75.431,Compensation—fringe benefits.,Public Welfare,,General Administration,"Uniform Administrative Requirements, Cost Principles, and Audit Requirements for HHS Awards",binding,binding,GAAP,True,False,https://www.ecfr.gov/current/title-45/section-75.431,2026-09-11,,false
45,Section,75,75.431,,45 C.F.R. 75.431,Compensation—fringe benefits.,Public Welfare,,General Administration,"Uniform Administrative Requirements, Cost Principles, and Audit Requirements for HHS Awards",other,binding,GAAP,True,False,https://www.ecfr.gov/current/title-45/section-75.431,2026-09-11,,false
45,Section,75,75.436,,45 C.F.R. 75.436,Depreciation.,Public Welfare,,General Administration,"Uniform Administrative Requirements, Cost Principles, and Audit Requirements for HHS Awards",binding,binding,GAAP,True,False,https://www.ecfr.gov/current/title-45/section-75.436,2026-09-11,,false
45,Section,75,75.449,,45 C.F.R. 75.449,Interest.,Public Welfare,,General Administration,"Uniform Administrative Requirements, Cost Principles, and Audit Requirements for HHS Awards",binding,binding,GAAP,True,False,https://www.ecfr.gov/current/title-45/section-75.449,2026-09-11,,false
45,Section,75,75.449,,45 C.F.R. 75.449,Interest.,Public Welfare,,General Administration,"Uniform Administrative Requirements, Cost Principles, and Audit Requirements for HHS Awards",binding,binding,GAAP,True,False,https://www.ecfr.gov/current/title-45/section-75.449,2026-09-11,,false
45,Section,75,75.449,,45 C.F.R. 75.449,Interest.,Public Welfare,,General Administration,"Uniform Administrative Requirements, Cost Principles, and Audit Requirements for HHS Awards",binding,binding,GAAP,True,False,https://www.ecfr.gov/current/title-45/section-75.449,2026-09-11,,false
45,Section,75,75.465,,45 C.F.R. 75.465,Rental costs of real property and equipment.,Public Welfare,,General Administration,"Uniform Administrative Requirements, Cost Principles, and Audit Requirements for HHS Awards",binding,binding,GAAP,True,False,https://www.ecfr.gov/current/title-45/section-75.465,2026-09-11,,false
45,Section,75,75.465,,45 C.F.R. 75.465,Rental costs of real property and equipment.,Public Welfare,,General Administration,"Uniform Administrative Requirements, Cost Principles, and Audit Requirements for HHS Awards",binding,binding,GAAP,True,False,https://www.ecfr.gov/current/title-45/section-75.465,2026-09-11,,false
45,Section,75,75.470,,45 C.F.R. 75.470,Taxes (including Value Added Tax).,Public Welfare,,General Administration,"Uniform Administrative Requirements, Cost Principles, and Audit Requirements for HHS Awards",binding,binding,GAAP,True,False,https://www.ecfr.gov/current/title-45/section-75.470,2026-09-11,,false
45,Section,75,75.514,,45 C.F.R. 75.514,Scope of audit.,Public Welfare,,General Administration,"Uniform Administrative Requirements, Cost Principles, and Audit Requirements for HHS Awards",binding,binding,generally-accepted-accounting,True,False,https://www.ecfr.gov/current/title-45/section-75.514,2026-09-11,,false
45,Section,75,75.515,,45 C.F.R. 75.515,Audit reporting.,Public Welfare,,General Administration,"Uniform Administrative Requirements, Cost Principles, and Audit Requirements for HHS Awards",binding,binding,GAAP;generally-accepted-accounting,True,False,https://www.ecfr.gov/current/title-45/section-75.515,2026-09-11,,false
45,Section,75,75.520,,45 C.F.R. 75.520,Criteria for a low-risk auditee.,Public Welfare,,General Administration,"Uniform Administrative Requirements, Cost Principles, and Audit Requirements for HHS Awards",binding,binding,GAAP,True,False,https://www.ecfr.gov/current/title-45/section-75.520,2026-09-11,,false
45,Section,77,77.3,,45 C.F.R. 77.3,Conditions that may give rise to remedial actions.,Public Welfare,,General Administration,Remedial Actions Applicable to Letter of Credit Administration,binding,binding,generally-accepted-accounting,False,False,https://www.ecfr.gov/current/title-45/section-77.3,2026-09-11,,false
45,Section,95,95.13,,45 C.F.R. 95.13,In which quarter we consider an expenditure made.,Public Welfare,,General Administration,"General Administration—Grant Programs (Public Assistance, Medical Assistance and State Children's Health Insurance Programs)",permissive,permissive,generally-accepted-accounting,False,False,https://www.ecfr.gov/current/title-45/section-95.13,2026-09-11,,false
45,Section,95,95.507,,45 C.F.R. 95.507,Plan requirements.,Public Welfare,,General Administration,"General Administration - Grant Programs (Public Assistance, Medical Assistance and State Children's Health Insurance Programs)",other,other,generally-accepted-accounting,False,False,https://www.ecfr.gov/current/title-45/section-95.507,2026-09-11,,false
45,Section,96,96.123,,45 C.F.R. 96.123,Assurances.,Public Welfare,,General Administration,Block Grants,other,other,generally-accepted-accounting,False,False,https://www.ecfr.gov/current/title-45/section-96.123,2026-09-11,,false
45,Section,96,96.124,,45 C.F.R. 96.124,Certain allocations.,Public Welfare,,General Administration,Block Grants,binding,binding,generally-accepted-accounting,False,False,https://www.ecfr.gov/current/title-45/section-96.124,2026-09-11,,false
45,Section,96,96.127,,45 C.F.R. 96.127,Requirements regarding tuberculosis.,Public Welfare,,General Administration,Block Grants,binding,binding,generally-accepted-accounting,False,False,https://www.ecfr.gov/current/title-45/section-96.127,2026-09-11,,false
45,Section,96,96.128,,45 C.F.R. 96.128,Requirements regarding human immunodeficiency virus.,Public Welfare,,General Administration,Block Grants,binding,binding,generally-accepted-accounting,False,False,https://www.ecfr.gov/current/title-45/section-96.128,2026-09-11,,false
45,Section,96,96.134,,45 C.F.R. 96.134,Maintenance of effort regarding State expenditures.,Public Welfare,,General Administration,Block Grants,binding,binding,generally-accepted-accounting,False,False,https://www.ecfr.gov/current/title-45/section-96.134,2026-09-11,,false
46,Section,232,232.2,,46 C.F.R. 232.2,General instructions.,"Maritime Administration, Department of Transportation","Maritime Administration, Department of Transportation",Regulations Affecting Maritime Carriers and Related Activities,Uniform Financial Reporting Requirements,other,binding,Financial Accounting Standards Board;generally-accepted-accounting,False,False,https://www.ecfr.gov/current/title-46/section-232.2,2026-09-11,2026-09-11,false
46,Section,232,232.2,,46 C.F.R. 232.2,General instructions.,"Maritime Administration, Department of Transportation","Maritime Administration, Department of Transportation",Regulations Affecting Maritime Carriers and Related Activities,Uniform Financial Reporting Requirements,binding,binding,Financial Accounting Standards Board;generally-accepted-accounting,False,False,https://www.ecfr.gov/current/title-46/section-232.2,2026-09-11,2026-09-11,true
46,Section,232,232.2,,46 C.F.R. 232.2,General instructions.,"Maritime Administration, Department of Transportation","Maritime Administration, Department of Transportation",Regulations Affecting Maritime Carriers and Related Activities,Uniform Financial Reporting Requirements,permissive,binding,Financial Accounting Standards Board;generally-accepted-accounting,False,False,https://www.ecfr.gov/current/title-46/section-232.2,2026-09-11,2026-09-11,false
46,Section,232,232.3,,46 C.F.R. 232.3,Chart of accounts.,"Maritime Administration, Department of Transportation","Maritime Administration, Department of Transportation",Regulations Affecting Maritime Carriers and Related Activities,Uniform Financial Reporting Requirements,binding,binding,generally-accepted-accounting,False,False,https://www.ecfr.gov/current/title-46/section-232.3,2026-09-11,,false
46,Section,232,232.4,,46 C.F.R. 232.4,Balance sheet accounts.,"Maritime Administration, Department of Transportation","Maritime Administration, Department of Transportation",Regulations Affecting Maritime Carriers and Related Activities,Uniform Financial Reporting Requirements,binding,binding,Financial Accounting Standards Board;generally-accepted-accounting,False,False,https://www.ecfr.gov/current/title-46/section-232.4,2026-09-11,,true
46,Section,232,232.4,,46 C.F.R. 232.4,Balance sheet accounts.,"Maritime Administration, Department of Transportation","Maritime Administration, Department of Transportation",Regulations Affecting Maritime Carriers and Related Activities,Uniform Financial Reporting Requirements,binding,binding,Financial Accounting Standards Board;generally-accepted-accounting,False,False,https://www.ecfr.gov/current/title-46/section-232.4,2026-09-11,,false
46,Section,232,232.5,,46 C.F.R. 232.5,Income Statement Accounts.,"Maritime Administration, Department of Transportation","Maritime Administration, Department of Transportation",Regulations Affecting Maritime Carriers and Related Activities,Uniform Financial Reporting Requirements,binding,binding,generally-accepted-accounting,False,False,https://www.ecfr.gov/current/title-46/section-232.5,2026-09-11,,false
46,Section,232,232.5,,46 C.F.R. 232.5,Income Statement Accounts.,"Maritime Administration, Department of Transportation","Maritime Administration, Department of Transportation",Regulations Affecting Maritime Carriers and Related Activities,Uniform Financial Reporting Requirements,binding,binding,generally-accepted-accounting,False,False,https://www.ecfr.gov/current/title-46/section-232.5,2026-09-11,,false
46,Section,232,232.5,,46 C.F.R. 232.5,Income Statement Accounts.,"Maritime Administration, Department of Transportation","Maritime Administration, Department of Transportation",Regulations Affecting Maritime Carriers and Related Activities,Uniform Financial Reporting Requirements,binding,binding,generally-accepted-accounting,False,False,https://www.ecfr.gov/current/title-46/section-232.5,2026-09-11,,false
46,Section,232,232.6,,46 C.F.R. 232.6,Financial report filing requirement.,"Maritime Administration, Department of Transportation","Maritime Administration, Department of Transportation",Regulations Affecting Maritime Carriers and Related Activities,Uniform Financial Reporting Requirements,binding,binding,generally-accepted-accounting,False,False,https://www.ecfr.gov/current/title-46/section-232.6,2026-09-11,,false
46,Section,298,298.13,,46 C.F.R. 298.13,Financial requirements.,"Maritime Administration, Department of Transportation","Maritime Administration, Department of Transportation",Vessel Financing Assistance,Obligation Guarantees,binding,binding,GAAP;generally-accepted-accounting,True,False,https://www.ecfr.gov/current/title-46/section-298.13,2026-09-11,,false
46,Section,298,298.13,,46 C.F.R. 298.13,Financial requirements.,"Maritime Administration, Department of Transportation","Maritime Administration, Department of Transportation",Vessel Financing Assistance,Obligation Guarantees,binding,binding,GAAP;generally-accepted-accounting,True,False,https://www.ecfr.gov/current/title-46/section-298.13,2026-09-11,,false
46,Section,298,298.19,,46 C.F.R. 298.19,Actual cost.,"Maritime Administration, Department of Transportation","Maritime Administration, Department of Transportation",Vessel Financing Assistance,Vessel and Shipyard Financing,permissive,permissive,GAAP,False,False,https://www.ecfr.gov/current/title-46/section-298.19,2026-09-11,,false
46,Section,298,298.19,,46 C.F.R. 298.19,Actual cost.,"Maritime Administration, Department of Transportation","Maritime Administration, Department of Transportation",Vessel Financing Assistance,Vessel and Shipyard Financing,permissive,permissive,GAAP,False,False,https://www.ecfr.gov/current/title-46/section-298.19,2026-09-11,,false
46,Section,298,298.21,,46 C.F.R. 298.21,Limits.,"Maritime Administration, Department of Transportation","Maritime Administration, Department of Transportation",Vessel Financing Assistance,Obligation Guarantees,other,other,GAAP,True,False,https://www.ecfr.gov/current/title-46/section-298.21,2026-09-11,,false
46,Section,298,298.21,,46 C.F.R. 298.21,Limits.,"Maritime Administration, Department of Transportation","Maritime Administration, Department of Transportation",Vessel Financing Assistance,Obligation Guarantees,other,other,GAAP,True,False,https://www.ecfr.gov/current/title-46/section-298.21,2026-09-11,,false
46,Section,298,298.2,,46 C.F.R. 298.2,Definitions.,"Maritime Administration, Department of Transportation","Maritime Administration, Department of Transportation",Vessel Financing Assistance,Obligation Guarantees,other,other,generally-accepted-accounting,True,False,https://www.ecfr.gov/current/title-46/section-298.2,2026-09-11,,false
46,Section,298,298.35,,46 C.F.R. 298.35,Title XI Reserve Fund and Financial Agreement.,"Maritime Administration, Department of Transportation","Maritime Administration, Department of Transportation",Vessel Financing Assistance,Obligation Guarantees,binding,binding,GAAP,True,False,https://www.ecfr.gov/current/title-46/section-298.35,2026-09-11,,false
46,Section,298,298.35,,46 C.F.R. 298.35,Title XI Reserve Fund and Financial Agreement.,"Maritime Administration, Department of Transportation","Maritime Administration, Department of Transportation",Vessel Financing Assistance,Obligation Guarantees,other,binding,GAAP,True,False,https://www.ecfr.gov/current/title-46/section-298.35,2026-09-11,,false
46,Section,298,298.3,,46 C.F.R. 298.3,Definitions.,"Maritime Administration, Department of Transportation","Maritime Administration, Department of Transportation",Vessel Financing Assistance,Vessel and Shipyard Financing,definition,definition,FASB;Financial Accounting Standards Board;GAAP;generally-accepted-accounting,False,False,https://www.ecfr.gov/current/title-46/section-298.3,2026-09-11,,true
46,Section,298,298.3,,46 C.F.R. 298.3,Definitions.,"Maritime Administration, Department of Transportation","Maritime Administration, Department of Transportation",Vessel Financing Assistance,Vessel and Shipyard Financing,other,definition,FASB;Financial Accounting Standards Board;GAAP;generally-accepted-accounting,False,False,https://www.ecfr.gov/current/title-46/section-298.3,2026-09-11,,false
46,Section,298,298.3,,46 C.F.R. 298.3,Definitions.,"Maritime Administration, Department of Transportation","Maritime Administration, Department of Transportation",Vessel Financing Assistance,Vessel and Shipyard Financing,permissive,definition,FASB;Financial Accounting Standards Board;GAAP;generally-accepted-accounting,False,False,https://www.ecfr.gov/current/title-46/section-298.3,2026-09-11,,false
46,Section,298,298.42,,46 C.F.R. 298.42,Reporting requirements—financial statements.,"Maritime Administration, Department of Transportation","Maritime Administration, Department of Transportation",Vessel Financing Assistance,Obligation Guarantees,binding,binding,generally-accepted-accounting,True,False,https://www.ecfr.gov/current/title-46/section-298.42,2026-09-11,,false
46,Section,298,298.5,,46 C.F.R. 298.5,General credit standards and requirements.,"Maritime Administration, Department of Transportation","Maritime Administration, Department of Transportation",Vessel Financing Assistance,Vessel and Shipyard Financing,binding,binding,GAAP,False,False,https://www.ecfr.gov/current/title-46/section-298.5,2026-09-11,,false
46,Section,382,382.2,,46 C.F.R. 382.2,Data submission.,"Maritime Administration, Department of Transportation","Maritime Administration, Department of Transportation",Miscellaneous,Determination of Fair and Reasonable Rates for the Carriage of Bulk and Packaged Preference Cargoes on U.S.-Flag Commercial Vessels,binding,binding,generally-accepted-accounting,False,False,https://www.ecfr.gov/current/title-46/section-382.2,2026-09-11,,false
46,Section,403,403.100,,46 C.F.R. 403.100,Applicability of system of accounts and reports.,"Coast Guard (Great Lakes Pilotage), Department of Homeland Security","Coast Guard (Great Lakes Pilotage), Department of Homeland Security",,Great Lakes Pilotage Uniform Accounting System,binding,binding,Financial Accounting Standards Board;GAAP;generally-accepted-accounting,False,False,https://www.ecfr.gov/current/title-46/section-403.100,2026-09-11,,true
47,Section,0,0.231,,47 C.F.R. 0.231,Authority delegated.,Federal Communications Commission,Federal Communications Commission,General,Commission Organization,binding,binding,generally-accepted-accounting,False,False,https://www.ecfr.gov/current/title-47/section-0.231,2026-09-11,,false
47,Section,1,1.1406,,47 C.F.R. 1.1406,Commission consideration of the complaint.,Federal Communications Commission,Federal Communications Commission,General,Practice and Procedure,permissive,binding,GAAP,False,False,https://www.ecfr.gov/current/title-47/section-1.1406,2026-09-11,,false
47,Section,1,1.1406,,47 C.F.R. 1.1406,Commission consideration of the complaint.,Federal Communications Commission,Federal Communications Commission,General,Practice and Procedure,binding,binding,GAAP,False,False,https://www.ecfr.gov/current/title-47/section-1.1406,2026-09-11,,false
47,Section,1,1.1406,,47 C.F.R. 1.1406,Commission consideration of the complaint.,Federal Communications Commission,Federal Communications Commission,General,Practice and Procedure,definition,binding,GAAP,False,False,https://www.ecfr.gov/current/title-47/section-1.1406,2026-09-11,,false
47,Section,1,1.1901,,47 C.F.R. 1.1901,Definitions and construction.,Federal Communications Commission,Federal Communications Commission,General,Practice and Procedure,binding,binding,generally-accepted-accounting,False,False,https://www.ecfr.gov/current/title-47/section-1.1901,2026-09-11,,false
47,Section,1,1.2110,,47 C.F.R. 1.2110,Designated entities.,Federal Communications Commission,Federal Communications Commission,General,Practice and Procedure,binding,binding,GAAP;generally-accepted-accounting,False,False,https://www.ecfr.gov/current/title-47/section-1.2110,2026-09-11,,false
47,Section,1,1.2110,,47 C.F.R. 1.2110,Designated entities.,Federal Communications Commission,Federal Communications Commission,General,Practice and Procedure,binding,binding,GAAP;generally-accepted-accounting,False,False,https://www.ecfr.gov/current/title-47/section-1.2110,2026-09-11,,false
47,Section,32,32.1220,,47 C.F.R. 32.1220,Inventories.,Federal Communications Commission,Federal Communications Commission,Common Carrier Services,Uniform System of Accounts for Telecommunications Companies,binding,binding,generally-accepted-accounting,False,False,https://www.ecfr.gov/current/title-47/section-32.1220,2026-09-11,,false
47,Section,32,32.12,,47 C.F.R. 32.12,Records.,Federal Communications Commission,Federal Communications Commission,Common Carrier Services,Uniform System of Accounts for Telecommunications Companies,binding,binding,generally-accepted-accounting,False,False,https://www.ecfr.gov/current/title-47/section-32.12,2026-09-11,,false
47,Section,32,32.16,,47 C.F.R. 32.16,Changes in accounting standards.,Federal Communications Commission,Federal Communications Commission,Common Carrier Services,Uniform System of Accounts for Telecommunications Companies,binding,binding,Financial Accounting Standards Board;generally-accepted-accounting,False,False,https://www.ecfr.gov/current/title-47/section-32.16,2026-09-11,2026-09-11,true
47,Section,32,32.1,,47 C.F.R. 32.1,Background.,Federal Communications Commission,Federal Communications Commission,Common Carrier Services,Uniform System of Accounts for Telecommunications Companies,other,other,GAAP;generally-accepted-accounting,False,False,https://www.ecfr.gov/current/title-47/section-32.1,2026-09-11,,false
47,Section,32,32.2000,,47 C.F.R. 32.2000,Instructions for telecommunications plant accounts.,Federal Communications Commission,Federal Communications Commission,Common Carrier Services,Uniform System of Accounts for Telecommunications Companies,binding,binding,GAAP,False,False,https://www.ecfr.gov/current/title-47/section-32.2000,2026-09-11,,false
47,Section,32,32.2311,,47 C.F.R. 32.2311,Station apparatus.,Federal Communications Commission,Federal Communications Commission,Common Carrier Services,Uniform System of Accounts for Telecommunications Companies,binding,binding,generally-accepted-accounting,False,False,https://www.ecfr.gov/current/title-47/section-32.2311,2026-09-11,,false
47,Section,32,32.26,,47 C.F.R. 32.26,Materiality.,Federal Communications Commission,Federal Communications Commission,Common Carrier Services,Uniform System of Accounts for Telecommunications Companies,permissive,permissive,GAAP,False,False,https://www.ecfr.gov/current/title-47/section-32.26,2026-09-11,,false
47,Section,32,32.4200,,47 C.F.R. 32.4200,Long term debt and funded debt.,Federal Communications Commission,Federal Communications Commission,Common Carrier Services,Uniform System of Accounts for Telecommunications Companies,binding,binding,generally-accepted-accounting,False,False,https://www.ecfr.gov/current/title-47/section-32.4200,2026-09-11,,false
47,Section,54,54.702,,47 C.F.R. 54.702,Administrator's functions and responsibilities.,Federal Communications Commission,Federal Communications Commission,Common Carrier Services,Universal Service,binding,binding,generally-accepted-accounting,False,False,https://www.ecfr.gov/current/title-47/section-54.702,2026-09-11,,false
47,Section,54,54.702,,47 C.F.R. 54.702,Administrator's functions and responsibilities.,Federal Communications Commission,Federal Communications Commission,Common Carrier Services,Universal Service,binding,binding,generally-accepted-accounting,False,False,https://www.ecfr.gov/current/title-47/section-54.702,2026-09-11,,false
47,Section,61,61.50,,47 C.F.R. 61.50,Regulation of business data services offered by rate-of-return carriers electing incentive regulation.,Federal Communications Commission,Federal Communications Commission,Common Carrier Services,Tariffs,other,other,generally-accepted-accounting,False,False,https://www.ecfr.gov/current/title-47/section-61.50,2026-09-11,,false
47,Section,64,64.604,,47 C.F.R. 64.604,Mandatory minimum standards.,Federal Communications Commission,Federal Communications Commission,Common Carrier Services,Miscellaneous Rules Relating to Common Carriers,binding,binding,generally-accepted-accounting,False,False,https://www.ecfr.gov/current/title-47/section-64.604,2026-09-11,,false
47,Section,69,69.809,,47 C.F.R. 69.809,Low-end adjustment mechanism.,Federal Communications Commission,Federal Communications Commission,Common Carrier Services,Access Charges,binding,binding,generally-accepted-accounting,False,False,https://www.ecfr.gov/current/title-47/section-69.809,2026-09-11,,false
47,Section,76,76.924,,47 C.F.R. 76.924,Allocation to service cost categories.,Federal Communications Commission,Federal Communications Commission,Broadcast Radio Services,Multichannel Video and Cable Television Service,binding,binding,generally-accepted-accounting,False,False,https://www.ecfr.gov/current/title-47/section-76.924,2026-09-11,,false
48,Section,1352,1352.215-76,,48 C.F.R. 1352.215-76,Cost or pricing data.,Department of Commerce,Department of Commerce,Clauses and Forms,Solicitation Provisions and Contract Clauses,binding,binding,generally-accepted-accounting,False,False,https://www.ecfr.gov/current/title-48/section-1352.215-76,2026-09-11,,false
48,Section,1852,1852.232-70,,48 C.F.R. 1852.232-70,NASA modification of FAR 52.232-12.,National Aeronautics and Space Administration,National Aeronautics and Space Administration,Clauses and Forms,Solicitation Provisions and Contract Clauses,binding,binding,generally-accepted-accounting,False,False,https://www.ecfr.gov/current/title-48/section-1852.232-70,2026-09-11,,false
48,Section,232,232.1003-70,,48 C.F.R. 232.1003-70,Criteria for use.,"Defense Acquisition Regulations System, Department of Defense","Defense Acquisition Regulations System, Department of Defense",General Contracting Requirements,Contract Financing,binding,binding,generally-accepted-accounting,False,False,https://www.ecfr.gov/current/title-48/section-232.1003-70,2026-09-11,,false
48,Section,252,252.232-7012,,48 C.F.R. 252.232-7012,Performance-Based Payments—Whole-Contract Basis.,"Defense Acquisition Regulations System, Department of Defense","Defense Acquisition Regulations System, Department of Defense",Clauses and Forms,Solicitation Provisions and Contract Clauses,binding,binding,generally-accepted-accounting,False,False,https://www.ecfr.gov/current/title-48/section-252.232-7012,2026-09-11,,false
48,Section,252,252.232-7013,,48 C.F.R. 252.232-7013,Performance-Based Payments—Deliverable-Item Basis.,"Defense Acquisition Regulations System, Department of Defense","Defense Acquisition Regulations System, Department of Defense",Clauses and Forms,Solicitation Provisions and Contract Clauses,binding,binding,generally-accepted-accounting,False,False,https://www.ecfr.gov/current/title-48/section-252.232-7013,2026-09-11,,false
48,Section,252,252.232-7015,,48 C.F.R. 252.232-7015,Performance-Based Payments—Representation.,"Defense Acquisition Regulations System, Department of Defense","Defense Acquisition Regulations System, Department of Defense",Clauses and Forms,Solicitation Provisions and Contract Clauses,binding,binding,generally-accepted-accounting,False,False,https://www.ecfr.gov/current/title-48/section-252.232-7015,2026-09-11,,false
48,Section,252,252.232-7015,,48 C.F.R. 252.232-7015,Performance-Based Payments—Representation.,"Defense Acquisition Regulations System, Department of Defense","Defense Acquisition Regulations System, Department of Defense",Clauses and Forms,Solicitation Provisions and Contract Clauses,other,binding,generally-accepted-accounting,False,False,https://www.ecfr.gov/current/title-48/section-252.232-7015,2026-09-11,,false
48,Section,252,252.242-7006,,48 C.F.R. 252.242-7006,Accounting System Administration.,"Defense Acquisition Regulations System, Department of Defense","Defense Acquisition Regulations System, Department of Defense",Clauses and Forms,Solicitation Provisions and Contract Clauses,binding,binding,generally-accepted-accounting,False,False,https://www.ecfr.gov/current/title-48/section-252.242-7006,2026-09-11,,false
48,Section,31,31.201-2,,48 C.F.R. 31.201-2,Determining allowability.,Federal Acquisition Regulation,Federal Acquisition Regulation,General Contracting Requirements,Contract Cost Principles and Procedures,other,other,generally-accepted-accounting,False,False,https://www.ecfr.gov/current/title-48/section-31.201-2,2026-09-11,2026-09-11,false
48,Section,31,31.203,,48 C.F.R. 31.203,Indirect costs.,Federal Acquisition Regulation,Federal Acquisition Regulation,General Contracting Requirements,Contract Cost Principles and Procedures,binding,binding,generally-accepted-accounting,False,False,https://www.ecfr.gov/current/title-48/section-31.203,2026-09-11,,false
48,Section,31,31.205-11,,48 C.F.R. 31.205-11,Depreciation.,Federal Acquisition Regulation,Federal Acquisition Regulation,General Contracting Requirements,Contract Cost Principles and Procedures,definition,binding,Accounting Standards Codification;FASB;FASB ASC,False,False,https://www.ecfr.gov/current/title-48/section-31.205-11,2026-09-11,,true
48,Section,31,31.205-11,,48 C.F.R. 31.205-11,Depreciation.,Federal Acquisition Regulation,Federal Acquisition Regulation,General Contracting Requirements,Contract Cost Principles and Procedures,binding,binding,Accounting Standards Codification;FASB;FASB ASC,False,False,https://www.ecfr.gov/current/title-48/section-31.205-11,2026-09-11,,true
48,Section,31,31.205-36,,48 C.F.R. 31.205-36,Rental costs.,Federal Acquisition Regulation,Federal Acquisition Regulation,General Contracting Requirements,Contract Cost Principles and Procedures,definition,definition,Accounting Standards Codification;FASB;FASB ASC,False,False,https://www.ecfr.gov/current/title-48/section-31.205-36,2026-09-11,,true
48,Section,31,31.205-41,,48 C.F.R. 31.205-41,Taxes.,Federal Acquisition Regulation,Federal Acquisition Regulation,General Contracting Requirements,Contract Cost Principles and Procedures,binding,binding,generally-accepted-accounting,False,False,https://www.ecfr.gov/current/title-48/section-31.205-41,2026-09-11,,false
48,Section,31,31.205-6,,48 C.F.R. 31.205-6,Compensation for personal services.,Federal Acquisition Regulation,Federal Acquisition Regulation,General Contracting Requirements,Contract Cost Principles and Procedures,other,other,generally-accepted-accounting,False,False,https://www.ecfr.gov/current/title-48/section-31.205-6,2026-09-11,,false
48,Section,45,45.101,,48 C.F.R. 45.101,Definitions.,Federal Acquisition Regulation,Federal Acquisition Regulation,Contract Management,Government Property,permissive,permissive,generally-accepted-accounting,False,False,https://www.ecfr.gov/current/title-48/section-45.101,2026-09-11,,false
48,Section,52,52.204-10,,48 C.F.R. 52.204-10,Reporting Executive Compensation and First-Tier Subcontract Awards.,Federal Acquisition Regulation,Federal Acquisition Regulation,Clauses and Forms,Solicitation Provisions and Contract Clauses,binding,binding,Accounting Standards Codification;FASB;FASB ASC,False,False,https://www.ecfr.gov/current/title-48/section-52.204-10,2026-09-11,,true
48,Section,52,52.232-12,,48 C.F.R. 52.232-12,Advance Payments.,Federal Acquisition Regulation,Federal Acquisition Regulation,Clauses and Forms,Solicitation Provisions and Contract Clauses,binding,binding,generally-accepted-accounting,False,False,https://www.ecfr.gov/current/title-48/section-52.232-12,2026-09-11,,false
48,Section,52,52.232-12,,48 C.F.R. 52.232-12,Advance Payments.,Federal Acquisition Regulation,Federal Acquisition Regulation,Clauses and Forms,Solicitation Provisions and Contract Clauses,binding,binding,generally-accepted-accounting,False,False,https://www.ecfr.gov/current/title-48/section-52.232-12,2026-09-11,,false
48,Section,52,52.232-12,,48 C.F.R. 52.232-12,Advance Payments.,Federal Acquisition Regulation,Federal Acquisition Regulation,Clauses and Forms,Solicitation Provisions and Contract Clauses,binding,binding,generally-accepted-accounting,False,False,https://www.ecfr.gov/current/title-48/section-52.232-12,2026-09-11,,false
48,Section,52,52.232-12,,48 C.F.R. 52.232-12,Advance Payments.,Federal Acquisition Regulation,Federal Acquisition Regulation,Clauses and Forms,Solicitation Provisions and Contract Clauses,binding,binding,generally-accepted-accounting,False,False,https://www.ecfr.gov/current/title-48/section-52.232-12,2026-09-11,,false
48,Section,52,52.232-16,,48 C.F.R. 52.232-16,Progress Payments.,Federal Acquisition Regulation,Federal Acquisition Regulation,Clauses and Forms,Solicitation Provisions and Contract Clauses,binding,binding,generally-accepted-accounting,False,False,https://www.ecfr.gov/current/title-48/section-52.232-16,2026-09-11,,false
48,Section,52,52.232-16,,48 C.F.R. 52.232-16,Progress Payments.,Federal Acquisition Regulation,Federal Acquisition Regulation,Clauses and Forms,Solicitation Provisions and Contract Clauses,other,binding,generally-accepted-accounting,False,False,https://www.ecfr.gov/current/title-48/section-52.232-16,2026-09-11,,false
48,Section,52,52.232-32,,48 C.F.R. 52.232-32,Performance-Based Payments.,Federal Acquisition Regulation,Federal Acquisition Regulation,Clauses and Forms,Solicitation Provisions and Contract Clauses,other,other,generally-accepted-accounting,False,False,https://www.ecfr.gov/current/title-48/section-52.232-32,2026-09-11,,false
48,Section,52,52.245-1,,48 C.F.R. 52.245-1,Government Property.,Federal Acquisition Regulation,Federal Acquisition Regulation,Clauses and Forms,Solicitation Provisions and Contract Clauses,definition,definition,generally-accepted-accounting,False,False,https://www.ecfr.gov/current/title-48/section-52.245-1,2026-09-11,,false
48,Section,552,552.236-80,,48 C.F.R. 552.236-80,Accounting Records and Progress Payments.,General Services Administration,General Services Administration,Clauses and Forms,Solicitation Provisions and Contract Clauses,binding,binding,GAAP;generally-accepted-accounting,False,False,https://www.ecfr.gov/current/title-48/section-552.236-80,2026-09-11,,false
48,Section,832,832.202-4,,48 C.F.R. 832.202-4,Security for Government financing.,Department of Veterans Affairs,Department of Veterans Affairs,General Contracting Requirements,Contract Financing,binding,binding,generally-accepted-accounting,False,False,https://www.ecfr.gov/current/title-48/section-832.202-4,2026-09-11,,false
48,Section,970,970.5232-3,,48 C.F.R. 970.5232-3,"Accounts, records, and inspection.",Department of Energy,Department of Energy,Agency Supplementary Regulations,DOE Management and Operating Contracts,binding,binding,generally-accepted-accounting,False,False,https://www.ecfr.gov/current/title-48/section-970.5232-3,2026-09-11,,false
48,Section,970,970.5232-7,,48 C.F.R. 970.5232-7,Financial management system.,Department of Energy,Department of Energy,Agency Supplementary Regulations,DOE Management and Operating Contracts,binding,binding,GAAP;generally-accepted-accounting,False,False,https://www.ecfr.gov/current/title-48/section-970.5232-7,2026-09-11,,false
48,Section,9903,9903.201-9,,48 C.F.R. 9903.201-9,Treatment of certain compliant cost accounting practice changes related to conformance of CAS to GAAP.,"Cost Accounting Standards Board, Office of Federal Procurement Policy, Office of Management and Budget","Cost Accounting Standards Board, Office of Federal Procurement Policy, Office of Management and Budget",Procurement Practices and Cost Accounting Standards,Contract Coverage,other,binding,GAAP,False,False,https://www.ecfr.gov/current/title-48/section-9903.201-9,2026-09-11,,false
48,Section,9903,9903.201-9,,48 C.F.R. 9903.201-9,Treatment of certain compliant cost accounting practice changes related to conformance of CAS to GAAP.,"Cost Accounting Standards Board, Office of Federal Procurement Policy, Office of Management and Budget","Cost Accounting Standards Board, Office of Federal Procurement Policy, Office of Management and Budget",Procurement Practices and Cost Accounting Standards,Contract Coverage,other,binding,GAAP,False,False,https://www.ecfr.gov/current/title-48/section-9903.201-9,2026-09-11,,false
48,Section,9903,9903.201-9,,48 C.F.R. 9903.201-9,Treatment of certain compliant cost accounting practice changes related to conformance of CAS to GAAP.,"Cost Accounting Standards Board, Office of Federal Procurement Policy, Office of Management and Budget","Cost Accounting Standards Board, Office of Federal Procurement Policy, Office of Management and Budget",Procurement Practices and Cost Accounting Standards,Contract Coverage,binding,binding,GAAP,False,False,https://www.ecfr.gov/current/title-48/section-9903.201-9,2026-09-11,,false
48,Section,9903,9903.201-9,,48 C.F.R. 9903.201-9,Treatment of certain compliant cost accounting practice changes related to conformance of CAS to GAAP.,"Cost Accounting Standards Board, Office of Federal Procurement Policy, Office of Management and Budget","Cost Accounting Standards Board, Office of Federal Procurement Policy, Office of Management and Budget",Procurement Practices and Cost Accounting Standards,Contract Coverage,other,binding,GAAP,False,False,https://www.ecfr.gov/current/title-48/section-9903.201-9,2026-09-11,,false
48,Section,9903,9903.201-9,,48 C.F.R. 9903.201-9,Treatment of certain compliant cost accounting practice changes related to conformance of CAS to GAAP.,"Cost Accounting Standards Board, Office of Federal Procurement Policy, Office of Management and Budget","Cost Accounting Standards Board, Office of Federal Procurement Policy, Office of Management and Budget",Procurement Practices and Cost Accounting Standards,Contract Coverage,other,binding,GAAP,False,False,https://www.ecfr.gov/current/title-48/section-9903.201-9,2026-09-11,,false
48,Section,9904,9904.405-40,,48 C.F.R. 9904.405-40,Fundamental requirement.,"Cost Accounting Standards Board, Office of Federal Procurement Policy, Office of Management and Budget","Cost Accounting Standards Board, Office of Federal Procurement Policy, Office of Management and Budget",Procurement Practices and Cost Accounting Standards,Cost Accounting Standards,other,other,GAAP,False,False,https://www.ecfr.gov/current/title-48/section-9904.405-40,2026-09-11,,false
48,Section,9904,9904.416-50,,48 C.F.R. 9904.416-50,Techniques for application.,"Cost Accounting Standards Board, Office of Federal Procurement Policy, Office of Management and Budget","Cost Accounting Standards Board, Office of Federal Procurement Policy, Office of Management and Budget",Procurement Practices and Cost Accounting Standards,Cost Accounting Standards,binding,binding,generally-accepted-accounting,False,False,https://www.ecfr.gov/current/title-48/section-9904.416-50,2026-09-11,,false
48,Section,9904,9904.416-50,,48 C.F.R. 9904.416-50,Techniques for application.,"Cost Accounting Standards Board, Office of Federal Procurement Policy, Office of Management and Budget","Cost Accounting Standards Board, Office of Federal Procurement Policy, Office of Management and Budget",Procurement Practices and Cost Accounting Standards,Cost Accounting Standards,binding,binding,generally-accepted-accounting,False,False,https://www.ecfr.gov/current/title-48/section-9904.416-50,2026-09-11,,false
48,Section,9904,9904.416-50,,48 C.F.R. 9904.416-50,Techniques for application.,"Cost Accounting Standards Board, Office of Federal Procurement Policy, Office of Management and Budget","Cost Accounting Standards Board, Office of Federal Procurement Policy, Office of Management and Budget",Procurement Practices and Cost Accounting Standards,Cost Accounting Standards,permissive,binding,generally-accepted-accounting,False,False,https://www.ecfr.gov/current/title-48/section-9904.416-50,2026-09-11,,false
49,Appendix,1511,,Appendix A to Part 1511,"49 C.F.R. pt. 1511, Appendix A to Part 1511",,"Transportation Security Administration, Department of Homeland Security","Transportation Security Administration, Department of Homeland Security",Administrative and Procedural Rules,Aviation Security Infrastructure Fee,binding,binding,generally-accepted-accounting,True,False,https://www.ecfr.gov/current/title-49/part-1511,2026-09-11,,false
49,Section,1200,1200.1,,49 C.F.R. 1200.1,Financial statements released by carriers.,Surface Transportation Board,Surface Transportation Board,"Accounts, Records and Reports",General Accounting Regulations Under the Interstate Commerce Act,permissive,permissive,generally-accepted-accounting,False,False,https://www.ecfr.gov/current/title-49/section-1200.1,2026-09-11,,false
49,Section,1200,1200.2,,49 C.F.R. 1200.2,Adoption of generally accepted accounting principles issued by the Financial Accounting Standards Board (FASB).,Surface Transportation Board,Surface Transportation Board,"Accounts, Records and Reports",General Accounting Regulations Under the Interstate Commerce Act,other,binding,FASB;Financial Accounting Standards Board;generally-accepted-accounting,False,False,https://www.ecfr.gov/current/title-49/section-1200.2,2026-09-11,2026-09-11,true
49,Section,1200,1200.2,,49 C.F.R. 1200.2,Adoption of generally accepted accounting principles issued by the Financial Accounting Standards Board (FASB).,Surface Transportation Board,Surface Transportation Board,"Accounts, Records and Reports",General Accounting Regulations Under the Interstate Commerce Act,binding,binding,FASB;Financial Accounting Standards Board;generally-accepted-accounting,False,False,https://www.ecfr.gov/current/title-49/section-1200.2,2026-09-11,2026-09-11,true
49,Section,1200,1200.2,,49 C.F.R. 1200.2,Adoption of generally accepted accounting principles issued by the Financial Accounting Standards Board (FASB).,Surface Transportation Board,Surface Transportation Board,"Accounts, Records and Reports",General Accounting Regulations Under the Interstate Commerce Act,permissive,binding,FASB;Financial Accounting Standards Board;generally-accepted-accounting,False,False,https://www.ecfr.gov/current/title-49/section-1200.2,2026-09-11,2026-09-11,true
5,Section,950,950.203,,5 C.F.R. 950.203,Public accountability standards.,Office of Personnel Management,Office of Personnel Management,Civil Service Regulations,Solicitation of Federal Civilian and Uniformed Service Personnel for Contributions to Private Voluntary Organizations,binding,binding,Financial Accounting Standards Board;generally-accepted-accounting,False,False,https://www.ecfr.gov/current/title-5/section-950.203,2026-09-11,,false
5,Section,950,950.203,,5 C.F.R. 950.203,Public accountability standards.,Office of Personnel Management,Office of Personnel Management,Civil Service Regulations,Solicitation of Federal Civilian and Uniformed Service Personnel for Contributions to Private Voluntary Organizations,binding,binding,Financial Accounting Standards Board;generally-accepted-accounting,False,False,https://www.ecfr.gov/current/title-5/section-950.203,2026-09-11,,true
5,Section,950,950.203,,5 C.F.R. 950.203,Public accountability standards.,Office of Personnel Management,Office of Personnel Management,Civil Service Regulations,Solicitation of Federal Civilian and Uniformed Service Personnel for Contributions to Private Voluntary Organizations,binding,binding,Financial Accounting Standards Board;generally-accepted-accounting,False,False,https://www.ecfr.gov/current/title-5/section-950.203,2026-09-11,,false
7,Appendix,1770,,Appendix to Subpart C of Part 1770,"7 C.F.R. pt. 1770, Appendix to Subpart C of Part 1770",,"Rural Utilities Service, Department of Agriculture","Rural Utilities Service, Department of Agriculture",,Accounting Requirements for RUS Telecommunications Borrowers,other,other,FASB;Financial Accounting Standards Board,True,False,https://www.ecfr.gov/current/title-7/part-1770,2026-09-11,,true
7,Appendix,1770,,Appendix to Subpart C of Part 1770,"7 C.F.R. pt. 1770, Appendix to Subpart C of Part 1770",,"Rural Utilities Service, Department of Agriculture","Rural Utilities Service, Department of Agriculture",,Accounting Requirements for RUS Telecommunications Borrowers,other,other,FASB;Financial Accounting Standards Board,True,False,https://www.ecfr.gov/current/title-7/part-1770,2026-09-11,,true
7,Appendix,1770,,Appendix to Subpart C of Part 1770,"7 C.F.R. pt. 1770, Appendix to Subpart C of Part 1770",,"Rural Utilities Service, Department of Agriculture","Rural Utilities Service, Department of Agriculture",,Accounting Requirements for RUS Telecommunications Borrowers,other,other,FASB;Financial Accounting Standards Board,True,False,https://www.ecfr.gov/current/title-7/part-1770,2026-09-11,,true
7,Appendix,1770,,Appendix to Subpart C of Part 1770,"7 C.F.R. pt. 1770, Appendix to Subpart C of Part 1770",,"Rural Utilities Service, Department of Agriculture","Rural Utilities Service, Department of Agriculture",,Accounting Requirements for RUS Telecommunications Borrowers,other,other,FASB;Financial Accounting Standards Board,True,False,https://www.ecfr.gov/current/title-7/part-1770,2026-09-11,,true
7,Appendix,277,,Appendix A to Part 277,"7 C.F.R. pt. 277, Appendix A to Part 277",,"Food and Nutrition Service, Department of Agriculture","Food and Nutrition Service, Department of Agriculture",Supplemental Nutrition Assistance and Food Distribution Program,Payments of Certain Administrative Costs of State Agencies,other,other,generally-accepted-accounting,True,False,https://www.ecfr.gov/current/title-7/part-277,2026-09-11,,false
7,Section,1209,1209.39,,7 C.F.R. 1209.39,Duties.,"Agricultural Marketing Service (Marketing Agreements and Orders; Miscellaneous Commodities), Department of Agriculture","Agricultural Marketing Service (Marketing Agreements and Orders; Miscellaneous Commodities), Department of Agriculture",,"Mushroom Promotion, Research, and Consumer Information Order",permissive,permissive,generally-accepted-accounting,False,False,https://www.ecfr.gov/current/title-7/section-1209.39,2026-09-11,,false
7,Section,1215,1215.30,,7 C.F.R. 1215.30,Duties.,"Agricultural Marketing Service (Marketing Agreements and Orders; Miscellaneous Commodities), Department of Agriculture","Agricultural Marketing Service (Marketing Agreements and Orders; Miscellaneous Commodities), Department of Agriculture",,"Popcorn Promotion, Research, and Consumer Information",permissive,permissive,generally-accepted-accounting,False,False,https://www.ecfr.gov/current/title-7/section-1215.30,2026-09-11,,false
7,Section,1421,1421.406,,7 C.F.R. 1421.406,Reporting requirements.,"Commodity Credit Corporation, Department of Agriculture","Commodity Credit Corporation, Department of Agriculture","Loans, Purchases, and Other Operations",Grains and Similarly Handled Commodities - Marketing Assistance Loans and Loan Deficiency Payments,other,other,generally-accepted-accounting,False,False,https://www.ecfr.gov/current/title-7/section-1421.406,2026-09-11,,false
7,Section,1425,1425.17,,7 C.F.R. 1425.17,Eligible commodity and pooling.,"Commodity Credit Corporation, Department of Agriculture","Commodity Credit Corporation, Department of Agriculture","Loans, Purchases, and Other Operations",Cooperative Marketing Associations,other,other,generally-accepted-accounting,False,False,https://www.ecfr.gov/current/title-7/section-1425.17,2026-09-11,,false
7,Section,1425,1425.4,,7 C.F.R. 1425.4,Approval.,"Commodity Credit Corporation, Department of Agriculture","Commodity Credit Corporation, Department of Agriculture","Loans, Purchases, and Other Operations",Cooperative Marketing Associations,binding,binding,generally-accepted-accounting,False,False,https://www.ecfr.gov/current/title-7/section-1425.4,2026-09-11,,false
7,Section,1425,1425.4,,7 C.F.R. 1425.4,Approval.,"Commodity Credit Corporation, Department of Agriculture","Commodity Credit Corporation, Department of Agriculture","Loans, Purchases, and Other Operations",Cooperative Marketing Associations,binding,binding,generally-accepted-accounting,False,False,https://www.ecfr.gov/current/title-7/section-1425.4,2026-09-11,,false
7,Section,1484,1484.33,,7 C.F.R. 1484.33,Financial management.,"Commodity Credit Corporation, Department of Agriculture","Commodity Credit Corporation, Department of Agriculture",Export Programs,Programs to Help Develop Foreign Markets for Agricultural Commodities,binding,binding,generally-accepted-accounting,False,False,https://www.ecfr.gov/current/title-7/section-1484.33,2026-09-11,,false
7,Section,1485,1485.21,,7 C.F.R. 1485.21,Financial management.,"Commodity Credit Corporation, Department of Agriculture","Commodity Credit Corporation, Department of Agriculture",Export Programs,Grant Agreements for the Development of Foreign Markets for U.S. Agricultural Commodities,binding,binding,generally-accepted-accounting,False,False,https://www.ecfr.gov/current/title-7/section-1485.21,2026-09-11,,false
7,Section,1489,1489.20,,7 C.F.R. 1489.20,Financial management.,"Commodity Credit Corporation, Department of Agriculture","Commodity Credit Corporation, Department of Agriculture",Export Programs,Regional Agricultural Promotion Program,binding,binding,generally-accepted-accounting,False,False,https://www.ecfr.gov/current/title-7/section-1489.20,2026-09-11,,false
7,Section,1700,1700.32,,7 C.F.R. 1700.32,Program Accounting and Regulatory Analysis.,"Rural Utilities Service, Department of Agriculture","Rural Utilities Service, Department of Agriculture",,General Information,other,other,Financial Accounting Standards Board,False,False,https://www.ecfr.gov/current/title-7/section-1700.32,2026-09-11,,true
7,Section,1710,1710.501,,7 C.F.R. 1710.501,Loan application documents.,"Rural Utilities Service, Department of Agriculture","Rural Utilities Service, Department of Agriculture",,General and Pre-Loan Policies and Procedures Common to Electric Loans and Guarantees,other,other,GAAP,False,False,https://www.ecfr.gov/current/title-7/section-1710.501,2026-09-11,,false
7,Section,1719,1719.13,,7 C.F.R. 1719.13,Auditing and accounting requirements.,"Rural Utilities Service, Department of Agriculture","Rural Utilities Service, Department of Agriculture",,Rural Energy Savings Program,binding,binding,GAAP,False,False,https://www.ecfr.gov/current/title-7/section-1719.13,2026-09-11,,false
7,Section,1719,1719.2,,7 C.F.R. 1719.2,Definitions.,"Rural Utilities Service, Department of Agriculture","Rural Utilities Service, Department of Agriculture",,Rural Energy Savings Program,definition,definition,Accounting Standards Codification;FASB;Financial Accounting Standards Board;GAAP;generally-accepted-accounting,False,False,https://www.ecfr.gov/current/title-7/section-1719.2,2026-09-11,,true
7,Section,1720,1720.3,,7 C.F.R. 1720.3,Definitions.,"Rural Utilities Service, Department of Agriculture","Rural Utilities Service, Department of Agriculture",,Guarantees for Bonds and Notes Issued for Utility Infrastructure Purposes,other,other,generally-accepted-accounting,False,False,https://www.ecfr.gov/current/title-7/section-1720.3,2026-09-11,,false
7,Section,1735,1735.92,,7 C.F.R. 1735.92,Accounting considerations.,"Rural Utilities Service, Department of Agriculture","Rural Utilities Service, Department of Agriculture",,"General Policies, Types of Loans, Loan Requirements - Telecommunications Program",binding,binding,generally-accepted-accounting,False,False,https://www.ecfr.gov/current/title-7/section-1735.92,2026-09-11,,false
7,Section,1737,1737.90,,7 C.F.R. 1737.90,Loan approval requirements.,"Rural Utilities Service, Department of Agriculture","Rural Utilities Service, Department of Agriculture",,Pre-Loan Policies and Procedures Common to Insured and Guaranteed Telecommunications Loans,other,other,generally-accepted-accounting,False,False,https://www.ecfr.gov/current/title-7/section-1737.90,2026-09-11,,false
7,Section,1738,1738.206,,7 C.F.R. 1738.206,Financial information.,"Rural Utilities Service, Department of Agriculture","Rural Utilities Service, Department of Agriculture",,"Rural Broadband Loans, Loan/Grant Combinations, and Loan Guarantees",other,other,GAAP;U.S. GAAP,False,False,https://www.ecfr.gov/current/title-7/section-1738.206,2026-09-11,,false
7,Section,1738,1738.2,,7 C.F.R. 1738.2,Definitions.,"Rural Utilities Service, Department of Agriculture","Rural Utilities Service, Department of Agriculture",,"Rural Broadband Loans, Loan/Grant Combinations, and Loan Guarantees",definition,binding,GAAP;generally-accepted-accounting,False,False,https://www.ecfr.gov/current/title-7/section-1738.2,2026-09-11,,false
7,Section,1738,1738.2,,7 C.F.R. 1738.2,Definitions.,"Rural Utilities Service, Department of Agriculture","Rural Utilities Service, Department of Agriculture",,"Rural Broadband Loans, Loan/Grant Combinations, and Loan Guarantees",other,binding,GAAP;generally-accepted-accounting,False,False,https://www.ecfr.gov/current/title-7/section-1738.2,2026-09-11,,false
7,Section,1738,1738.2,,7 C.F.R. 1738.2,Definitions.,"Rural Utilities Service, Department of Agriculture","Rural Utilities Service, Department of Agriculture",,"Rural Broadband Loans, Loan/Grant Combinations, and Loan Guarantees",binding,binding,GAAP;generally-accepted-accounting,False,False,https://www.ecfr.gov/current/title-7/section-1738.2,2026-09-11,,false
7,Section,1738,1738.56,,7 C.F.R. 1738.56,Eligible assistance purposes.,"Rural Utilities Service, Department of Agriculture","Rural Utilities Service, Department of Agriculture",,"Rural Broadband Loans, Loan/Grant Combinations, and Loan Guarantees",other,other,GAAP,False,False,https://www.ecfr.gov/current/title-7/section-1738.56,2026-09-11,,false
7,Section,1740,1740.2,,7 C.F.R. 1740.2,Definitions.,"Rural Utilities Service, Department of Agriculture","Rural Utilities Service, Department of Agriculture",,Rural Econnectivity Program,definition,binding,GAAP;accounting,False,False,https://www.ecfr.gov/current/title-7/section-1740.2,2026-09-11,,false
7,Section,1740,1740.2,,7 C.F.R. 1740.2,Definitions.,"Rural Utilities Service, Department of Agriculture","Rural Utilities Service, Department of Agriculture",,Rural Econnectivity Program,binding,binding,GAAP;accounting,False,False,https://www.ecfr.gov/current/title-7/section-1740.2,2026-09-11,,false
7,Section,1740,1740.2,,7 C.F.R. 1740.2,Definitions.,"Rural Utilities Service, Department of Agriculture","Rural Utilities Service, Department of Agriculture",,Rural Econnectivity Program,other,binding,GAAP;accounting,False,False,https://www.ecfr.gov/current/title-7/section-1740.2,2026-09-11,,false
7,Section,1740,1740.2,,7 C.F.R. 1740.2,Definitions.,"Rural Utilities Service, Department of Agriculture","Rural Utilities Service, Department of Agriculture",,Rural Econnectivity Program,binding,binding,GAAP;accounting,False,False,https://www.ecfr.gov/current/title-7/section-1740.2,2026-09-11,,false
7,Section,1740,1740.63,,7 C.F.R. 1740.63,Financial information.,"Rural Utilities Service, Department of Agriculture","Rural Utilities Service, Department of Agriculture",,Rural Econnectivity Program,other,other,GAAP,False,False,https://www.ecfr.gov/current/title-7/section-1740.63,2026-09-11,,false
7,Section,1752,1752.3,,7 C.F.R. 1752.3,Definitions.,"Rural Utilities Service, Department of Agriculture","Rural Utilities Service, Department of Agriculture",,Servicing of Telecommunications Programs,binding,binding,generally-accepted-accounting,False,False,https://www.ecfr.gov/current/title-7/section-1752.3,2026-09-11,,false
7,Section,1767,1767.10,,7 C.F.R. 1767.10,Definitions.,"Rural Utilities Service, Department of Agriculture","Rural Utilities Service, Department of Agriculture",,Accounting Requirements for RUS Electric Borrowers,other,other,FASB;Financial Accounting Standards Board,False,False,https://www.ecfr.gov/current/title-7/section-1767.10,2026-09-11,,true
7,Section,1767,1767.41,,7 C.F.R. 1767.41,Accounting methods and procedures required of all RUS borrowers.,"Rural Utilities Service, Department of Agriculture","Rural Utilities Service, Department of Agriculture",,Accounting Requirements for RUS Electric Borrowers,other,binding,FASB;Financial Accounting Standards Board;GAAP;generally-accepted-accounting,False,False,https://www.ecfr.gov/current/title-7/section-1767.41,2026-09-11,,true
7,Section,1767,1767.41,,7 C.F.R. 1767.41,Accounting methods and procedures required of all RUS borrowers.,"Rural Utilities Service, Department of Agriculture","Rural Utilities Service, Department of Agriculture",,Accounting Requirements for RUS Electric Borrowers,other,binding,FASB;Financial Accounting Standards Board;GAAP;generally-accepted-accounting,False,False,https://www.ecfr.gov/current/title-7/section-1767.41,2026-09-11,,true
7,Section,1767,1767.41,,7 C.F.R. 1767.41,Accounting methods and procedures required of all RUS borrowers.,"Rural Utilities Service, Department of Agriculture","Rural Utilities Service, Department of Agriculture",,Accounting Requirements for RUS Electric Borrowers,binding,binding,FASB;Financial Accounting Standards Board;GAAP;generally-accepted-accounting,False,False,https://www.ecfr.gov/current/title-7/section-1767.41,2026-09-11,,true
7,Section,1767,1767.41,,7 C.F.R. 1767.41,Accounting methods and procedures required of all RUS borrowers.,"Rural Utilities Service, Department of Agriculture","Rural Utilities Service, Department of Agriculture",,Accounting Requirements for RUS Electric Borrowers,binding,binding,FASB;Financial Accounting Standards Board;GAAP;generally-accepted-accounting,False,False,https://www.ecfr.gov/current/title-7/section-1767.41,2026-09-11,,true
7,Section,1767,1767.41,,7 C.F.R. 1767.41,Accounting methods and procedures required of all RUS borrowers.,"Rural Utilities Service, Department of Agriculture","Rural Utilities Service, Department of Agriculture",,Accounting Requirements for RUS Electric Borrowers,other,binding,FASB;Financial Accounting Standards Board;GAAP;generally-accepted-accounting,False,False,https://www.ecfr.gov/current/title-7/section-1767.41,2026-09-11,,true
7,Section,1767,1767.41,,7 C.F.R. 1767.41,Accounting methods and procedures required of all RUS borrowers.,"Rural Utilities Service, Department of Agriculture","Rural Utilities Service, Department of Agriculture",,Accounting Requirements for RUS Electric Borrowers,other,binding,FASB;Financial Accounting Standards Board;GAAP;generally-accepted-accounting,False,False,https://www.ecfr.gov/current/title-7/section-1767.41,2026-09-11,,false
7,Section,1767,1767.41,,7 C.F.R. 1767.41,Accounting methods and procedures required of all RUS borrowers.,"Rural Utilities Service, Department of Agriculture","Rural Utilities Service, Department of Agriculture",,Accounting Requirements for RUS Electric Borrowers,other,binding,FASB;Financial Accounting Standards Board;GAAP;generally-accepted-accounting,False,False,https://www.ecfr.gov/current/title-7/section-1767.41,2026-09-11,,true
7,Section,1767,1767.41,,7 C.F.R. 1767.41,Accounting methods and procedures required of all RUS borrowers.,"Rural Utilities Service, Department of Agriculture","Rural Utilities Service, Department of Agriculture",,Accounting Requirements for RUS Electric Borrowers,other,binding,FASB;Financial Accounting Standards Board;GAAP;generally-accepted-accounting,False,False,https://www.ecfr.gov/current/title-7/section-1767.41,2026-09-11,,false
7,Section,1767,1767.41,,7 C.F.R. 1767.41,Accounting methods and procedures required of all RUS borrowers.,"Rural Utilities Service, Department of Agriculture","Rural Utilities Service, Department of Agriculture",,Accounting Requirements for RUS Electric Borrowers,other,binding,FASB;Financial Accounting Standards Board;GAAP;generally-accepted-accounting,False,False,https://www.ecfr.gov/current/title-7/section-1767.41,2026-09-11,,true
7,Section,1773,1773.2,,7 C.F.R. 1773.2,Definitions.,"Rural Utilities Service, Department of Agriculture","Rural Utilities Service, Department of Agriculture",,Policy on Audits of RUS Awardees,definition,binding,Accounting Standards Codification;FASB;Financial Accounting Standards Board;GAAP;generally-accepted-accounting,False,False,https://www.ecfr.gov/current/title-7/section-1773.2,2026-09-11,,true
7,Section,1773,1773.2,,7 C.F.R. 1773.2,Definitions.,"Rural Utilities Service, Department of Agriculture","Rural Utilities Service, Department of Agriculture",,Policy on Audits of RUS Awardees,binding,binding,Accounting Standards Codification;FASB;Financial Accounting Standards Board;GAAP;generally-accepted-accounting,False,False,https://www.ecfr.gov/current/title-7/section-1773.2,2026-09-11,,false
7,Section,1773,1773.2,,7 C.F.R. 1773.2,Definitions.,"Rural Utilities Service, Department of Agriculture","Rural Utilities Service, Department of Agriculture",,Policy on Audits of RUS Awardees,definition,binding,Accounting Standards Codification;FASB;Financial Accounting Standards Board;GAAP;generally-accepted-accounting,False,False,https://www.ecfr.gov/current/title-7/section-1773.2,2026-09-11,,true
7,Section,1773,1773.2,,7 C.F.R. 1773.2,Definitions.,"Rural Utilities Service, Department of Agriculture","Rural Utilities Service, Department of Agriculture",,Policy on Audits of RUS Awardees,definition,binding,Accounting Standards Codification;FASB;Financial Accounting Standards Board;GAAP;generally-accepted-accounting,False,False,https://www.ecfr.gov/current/title-7/section-1773.2,2026-09-11,,true
7,Section,1773,1773.2,,7 C.F.R. 1773.2,Definitions.,"Rural Utilities Service, Department of Agriculture","Rural Utilities Service, Department of Agriculture",,Policy on Audits of RUS Awardees,definition,binding,Accounting Standards Codification;FASB;Financial Accounting Standards Board;GAAP;generally-accepted-accounting,False,False,https://www.ecfr.gov/current/title-7/section-1773.2,2026-09-11,,true
7,Section,1773,1773.2,,7 C.F.R. 1773.2,Definitions.,"Rural Utilities Service, Department of Agriculture","Rural Utilities Service, Department of Agriculture",,Policy on Audits of RUS Awardees,definition,binding,Accounting Standards Codification;FASB;Financial Accounting Standards Board;GAAP;generally-accepted-accounting,False,False,https://www.ecfr.gov/current/title-7/section-1773.2,2026-09-11,,true
7,Section,1773,1773.2,,7 C.F.R. 1773.2,Definitions.,"Rural Utilities Service, Department of Agriculture","Rural Utilities Service, Department of Agriculture",,Policy on Audits of RUS Awardees,other,binding,Accounting Standards Codification;FASB;Financial Accounting Standards Board;GAAP;generally-accepted-accounting,False,False,https://www.ecfr.gov/current/title-7/section-1773.2,2026-09-11,,true
7,Section,1773,1773.31,,7 C.F.R. 1773.31,Auditor's report on the financial statements.,"Rural Utilities Service, Department of Agriculture","Rural Utilities Service, Department of Agriculture",,Policy on Audits of RUS Awardees,binding,binding,GAAP,False,False,https://www.ecfr.gov/current/title-7/section-1773.31,2026-09-11,,false
7,Section,1773,1773.3,,7 C.F.R. 1773.3,Annual audit.,"Rural Utilities Service, Department of Agriculture","Rural Utilities Service, Department of Agriculture",,Policy on Audits of RUS Awardees,binding,binding,GAAP,False,False,https://www.ecfr.gov/current/title-7/section-1773.3,2026-09-11,,false
7,Section,1773,1773.40,,7 C.F.R. 1773.40,Regulatory assets.,"Rural Utilities Service, Department of Agriculture","Rural Utilities Service, Department of Agriculture",,Policy on Audits of RUS Awardees,binding,binding,Accounting Standards Codification;FASB,False,False,https://www.ecfr.gov/current/title-7/section-1773.40,2026-09-11,,true
7,Section,1773,1773.45,,7 C.F.R. 1773.45,Regulatory liabilities.,"Rural Utilities Service, Department of Agriculture","Rural Utilities Service, Department of Agriculture",,Policy on Audits of RUS Awardees,binding,binding,Accounting Standards Codification;FASB,False,False,https://www.ecfr.gov/current/title-7/section-1773.45,2026-09-11,,true
7,Section,1773,1773.4,,7 C.F.R. 1773.4,Auditee's responsibilities.,"Rural Utilities Service, Department of Agriculture","Rural Utilities Service, Department of Agriculture",,Policy on Audits of RUS Awardees,other,other,GAAP,False,False,https://www.ecfr.gov/current/title-7/section-1773.4,2026-09-11,,false
7,Section,1773,1773.4,,7 C.F.R. 1773.4,Auditee's responsibilities.,"Rural Utilities Service, Department of Agriculture","Rural Utilities Service, Department of Agriculture",,Policy on Audits of RUS Awardees,other,other,GAAP,False,False,https://www.ecfr.gov/current/title-7/section-1773.4,2026-09-11,,false
7,Section,1780,1780.47,,7 C.F.R. 1780.47,"Borrower accounting methods, management reporting and audits.","Rural Utilities Service, Department of Agriculture","Rural Utilities Service, Department of Agriculture",,Water and Waste Loans and Grants,binding,binding,GAAP;generally-accepted-accounting,False,False,https://www.ecfr.gov/current/title-7/section-1780.47,2026-09-11,,false
7,Section,1942,1942.17,,7 C.F.R. 1942.17,Community facilities.,"Rural Housing Service, Rural Business-Cooperative Service, and Rural Utilities Service, Department of Agriculture","Rural Housing Service, Rural Business-Cooperative Service, and Rural Utilities Service, Department of Agriculture",Program Regulations,Associations,binding,binding,GAAP;generally-accepted-accounting,False,False,https://www.ecfr.gov/current/title-7/section-1942.17,2026-09-11,,false
7,Section,1980,1980.402,,7 C.F.R. 1980.402,Definitions.,"Rural Housing Service, Rural Business-Cooperative Service, Rural Utilities Service, and Farm Service Agency, Department of Agriculture","Rural Housing Service, Rural Business-Cooperative Service, Rural Utilities Service, and Farm Service Agency, Department of Agriculture",Program Regulations,General,binding,binding,GAAP;generally-accepted-accounting,False,False,https://www.ecfr.gov/current/title-7/section-1980.402,2026-09-11,,false
7,Section,1980,1980.402,,7 C.F.R. 1980.402,Definitions.,"Rural Housing Service, Rural Business-Cooperative Service, Rural Utilities Service, and Farm Service Agency, Department of Agriculture","Rural Housing Service, Rural Business-Cooperative Service, Rural Utilities Service, and Farm Service Agency, Department of Agriculture",Program Regulations,General,binding,binding,GAAP;generally-accepted-accounting,False,False,https://www.ecfr.gov/current/title-7/section-1980.402,2026-09-11,,false
7,Section,1980,1980.402,,7 C.F.R. 1980.402,Definitions.,"Rural Housing Service, Rural Business-Cooperative Service, Rural Utilities Service, and Farm Service Agency, Department of Agriculture","Rural Housing Service, Rural Business-Cooperative Service, Rural Utilities Service, and Farm Service Agency, Department of Agriculture",Program Regulations,General,binding,binding,GAAP;generally-accepted-accounting,False,False,https://www.ecfr.gov/current/title-7/section-1980.402,2026-09-11,,false
7,Section,1980,1980.441,,7 C.F.R. 1980.441,Borrower equity requirements.,"Rural Housing Service, Rural Business-Cooperative Service, Rural Utilities Service, and Farm Service Agency, Department of Agriculture","Rural Housing Service, Rural Business-Cooperative Service, Rural Utilities Service, and Farm Service Agency, Department of Agriculture",Program Regulations,General,binding,binding,GAAP,False,False,https://www.ecfr.gov/current/title-7/section-1980.441,2026-09-11,,false
7,Section,1980,1980.445,,7 C.F.R. 1980.445,Periodic financial statements and audits.,"Rural Housing Service, Rural Business-Cooperative Service, Rural Utilities Service, and Farm Service Agency, Department of Agriculture","Rural Housing Service, Rural Business-Cooperative Service, Rural Utilities Service, and Farm Service Agency, Department of Agriculture",Program Regulations,General,binding,binding,GAAP;generally-accepted-accounting,False,False,https://www.ecfr.gov/current/title-7/section-1980.445,2026-09-11,,false
7,Section,277,277.11,,7 C.F.R. 277.11,Financial reporting requirements.,"Food and Nutrition Service, Department of Agriculture","Food and Nutrition Service, Department of Agriculture",Supplemental Nutrition Assistance and Food Distribution Program,Payments of Certain Administrative Costs of State Agencies,binding,binding,generally-accepted-accounting,False,False,https://www.ecfr.gov/current/title-7/section-277.11,2026-09-11,,false
7,Section,277,277.11,,7 C.F.R. 277.11,Financial reporting requirements.,"Food and Nutrition Service, Department of Agriculture","Food and Nutrition Service, Department of Agriculture",Supplemental Nutrition Assistance and Food Distribution Program,Payments of Certain Administrative Costs of State Agencies,binding,binding,generally-accepted-accounting,False,False,https://www.ecfr.gov/current/title-7/section-277.11,2026-09-11,,false
7,Section,277,277.17,,7 C.F.R. 277.17,Audit requirements.,"Food and Nutrition Service, Department of Agriculture","Food and Nutrition Service, Department of Agriculture",Food Stamp and Food Distribution Program,Payments of Certain Administrative Costs of State Agencies,binding,binding,generally-accepted-accounting,False,False,https://www.ecfr.gov/current/title-7/section-277.17,2026-09-11,,false
7,Section,277,277.17,,7 C.F.R. 277.17,Audit requirements.,"Food and Nutrition Service, Department of Agriculture","Food and Nutrition Service, Department of Agriculture",Food Stamp and Food Distribution Program,Payments of Certain Administrative Costs of State Agencies,binding,binding,generally-accepted-accounting,False,False,https://www.ecfr.gov/current/title-7/section-277.17,2026-09-11,,false
7,Section,3570,3570.252,,7 C.F.R. 3570.252,Definitions and abbreviations.,"Rural Housing Service, Department of Agriculture","Rural Housing Service, Department of Agriculture",,Community Programs,other,other,Financial Accounting Standards Board;GAAP;generally-accepted-accounting,False,False,https://www.ecfr.gov/current/title-7/section-3570.252,2026-09-11,,false
7,Section,3570,3570.252,,7 C.F.R. 3570.252,Definitions and abbreviations.,"Rural Housing Service, Department of Agriculture","Rural Housing Service, Department of Agriculture",,Community Programs,other,other,Financial Accounting Standards Board;GAAP;generally-accepted-accounting,False,False,https://www.ecfr.gov/current/title-7/section-3570.252,2026-09-11,,false
7,Section,3570,3570.252,,7 C.F.R. 3570.252,Definitions and abbreviations.,"Rural Housing Service, Department of Agriculture","Rural Housing Service, Department of Agriculture",,Community Programs,other,other,Financial Accounting Standards Board;GAAP;generally-accepted-accounting,False,False,https://www.ecfr.gov/current/title-7/section-3570.252,2026-09-11,,true
7,Section,400,400.202,,7 C.F.R. 400.202,Definitions.,"Federal Crop Insurance Corporation, Department of Agriculture","Federal Crop Insurance Corporation, Department of Agriculture",,General Administrative Regulations,binding,binding,GAAP;generally-accepted-accounting,False,False,https://www.ecfr.gov/current/title-7/section-400.202,2026-09-11,,false
7,Section,4274,4274.333,,7 C.F.R. 4274.333,Loan agreements between the Agency and the intermediary.,"Rural Business-Cooperative Service and Rural Utilities Service, Department of Agriculture","Rural Business-Cooperative Service and Rural Utilities Service, Department of Agriculture",,Direct and Insured Loanmaking,binding,binding,GAAP,False,False,https://www.ecfr.gov/current/title-7/section-4274.333,2026-09-11,,false
7,Section,4279,4279.116,,7 C.F.R. 4279.116,New Markets Tax Credit program.,"Rural Business-Cooperative Service and Rural Utilities Service, Department of Agriculture","Rural Business-Cooperative Service and Rural Utilities Service, Department of Agriculture",,Guaranteed Loanmaking,binding,binding,GAAP,False,False,https://www.ecfr.gov/current/title-7/section-4279.116,2026-09-11,,false
7,Section,4279,4279.131,,7 C.F.R. 4279.131,Credit quality.,"Rural Business-Cooperative Service and Rural Utilities Service, Department of Agriculture","Rural Business-Cooperative Service and Rural Utilities Service, Department of Agriculture",,Guaranteed Loanmaking,binding,binding,GAAP,False,False,https://www.ecfr.gov/current/title-7/section-4279.131,2026-09-11,,false
7,Section,4279,4279.131,,7 C.F.R. 4279.131,Credit quality.,"Rural Business-Cooperative Service and Rural Utilities Service, Department of Agriculture","Rural Business-Cooperative Service and Rural Utilities Service, Department of Agriculture",,Guaranteed Loanmaking,binding,binding,GAAP,False,False,https://www.ecfr.gov/current/title-7/section-4279.131,2026-09-11,,false
7,Section,4279,4279.131,,7 C.F.R. 4279.131,Credit quality.,"Rural Business-Cooperative Service and Rural Utilities Service, Department of Agriculture","Rural Business-Cooperative Service and Rural Utilities Service, Department of Agriculture",,Guaranteed Loanmaking,binding,binding,GAAP,False,False,https://www.ecfr.gov/current/title-7/section-4279.131,2026-09-11,,false
7,Section,4279,4279.137,,7 C.F.R. 4279.137,Financial statements.,"Rural Business-Cooperative Service and Rural Utilities Service, Department of Agriculture","Rural Business-Cooperative Service and Rural Utilities Service, Department of Agriculture",,Guaranteed Loanmaking,binding,binding,GAAP,False,False,https://www.ecfr.gov/current/title-7/section-4279.137,2026-09-11,,false
7,Section,4279,4279.161,,7 C.F.R. 4279.161,Filing preapplications and applications.,"Rural Business-Cooperative Service, Department of Agriculture","Rural Business-Cooperative Service, Department of Agriculture",,Guaranteed Loanmaking,binding,binding,GAAP,False,False,https://www.ecfr.gov/current/title-7/section-4279.161,2026-09-11,,false
7,Section,4279,4279.181,,7 C.F.R. 4279.181,Conditions precedent to issuance of the Loan Note Guarantee.,"Rural Business-Cooperative Service and Rural Utilities Service, Department of Agriculture","Rural Business-Cooperative Service and Rural Utilities Service, Department of Agriculture",,Guaranteed Loanmaking,binding,binding,GAAP,False,False,https://www.ecfr.gov/current/title-7/section-4279.181,2026-09-11,,false
7,Section,4279,4279.190,,7 C.F.R. 4279.190,Business and Industry national COVID-19 Public Health Emergency Loans.,"Rural Business-Cooperative Service, Department of Agriculture","Rural Business-Cooperative Service, Department of Agriculture",,Guaranteed Loanmaking,permissive,permissive,GAAP,False,False,https://www.ecfr.gov/current/title-7/section-4279.190,2026-09-11,,false
7,Section,4279,4279.2,,7 C.F.R. 4279.2,Definitions and abbreviations.,"Rural Business-Cooperative Service and Rural Utilities Service, Department of Agriculture","Rural Business-Cooperative Service and Rural Utilities Service, Department of Agriculture",,Guaranteed Loanmaking,other,binding,GAAP;generally-accepted-accounting,False,False,https://www.ecfr.gov/current/title-7/section-4279.2,2026-09-11,,false
7,Section,4279,4279.2,,7 C.F.R. 4279.2,Definitions and abbreviations.,"Rural Business-Cooperative Service and Rural Utilities Service, Department of Agriculture","Rural Business-Cooperative Service and Rural Utilities Service, Department of Agriculture",,Guaranteed Loanmaking,binding,binding,GAAP;generally-accepted-accounting,False,False,https://www.ecfr.gov/current/title-7/section-4279.2,2026-09-11,,false
7,Section,4280,4280.118,,7 C.F.R. 4280.118,"Grant applications for RES and EEI projects with total project costs of $200,000 and greater.","Rural Business-Cooperative Service and Rural Utilities Service, Department of Agriculture","Rural Business-Cooperative Service and Rural Utilities Service, Department of Agriculture",,Loans and Grants,other,other,GAAP;generally-accepted-accounting,False,False,https://www.ecfr.gov/current/title-7/section-4280.118,2026-09-11,,false
7,Section,4280,4280.56,,7 C.F.R. 4280.56,Submission of reports and audits.,"Rural Business-Cooperative Service and Rural Utilities Service, Department of Agriculture","Rural Business-Cooperative Service and Rural Utilities Service, Department of Agriculture",,Loans and Grants,binding,binding,generally-accepted-accounting,False,False,https://www.ecfr.gov/current/title-7/section-4280.56,2026-09-11,,false
7,Section,5001,5001.105,,7 C.F.R. 5001.105,Eligible BI projects and requirements.,"Rural Business-Cooperative Service, Rural Housing Service, and Rural Utilities Service, Department of Agriculture","Rural Business-Cooperative Service, Rural Housing Service, and Rural Utilities Service, Department of Agriculture",,Guaranteed Loans,binding,binding,GAAP,False,False,https://www.ecfr.gov/current/title-7/section-5001.105,2026-09-11,,false
7,Section,5001,5001.9,,7 C.F.R. 5001.9,Standards for financial information.,"Rural Business-Cooperative Service, Rural Housing Service, and Rural Utilities Service, Department of Agriculture","Rural Business-Cooperative Service, Rural Housing Service, and Rural Utilities Service, Department of Agriculture",,Guaranteed Loans,other,other,GAAP;generally-accepted-accounting,False,False,https://www.ecfr.gov/current/title-7/section-5001.9,2026-09-11,,false
7,Section,63,63.301,,7 C.F.R. 63.301,Use of fund.,"Agricultural Marketing Service (Standards, Inspections, Marketing Practices), Department of Agriculture","Agricultural Marketing Service (Standards, Inspections, Marketing Practices), Department of Agriculture",Regulations and Standards Under the Agricultural Marketing Act of 1946 and the Egg Products Inspection Act,National Sheep Industry Improvement Center,other,other,generally-accepted-accounting,False,False,https://www.ecfr.gov/current/title-7/section-63.301,2026-09-11,,false
7,Section,770,770.3,,7 C.F.R. 770.3,Eligibility requirements.,"Farm Service Agency, Department of Agriculture","Farm Service Agency, Department of Agriculture",Special Programs,Indian Tribal Land Acquisition Loans,other,other,generally-accepted-accounting,False,False,https://www.ecfr.gov/current/title-7/section-770.3,2026-09-11,,false
8,Section,204,204.6,,8 C.F.R. 204.6,Petitions for employment creation immigrants.,Department of Homeland Security,Department of Homeland Security,Immigration Regulations,Immigrant Petitions,definition,definition,generally-accepted-accounting,False,False,https://www.ecfr.gov/current/title-8/section-204.6,2026-09-11,,false
8,Section,286,286.5,,8 C.F.R. 286.5,Remittance and statement procedures.,Department of Homeland Security,Department of Homeland Security,Immigration Regulations,Immigration User Fee,binding,binding,generally-accepted-accounting,False,False,https://www.ecfr.gov/current/title-8/section-286.5,2026-09-11,,false
